archive,datasetid,run_id,simulation_date,simulation_time,simulation_datetime,tritium_burning_rate,burn_fraction,plant_doubling_time_days,minimum_startup_inventory_g,tritium_in_isotope_separation
IFE/rhino1.aca,801,14-21-14,2026-04-29,14:21:14,2026-04-29T14:21:14,6.79,0.076,56.111000000000004,26.557645703862068,12.411526290446842
IFE/rhino1.aca,802,14-22-30,2026-04-29,14:22:30,2026-04-29T14:22:30,6.79,0.076,56.111000000000004,26.557645703862068,12.411526290446842
IFE/rhino1.aca,803,14-23-03,2026-04-29,14:23:03,2026-04-29T14:23:03,6.79,0.119,13.1148,14.297187246797318,8.662618758962584
IFE/rhino1.aca,804,14-23-33,2026-04-29,14:23:33,2026-04-29T14:23:33,6.79,0.16199999999999998,7.848800000000001,9.686504061485994,6.903872015798264
IFE/rhino1.aca,805,14-24-04,2026-04-29,14:24:04,2026-04-29T14:24:04,6.79,0.20500000000000002,5.7872,7.2397914799589556,5.882940979521594
IFE/rhino1.aca,806,14-24-37,2026-04-29,14:24:37,2026-04-29T14:24:37,6.79,0.248,4.6835,5.730099210685983,5.216042480018268
IFE/rhino1.aca,807,14-25-07,2026-04-29,14:25:07,2026-04-29T14:25:07,6.79,0.291,3.9929,4.710736063020136,4.746234258718697
IFE/rhino1.aca,808,14-25-38,2026-04-29,14:25:38,2026-04-29T14:25:38,8.07,0.076,56.111000000000004,31.56409437853001,14.751254368763444
IFE/rhino1.aca,809,14-26-10,2026-04-29,14:26:10,2026-04-29T14:26:10,8.07,0.119,13.1148,16.992386020856337,10.295630837235004
IFE/rhino1.aca,810,14-26-40,2026-04-29,14:26:40,2026-04-29T14:26:40,8.07,0.16199999999999998,7.848800000000001,11.512531336700556,8.205338316270703
IFE/rhino1.aca,811,14-27-11,2026-04-29,14:27:11,2026-04-29T14:27:11,8.07,0.20500000000000002,5.7872,8.604582804606547,6.991948999224568
IFE/rhino1.aca,812,14-27-44,2026-04-29,14:27:44,2026-04-29T14:27:44,8.07,0.248,4.6835,6.810294643628788,6.199331784056436
IFE/rhino1.aca,813,14-28-15,2026-04-29,14:28:15,2026-04-29T14:28:15,8.07,0.291,3.9929,5.598768781821076,5.640958831790204
IFE/rhino1.aca,814,14-28-47,2026-04-29,14:28:47,2026-04-29T14:28:47,9.350000000000001,0.076,56.111000000000004,36.57054305319154,17.090982447079057
IFE/rhino1.aca,815,14-29-17,2026-04-29,14:29:17,2026-04-29T14:29:17,9.350000000000001,0.119,13.1148,19.68758479492351,11.928642915508455
IFE/rhino1.aca,816,14-29-47,2026-04-29,14:29:47,2026-04-29T14:29:47,9.350000000000001,0.16199999999999998,7.848800000000001,13.338558611914948,9.506804616745697
IFE/rhino1.aca,817,14-30-21,2026-04-29,14:30:21,2026-04-29T14:30:21,9.350000000000001,0.20500000000000002,5.7872,9.969374129251685,8.100957018927307
IFE/rhino1.aca,818,14-30-53,2026-04-29,14:30:53,2026-04-29T14:30:53,9.350000000000001,0.248,4.6835,7.890490076570245,7.182621088095691
IFE/rhino1.aca,819,14-31-25,2026-04-29,14:31:25,2026-04-29T14:31:25,9.350000000000001,0.291,3.9929,6.486801500624438,6.535683404862846
IFE/rhino1.aca,820,14-31-57,2026-04-29,14:31:57,2026-04-29T14:31:57,10.63,0.076,56.111000000000004,41.576991727857376,19.43071052539686
IFE/rhino1.aca,821,14-32-28,2026-04-29,14:32:28,2026-04-29T14:32:28,10.63,0.119,13.1148,22.382783568987882,13.561654993781453
IFE/rhino1.aca,822,14-33-01,2026-04-29,14:33:01,2026-04-29T14:33:01,10.63,0.16199999999999998,7.848800000000001,15.164585887130944,10.808270917220668
IFE/rhino1.aca,823,14-33-31,2026-04-29,14:33:31,2026-04-29T14:33:31,10.63,0.20500000000000002,5.7872,11.334165453899175,9.20996503863137
IFE/rhino1.aca,824,14-34-01,2026-04-29,14:34:01,2026-04-29T14:34:01,10.63,0.248,4.6835,8.970685509510712,8.165910392133569
IFE/rhino1.aca,825,14-34-31,2026-04-29,14:34:31,2026-04-29T14:34:31,10.63,0.291,3.9929,7.374834219426691,7.430407977935451
IFE/rhino1.aca,826,14-35-03,2026-04-29,14:35:03,2026-04-29T14:35:03,11.91,0.076,56.111000000000004,46.58344040251018,21.770438603714496
IFE/rhino1.aca,827,14-35-33,2026-04-29,14:35:33,2026-04-29T14:35:33,11.91,0.119,13.1148,25.077982343060103,15.194667072054877
IFE/rhino1.aca,828,14-36-02,2026-04-29,14:36:02,2026-04-29T14:36:02,11.91,0.16199999999999998,7.848800000000001,16.990613162345745,12.109737217695606
IFE/rhino1.aca,829,14-36-34,2026-04-29,14:36:34,2026-04-29T14:36:34,11.91,0.20500000000000002,5.7872,12.698956778545334,10.318973058335498
IFE/rhino1.aca,830,14-37-05,2026-04-29,14:37:05,2026-04-29T14:37:05,11.91,0.248,4.6835,10.050880942455137,9.149199696172792
IFE/rhino1.aca,831,14-37-35,2026-04-29,14:37:35,2026-04-29T14:37:35,11.91,0.291,3.9929,8.262866938227308,8.32513255100697
IFE/rhino1.aca,832,14-38-06,2026-04-29,14:38:06,2026-04-29T14:38:06,13.190000000000001,0.076,56.111000000000004,51.58988907717253,24.11016668203122
IFE/rhino1.aca,833,14-38-38,2026-04-29,14:38:38,2026-04-29T14:38:38,13.190000000000001,0.119,13.1148,27.773181117118884,16.827679150326198
IFE/rhino1.aca,834,14-39-08,2026-04-29,14:39:08,2026-04-29T14:39:08,13.190000000000001,0.16199999999999998,7.848800000000001,18.816640437559453,13.411203518170552
IFE/rhino1.aca,835,14-39-40,2026-04-29,14:39:40,2026-04-29T14:39:40,13.190000000000001,0.20500000000000002,5.7872,14.063748103191324,11.427981078039608
IFE/rhino1.aca,836,14-40-11,2026-04-29,14:40:11,2026-04-29T14:40:11,13.190000000000001,0.248,4.6835,11.131076375397924,10.132489000212068
IFE/rhino1.aca,837,14-40-41,2026-04-29,14:40:41,2026-04-29T14:40:41,13.190000000000001,0.291,3.9929,9.150899657030617,9.219857124079322
IFE/rhino1.aca,838,14-41-12,2026-04-29,14:41:12,2026-04-29T14:41:12,14.470000000000002,0.076,56.111000000000004,56.59633775184375,26.44989476034906
IFE/rhino1.aca,839,14-41-44,2026-04-29,14:41:44,2026-04-29T14:41:44,14.470000000000002,0.119,13.1148,30.4683798911851,18.46069122859975
IFE/rhino1.aca,840,14-42-14,2026-04-29,14:42:14,2026-04-29T14:42:14,14.470000000000002,0.16199999999999998,7.848800000000001,20.64266771277132,14.712669818644994
IFE/rhino1.aca,841,14-42-45,2026-04-29,14:42:45,2026-04-29T14:42:45,14.470000000000002,0.20500000000000002,5.7872,15.428539427834858,12.53698909774372
IFE/rhino1.aca,842,14-43-15,2026-04-29,14:43:15,2026-04-29T14:43:15,14.470000000000002,0.248,4.6835,12.21127180833805,11.115778304251354
IFE/rhino1.aca,843,14-43-45,2026-04-29,14:43:45,2026-04-29T14:43:45,14.470000000000002,0.291,3.9929,10.038932375831985,10.114581697151907
IFE/rhino1.aca,844,14-44-18,2026-04-29,14:44:18,2026-04-29T14:44:18,15.75,0.076,56.111000000000004,61.60278642648973,28.789622838664414
IFE/rhino1.aca,845,14-44-52,2026-04-29,14:44:52,2026-04-29T14:44:52,15.75,0.119,13.1148,33.163578665239996,20.09370330687103
IFE/rhino1.aca,846,14-45-22,2026-04-29,14:45:22,2026-04-29T14:45:22,15.75,0.16199999999999998,7.848800000000001,22.468694987983326,16.014136119115424
IFE/rhino1.aca,847,14-45-52,2026-04-29,14:45:52,2026-04-29T14:45:52,15.75,0.20500000000000002,5.7872,16.793330752485552,13.645997117445532
IFE/rhino1.aca,848,14-46-24,2026-04-29,14:46:24,2026-04-29T14:46:24,15.75,0.248,4.6835,13.291467241282271,12.099067608288415
IFE/rhino1.aca,849,14-46-54,2026-04-29,14:46:54,2026-04-29T14:46:54,15.75,0.291,3.9929,10.926965094634408,11.00930627022233
IFE/rhino1.aca,850,14-47-26,2026-04-29,14:47:26,2026-04-29T14:47:26,17.03,0.076,56.111000000000004,66.60923510115371,31.12935091698227
IFE/rhino1.aca,851,14-47-57,2026-04-29,14:47:57,2026-04-29T14:47:57,17.03,0.119,13.1148,35.85877743931801,21.726715385144466
IFE/rhino1.aca,852,14-48-30,2026-04-29,14:48:30,2026-04-29T14:48:30,17.03,0.16199999999999998,7.848800000000001,24.29472226319997,17.315602419590427
IFE/rhino1.aca,853,14-49-03,2026-04-29,14:49:03,2026-04-29T14:49:03,17.03,0.20500000000000002,5.7872,18.158122077132635,14.755005137149663
IFE/rhino1.aca,854,14-49-34,2026-04-29,14:49:34,2026-04-29T14:49:34,17.03,0.248,4.6835,14.371662674226764,13.082356912327686
IFE/rhino1.aca,855,14-50-06,2026-04-29,14:50:06,2026-04-29T14:50:06,17.03,0.291,3.9929,11.814997813435877,11.904030843294981
IFE/rhino1.aca,856,14-50-37,2026-04-29,14:50:37,2026-04-29T14:50:37,18.310000000000002,0.076,56.111000000000004,71.6156837758203,33.46907899529566
IFE/rhino1.aca,857,14-51-08,2026-04-29,14:51:08,2026-04-29T14:51:08,18.310000000000002,0.119,13.1148,38.553976213378704,23.359727463417947
IFE/rhino1.aca,858,14-51-39,2026-04-29,14:51:39,2026-04-29T14:51:39,18.310000000000002,0.16199999999999998,7.848800000000001,26.120749538414703,18.61706872006542
IFE/rhino1.aca,859,14-52-09,2026-04-29,14:52:09,2026-04-29T14:52:09,18.310000000000002,0.20500000000000002,5.7872,19.522913401781146,15.86401315685323
IFE/rhino1.aca,860,14-52-40,2026-04-29,14:52:40,2026-04-29T14:52:40,18.310000000000002,0.248,4.6835,15.45185810716464,14.06564621636691
IFE/rhino1.aca,861,14-53-12,2026-04-29,14:53:12,2026-04-29T14:53:12,18.310000000000002,0.291,3.9929,12.703030532237722,12.79875541636762
IFE/rhino1.aca,862,14-53-43,2026-04-29,14:53:43,2026-04-29T14:53:43,19.590000000000003,0.076,56.111000000000004,76.62213245048387,35.808807073613494
IFE/rhino1.aca,863,14-54-15,2026-04-29,14:54:15,2026-04-29T14:54:15,19.590000000000003,0.119,13.1148,41.24917498743393,24.9927395416915
IFE/rhino1.aca,864,14-54-46,2026-04-29,14:54:46,2026-04-29T14:54:46,19.590000000000003,0.16199999999999998,7.848800000000001,27.946776813629164,19.918535020540418
IFE/rhino1.aca,865,14-55-18,2026-04-29,14:55:18,2026-04-29T14:55:18,19.590000000000003,0.20500000000000002,5.7872,20.887704726424204,16.973021176555143
IFE/rhino1.aca,866,14-55-49,2026-04-29,14:55:49,2026-04-29T14:55:49,19.590000000000003,0.248,4.6835,16.53205354010995,15.048935520406163
IFE/rhino1.aca,867,14-56-20,2026-04-29,14:56:20,2026-04-29T14:56:20,19.590000000000003,0.291,3.9929,13.59106325104192,13.693479989440249
IFE/rhino1.aca,868,14-56-51,2026-04-29,14:56:51,2026-04-29T14:56:51,20.87,0.076,56.111000000000004,81.62858112514623,38.148535151931256
IFE/rhino1.aca,869,14-57-21,2026-04-29,14:57:21,2026-04-29T14:57:21,20.87,0.119,13.1148,43.944373761502405,26.625751619963935
IFE/rhino1.aca,870,14-57-54,2026-04-29,14:57:54,2026-04-29T14:57:54,20.87,0.16199999999999998,7.848800000000001,29.772804088842395,21.220001321015395
IFE/rhino1.aca,871,14-58-24,2026-04-29,14:58:24,2026-04-29T14:58:24,20.87,0.20500000000000002,5.7872,22.25249605106876,18.082029196259136
IFE/rhino1.aca,872,14-58-55,2026-04-29,14:58:55,2026-04-29T14:58:55,20.87,0.248,4.6835,17.612248973046256,16.032224824443226
IFE/rhino1.aca,873,14-59-26,2026-04-29,14:59:26,2026-04-29T14:59:26,20.87,0.291,3.9929,14.4790959698425,14.588204562512827
IFE/rhino1.aca,874,14-59-57,2026-04-29,14:59:57,2026-04-29T14:59:57,22.150000000000002,0.076,56.111000000000004,86.6350297997783,40.48826323024885
IFE/rhino1.aca,875,15-00-31,2026-04-29,15:00:31,2026-04-29T15:00:31,22.150000000000002,0.119,13.1148,46.63957253556323,28.258763698237487
IFE/rhino1.aca,876,15-01-02,2026-04-29,15:01:02,2026-04-29T15:01:02,22.150000000000002,0.16199999999999998,7.848800000000001,31.59883136405474,22.521467621490363
IFE/rhino1.aca,877,15-01-34,2026-04-29,15:01:34,2026-04-29T15:01:34,22.150000000000002,0.20500000000000002,5.7872,23.617287375717,19.191037215963263
IFE/rhino1.aca,878,15-02-06,2026-04-29,15:02:06,2026-04-29T15:02:06,22.150000000000002,0.248,4.6835,18.692444405993342,17.01551412848196
IFE/rhino1.aca,879,15-02-39,2026-04-29,15:02:39,2026-04-29T15:02:39,22.150000000000002,0.291,3.9929,15.367128688643835,15.482929135585476
IFE/rhino1.aca,880,15-03-10,2026-04-29,15:03:10,2026-04-29T15:03:10,23.430000000000003,0.076,56.111000000000004,91.64147847444092,42.82799130856655
IFE/rhino10.aca,1,21-10-46,2026-04-29,21:10:46,2026-04-29T21:10:46,159.1100000000001,0.291,3.9929,110.38662960045585,111.2184584543061
IFE/rhino10.aca,2,21-11-23,2026-04-29,21:11:23,2026-04-29T21:11:23,160.3900000000001,0.076,56.111000000000004,627.331486663031,293.1788956884594
IFE/rhino10.aca,3,21-12-00,2026-04-29,21:12:00,2026-04-29T21:12:00,160.3900000000001,0.119,13.1148,337.7210401345903,204.62406815170698
IFE/rhino10.aca,4,21-12-37,2026-04-29,21:12:37,2026-04-29T21:12:37,160.3900000000001,0.16199999999999998,7.848800000000001,228.8097770871882,163.0798280727165
IFE/rhino10.aca,5,21-13-18,2026-04-29,21:13:18,2026-04-29T21:13:18,160.3900000000001,0.20500000000000002,5.7872,171.01475043754,138.9639033439356
IFE/rhino10.aca,6,21-14-00,2026-04-29,21:14:00,2026-04-29T21:14:00,160.3900000000001,0.248,4.6835,135.35355116374757,123.21075896467448
IFE/rhino10.aca,7,21-14-38,2026-04-29,21:14:38,2026-04-29T21:14:38,160.3900000000001,0.291,3.9929,111.27466231926428,112.11318302737878
IFE/rhino10.aca,8,21-15-15,2026-04-29,21:15:15,2026-04-29T21:15:15,161.6700000000001,0.076,56.111000000000004,632.3379353376993,295.5186237667772
IFE/rhino10.aca,9,21-15-52,2026-04-29,21:15:52,2026-04-29T21:15:52,161.6700000000001,0.119,13.1148,340.41623890866833,206.25708022998055
IFE/rhino10.aca,10,21-16-29,2026-04-29,21:16:29,2026-04-29T21:16:29,161.6700000000001,0.16199999999999998,7.848800000000001,230.63580436243245,164.38129437319145
IFE/rhino10.aca,11,21-17-05,2026-04-29,21:17:05,2026-04-29T21:17:05,161.6700000000001,0.20500000000000002,5.7872,172.37954176217937,140.07291136363972
IFE/rhino10.aca,12,21-17-41,2026-04-29,21:17:41,2026-04-29T21:17:41,161.6700000000001,0.248,4.6835,136.43374659668552,124.19404826871377
IFE/rhino10.aca,13,21-18-16,2026-04-29,21:18:16,2026-04-29T21:18:16,161.6700000000001,0.291,3.9929,112.16269503807925,113.00790760045139
IFE/rhino10.aca,14,21-18-51,2026-04-29,21:18:51,2026-04-29T21:18:51,162.9500000000001,0.076,56.111000000000004,637.3443840123437,297.85835184509506
IFE/rhino10.aca,15,21-19-27,2026-04-29,21:19:27,2026-04-29T21:19:27,162.9500000000001,0.119,13.1148,343.1114376827136,207.89009230824524
IFE/rhino10.aca,16,21-20-02,2026-04-29,21:20:02,2026-04-29T21:20:02,162.9500000000001,0.16199999999999998,7.848800000000001,232.46183163766145,165.68276067366645
IFE/rhino10.aca,17,21-20-39,2026-04-29,21:20:39,2026-04-29T21:20:39,162.9500000000001,0.20500000000000002,5.7872,173.7443330868329,141.18191938334382
IFE/rhino10.aca,18,21-21-16,2026-04-29,21:21:16,2026-04-29T21:21:16,162.9500000000001,0.248,4.6835,137.5139420296502,125.17733757275306
IFE/rhino10.aca,19,21-21-53,2026-04-29,21:21:53,2026-04-29T21:21:53,162.9500000000001,0.291,3.9929,113.05072775686149,113.90263217352404
IFE/rhino10.aca,20,21-22-29,2026-04-29,21:22:29,2026-04-29T21:22:29,164.2300000000001,0.076,56.111000000000004,642.3508326872237,300.19807992341293
IFE/rhino10.aca,21,21-23-05,2026-04-29,21:23:05,2026-04-29T21:23:05,164.2300000000001,0.119,13.1148,345.80663645665845,209.52310438651875
IFE/rhino10.aca,22,21-23-43,2026-04-29,21:23:43,2026-04-29T21:23:43,164.2300000000001,0.16199999999999998,7.848800000000001,234.28785891279222,166.98422697414148
IFE/rhino10.aca,23,21-24-20,2026-04-29,21:24:20,2026-04-29T21:24:20,164.2300000000001,0.20500000000000002,5.7872,175.10912441149793,142.29092740304793
IFE/rhino10.aca,24,21-24-58,2026-04-29,21:24:58,2026-04-29T21:24:58,164.2300000000001,0.248,4.6835,138.59413746257124,126.16062687679232
IFE/rhino10.aca,25,21-25-35,2026-04-29,21:25:35,2026-04-29T21:25:35,164.2300000000001,0.291,3.9929,113.93876047568138,114.79735674659669
IFE/rhino10.aca,26,21-26-11,2026-04-29,21:26:11,2026-04-29T21:26:11,165.5100000000001,0.076,56.111000000000004,647.3572813619073,302.5378080017308
IFE/rhino10.aca,27,21-26-46,2026-04-29,21:26:46,2026-04-29T21:26:46,165.5100000000001,0.119,13.1148,348.5018352308587,211.15611646479235
IFE/rhino10.aca,28,21-27-23,2026-04-29,21:27:23,2026-04-29T21:27:23,165.5100000000001,0.16199999999999998,7.848800000000001,236.1138861880223,168.28569327461645
IFE/rhino10.aca,29,21-27-59,2026-04-29,21:27:59,2026-04-29T21:27:59,165.5100000000001,0.20500000000000002,5.7872,176.47391573609858,143.3999354227521
IFE/rhino10.aca,30,21-28-35,2026-04-29,21:28:35,2026-04-29T21:28:35,165.5100000000001,0.248,4.6835,139.67433289553483,127.14391618083161
IFE/rhino10.aca,31,21-29-11,2026-04-29,21:29:11,2026-04-29T21:29:11,165.5100000000001,0.291,3.9929,114.82679319447234,115.69208131966934
IFE/rhino10.aca,32,21-29-47,2026-04-29,21:29:47,2026-04-29T21:29:47,166.7900000000001,0.076,56.111000000000004,652.3637300362876,304.8775360800486
IFE/rhino10.aca,33,21-30-23,2026-04-29,21:30:23,2026-04-29T21:30:23,166.7900000000001,0.119,13.1148,351.1970340048374,212.78912854306589
IFE/rhino10.aca,34,21-31-00,2026-04-29,21:31:00,2026-04-29T21:31:00,166.7900000000001,0.16199999999999998,7.848800000000001,237.93991346330367,169.5871595750915
IFE/rhino10.aca,35,21-31-36,2026-04-29,21:31:36,2026-04-29T21:31:36,166.7900000000001,0.20500000000000002,5.7872,177.83870706075976,144.50894344245623
IFE/rhino10.aca,36,21-32-12,2026-04-29,21:32:12,2026-04-29T21:32:12,166.7900000000001,0.248,4.6835,140.75452832848424,128.12720548485316
IFE/rhino10.aca,37,21-32-47,2026-04-29,21:32:47,2026-04-29T21:32:47,166.7900000000001,0.291,3.9929,115.7148259132775,116.58680589274148
IFE/rhino10.aca,38,21-33-23,2026-04-29,21:33:23,2026-04-29T21:33:23,168.0700000000001,0.076,56.111000000000004,657.3701787110891,307.21726415836633
IFE/rhino10.aca,39,21-33-58,2026-04-29,21:33:58,2026-04-29T21:33:58,168.0700000000001,0.119,13.1148,353.8922327789329,214.4221406213394
IFE/rhino10.aca,40,21-34-35,2026-04-29,21:34:35,2026-04-29T21:34:35,168.0700000000001,0.16199999999999998,7.848800000000001,239.76594073849773,170.88862587556645
IFE/rhino10.aca,41,21-35-11,2026-04-29,21:35:11,2026-04-29T21:35:11,168.0700000000001,0.20500000000000002,5.7872,179.2034983854346,145.61795146216036
IFE/rhino10.aca,42,21-35-46,2026-04-29,21:35:46,2026-04-29T21:35:46,168.0700000000001,0.248,4.6835,141.834723761408,129.11049478889242
IFE/rhino10.aca,43,21-36-22,2026-04-29,21:36:22,2026-04-29T21:36:22,168.0700000000001,0.291,3.9929,116.60285863209083,117.4815304658141
IFE/rhino10.aca,44,21-36-58,2026-04-29,21:36:58,2026-04-29T21:36:58,169.3500000000001,0.076,56.111000000000004,662.3766273859386,309.5569922366843
IFE/rhino10.aca,45,21-37-33,2026-04-29,21:37:33,2026-04-29T21:37:33,169.3500000000001,0.119,13.1148,356.5874315529683,216.05515269961296
IFE/rhino10.aca,46,21-38-10,2026-04-29,21:38:10,2026-04-29T21:38:10,169.3500000000001,0.16199999999999998,7.848800000000001,241.59196801369725,172.19009217604125
IFE/rhino10.aca,47,21-38-47,2026-04-29,21:38:47,2026-04-29T21:38:47,169.3500000000001,0.20500000000000002,5.7872,180.56828971006797,146.72695948186453
IFE/rhino10.aca,48,21-39-23,2026-04-29,21:39:23,2026-04-29T21:39:23,169.3500000000001,0.248,4.6835,142.91491919434594,130.0937840929318
IFE/rhino10.aca,49,21-40-00,2026-04-29,21:40:00,2026-04-29T21:40:00,169.3500000000001,0.291,3.9929,117.49089135087088,118.37625503888682
IFE/rhino10.aca,50,21-40-35,2026-04-29,21:40:35,2026-04-29T21:40:35,170.6300000000001,0.076,56.111000000000004,667.3830760602228,311.8967203150022
IFE/rhino10.aca,51,21-41-12,2026-04-29,21:41:12,2026-04-29T21:41:12,170.6300000000001,0.119,13.1148,359.2826303271402,217.68816477788653
IFE/rhino10.aca,52,21-41-49,2026-04-29,21:41:49,2026-04-29T21:41:49,170.6300000000001,0.16199999999999998,7.848800000000001,243.41799528890223,173.49155847651622
IFE/rhino10.aca,53,21-42-25,2026-04-29,21:42:25,2026-04-29T21:42:25,170.6300000000001,0.20500000000000002,5.7872,181.93308103468934,147.83596750156863
IFE/rhino10.aca,54,21-43-02,2026-04-29,21:43:02,2026-04-29T21:43:02,170.6300000000001,0.248,4.6835,143.9951146273019,131.0770733969666
IFE/rhino10.aca,55,21-43-38,2026-04-29,21:43:38,2026-04-29T21:43:38,170.6300000000001,0.291,3.9929,118.37892406968203,119.27097961195945
IFE/rhino10.aca,56,21-44-13,2026-04-29,21:44:13,2026-04-29T21:44:13,171.9100000000001,0.076,56.111000000000004,672.3895247351247,314.23644839331996
IFE/rhino10.aca,57,21-44-48,2026-04-29,21:44:48,2026-04-29T21:44:48,171.9100000000001,0.119,13.1148,361.97782910113744,219.3211768561601
IFE/rhino10.aca,58,21-45-25,2026-04-29,21:45:25,2026-04-29T21:45:25,171.9100000000001,0.16199999999999998,7.848800000000001,245.2440225640592,174.79302477699113
IFE/rhino10.aca,59,21-46-01,2026-04-29,21:46:01,2026-04-29T21:46:01,171.9100000000001,0.20500000000000002,5.7872,183.29787235933145,148.9449755212727
IFE/rhino10.aca,60,21-46-36,2026-04-29,21:46:36,2026-04-29T21:46:36,171.9100000000001,0.248,4.6835,145.07531006024692,132.0603627010059
IFE/rhino10.aca,61,21-47-13,2026-04-29,21:47:13,2026-04-29T21:47:13,171.9100000000001,0.291,3.9929,119.26695678847682,120.16570418503207
IFE/rhino10.aca,62,21-47-49,2026-04-29,21:47:49,2026-04-29T21:47:49,173.1900000000001,0.076,56.111000000000004,677.3959734098323,316.5761764716377
IFE/rhino10.aca,63,21-48-26,2026-04-29,21:48:26,2026-04-29T21:48:26,173.1900000000001,0.119,13.1148,364.67302787520896,220.95418893443363
IFE/rhino10.aca,64,21-49-02,2026-04-29,21:49:02,2026-04-29T21:49:02,173.1900000000001,0.16199999999999998,7.848800000000001,247.07004983931657,176.09449107746613
IFE/rhino10.aca,65,21-49-37,2026-04-29,21:49:37,2026-04-29T21:49:37,173.1900000000001,0.20500000000000002,5.7872,184.6626636840292,150.05398354097684
IFE/rhino10.aca,66,21-50-14,2026-04-29,21:50:14,2026-04-29T21:50:14,173.1900000000001,0.248,4.6835,146.1555054931827,133.04365200504515
IFE/rhino10.aca,67,21-50-51,2026-04-29,21:50:51,2026-04-29T21:50:51,173.1900000000001,0.291,3.9929,120.15498950727597,121.06042875810468
IFE/rhino10.aca,68,21-51-28,2026-04-29,21:51:28,2026-04-29T21:51:28,174.4700000000001,0.076,56.111000000000004,682.402422084457,318.91590454995367
IFE/rhino10.aca,69,21-52-06,2026-04-29,21:52:06,2026-04-29T21:52:06,174.4700000000001,0.119,13.1148,367.3682266491669,222.58720101270723
IFE/rhino10.aca,70,21-52-43,2026-04-29,21:52:43,2026-04-29T21:52:43,174.4700000000001,0.16199999999999998,7.848800000000001,248.89607711458046,177.39595737794116
IFE/rhino10.aca,71,21-53-20,2026-04-29,21:53:20,2026-04-29T21:53:20,174.4700000000001,0.20500000000000002,5.7872,186.0274550086724,151.162991560681
IFE/rhino10.aca,72,21-53-56,2026-04-29,21:53:56,2026-04-29T21:53:56,174.4700000000001,0.248,4.6835,147.23570092611027,134.02694130908444
IFE/rhino10.aca,73,21-54-33,2026-04-29,21:54:33,2026-04-29T21:54:33,174.4700000000001,0.291,3.9929,121.04302222611277,121.95515333117737
IFE/rhino10.aca,74,21-55-09,2026-04-29,21:55:09,2026-04-29T21:55:09,175.7500000000001,0.076,56.111000000000004,687.4088707592018,321.2556326282714
IFE/rhino10.aca,75,21-55-44,2026-04-29,21:55:44,2026-04-29T21:55:44,175.7500000000001,0.119,13.1148,370.06342542333334,224.2202130909808
IFE/rhino10.aca,76,21-56-22,2026-04-29,21:56:22,2026-04-29T21:56:22,175.7500000000001,0.16199999999999998,7.848800000000001,250.72210438977018,178.69742367841621
IFE/rhino10.aca,77,21-56-57,2026-04-29,21:56:57,2026-04-29T21:56:57,175.7500000000001,0.20500000000000002,5.7872,187.3922463332714,152.27199958038517
IFE/rhino10.aca,78,21-57-33,2026-04-29,21:57:33,2026-04-29T21:57:33,175.7500000000001,0.248,4.6835,148.31589635904712,135.01023061312378
IFE/rhino10.aca,79,21-58-10,2026-04-29,21:58:10,2026-04-29T21:58:10,175.7500000000001,0.291,3.9929,121.93105494488191,122.84987790425004
IFE/rhino10.aca,80,21-58-47,2026-04-29,21:58:47,2026-04-29T21:58:47,177.03000000000011,0.076,56.111000000000004,692.4153194337545,323.5953607065893
IFE/rhino11.aca,81,21-59-24,2026-04-29,21:59:24,2026-04-29T21:59:24,177.03000000000011,0.119,13.1148,372.7586241973655,225.85322516925424
IFE/rhino11.aca,82,22-00-01,2026-04-29,22:00:01,2026-04-29T22:00:01,177.03000000000011,0.16199999999999998,7.848800000000001,252.54813166498062,179.99888997889116
IFE/rhino11.aca,83,22-00-38,2026-04-29,22:00:38,2026-04-29T22:00:38,177.03000000000011,0.20500000000000002,5.7872,188.7570376579315,153.38100760008925
IFE/rhino11.aca,84,22-01-16,2026-04-29,22:01:16,2026-04-29T22:01:16,177.03000000000011,0.248,4.6835,149.3960917919916,135.99351991716304
IFE/rhino11.aca,85,22-01-54,2026-04-29,22:01:54,2026-04-29T22:01:54,177.03000000000011,0.291,3.9929,122.8190876636958,123.74460247732264
IFE/rhino11.aca,86,22-02-31,2026-04-29,22:02:31,2026-04-29T22:02:31,178.31000000000012,0.076,56.111000000000004,697.4217681085756,325.93508878490707
IFE/rhino11.aca,87,22-03-08,2026-04-29,22:03:08,2026-04-29T22:03:08,178.31000000000012,0.119,13.1148,375.45382297144243,227.48623724752787
IFE/rhino11.aca,88,22-03-45,2026-04-29,22:03:45,2026-04-29T22:03:45,178.31000000000012,0.16199999999999998,7.848800000000001,254.3741589402107,181.30035627936616
IFE/rhino11.aca,89,22-04-23,2026-04-29,22:04:23,2026-04-29T22:04:23,178.31000000000012,0.20500000000000002,5.7872,190.12182898258342,154.4900156197934
IFE/rhino11.aca,90,22-05-00,2026-04-29,22:05:00,2026-04-29T22:05:00,178.31000000000012,0.248,4.6835,150.47628722493064,136.9768092212023
IFE/rhino11.aca,91,22-05-36,2026-04-29,22:05:36,2026-04-29T22:05:36,178.31000000000012,0.291,3.9929,123.70712038249603,124.63932705039502
IFE/rhino11.aca,92,22-06-15,2026-04-29,22:06:15,2026-04-29T22:06:15,179.59000000000012,0.076,56.111000000000004,702.4282167829449,328.27481686322506
IFE/rhino11.aca,93,22-06-52,2026-04-29,22:06:52,2026-04-29T22:06:52,179.59000000000012,0.119,13.1148,378.1490217455401,229.11924932580143
IFE/rhino11.aca,94,22-07-29,2026-04-29,22:07:29,2026-04-29T22:07:29,179.59000000000012,0.16199999999999998,7.848800000000001,256.2001862154135,182.60182257984118
IFE/rhino11.aca,95,22-08-06,2026-04-29,22:08:06,2026-04-29T22:08:06,179.59000000000012,0.20500000000000002,5.7872,191.48662030723864,155.59902363949755
IFE/rhino11.aca,96,22-08-43,2026-04-29,22:08:43,2026-04-29T22:08:43,179.59000000000012,0.248,4.6835,151.5564826578735,137.96009852524162
IFE/rhino11.aca,97,22-09-19,2026-04-29,22:09:19,2026-04-29T22:09:19,179.59000000000012,0.291,3.9929,124.59515310128754,125.53405162346766
IFE/rhino11.aca,98,22-09-57,2026-04-29,22:09:57,2026-04-29T22:09:57,180.87000000000012,0.076,56.111000000000004,707.4346654576854,330.6145449415428
IFE/rhino11.aca,99,22-10-34,2026-04-29,22:10:34,2026-04-29T22:10:34,180.87000000000012,0.119,13.1148,380.8442205196683,230.752261404075
IFE/rhino11.aca,100,22-11-11,2026-04-29,22:11:11,2026-04-29T22:11:11,180.87000000000012,0.16199999999999998,7.848800000000001,258.02621349057915,183.90328888031618
IFE/rhino11.aca,101,22-11-48,2026-04-29,22:11:48,2026-04-29T22:11:48,180.87000000000012,0.20500000000000002,5.7872,192.85141163187308,156.7080316592017
IFE/rhino11.aca,102,22-12-26,2026-04-29,22:12:26,2026-04-29T22:12:26,180.87000000000012,0.248,4.6835,152.63667809081363,138.94338782928094
IFE/rhino11.aca,103,22-13-05,2026-04-29,22:13:05,2026-04-29T22:13:05,180.87000000000012,0.291,3.9929,125.4831858201047,126.42877619654035
IFE/rhino11.aca,104,22-13-48,2026-04-29,22:13:48,2026-04-29T22:13:48,182.15000000000012,0.076,56.111000000000004,712.441114132393,332.9542730198607
IFE/rhino11.aca,105,22-14-26,2026-04-29,22:14:26,2026-04-29T22:14:26,182.15000000000012,0.119,13.1148,383.539419293587,232.3852734823485
IFE/rhino11.aca,106,22-15-03,2026-04-29,22:15:03,2026-04-29T22:15:03,182.15000000000012,0.16199999999999998,7.848800000000001,259.85224076574707,185.20475518079118
IFE/rhino11.aca,107,22-15-41,2026-04-29,22:15:41,2026-04-29T22:15:41,182.15000000000012,0.20500000000000002,5.7872,194.21620295650482,157.81703967890576
IFE/rhino11.aca,108,22-16-19,2026-04-29,22:16:19,2026-04-29T22:16:19,182.15000000000012,0.248,4.6835,153.71687352377177,139.92667713332017
IFE/rhino11.aca,109,22-16-58,2026-04-29,22:16:58,2026-04-29T22:16:58,182.15000000000012,0.291,3.9929,126.37121853888475,127.32350076961296
IFE/rhino11.aca,110,22-17-35,2026-04-29,22:17:35,2026-04-29T22:17:35,183.43000000000012,0.076,56.111000000000004,717.4475628070002,335.29400109817846
IFE/rhino11.aca,111,22-18-12,2026-04-29,22:18:12,2026-04-29T22:18:12,183.43000000000012,0.119,13.1148,386.23461806766716,234.01828556061997
IFE/rhino11.aca,112,22-18-49,2026-04-29,22:18:49,2026-04-29T22:18:49,183.43000000000012,0.16199999999999998,7.848800000000001,261.67826804105243,186.50622148126612
IFE/rhino11.aca,113,22-19-26,2026-04-29,22:19:26,2026-04-29T22:19:26,183.43000000000012,0.20500000000000002,5.7872,195.58099428117202,158.92604769860992
IFE/rhino11.aca,114,22-20-04,2026-04-29,22:20:04,2026-04-29T22:20:04,183.43000000000012,0.248,4.6835,154.79706895669605,140.90996643735946
IFE/rhino11.aca,115,22-20-41,2026-04-29,22:20:41,2026-04-29T22:20:41,183.43000000000012,0.291,3.9929,127.25925125770137,128.21822534266784
IFE/rhino11.aca,116,22-21-18,2026-04-29,22:21:18,2026-04-29T22:21:18,184.71000000000012,0.076,56.111000000000004,722.4540114817777,337.63372917649633
IFE/rhino11.aca,117,22-21-56,2026-04-29,22:21:56,2026-04-29T22:21:56,184.71000000000012,0.119,13.1148,388.9298168417496,235.6512976388935
IFE/rhino11.aca,118,22-22-33,2026-04-29,22:22:33,2026-04-29T22:22:33,184.71000000000012,0.16199999999999998,7.848800000000001,263.504295316205,187.80768778174115
IFE/rhino11.aca,119,22-23-11,2026-04-29,22:23:11,2026-04-29T22:23:11,184.71000000000012,0.20500000000000002,5.7872,196.94578560580212,160.03505571831403
IFE/rhino11.aca,120,22-23-48,2026-04-29,22:23:48,2026-04-29T22:23:48,184.71000000000012,0.248,4.6835,155.87726438967167,141.89325574139875
IFE/rhino11.aca,121,22-24-27,2026-04-29,22:24:27,2026-04-29T22:24:27,184.71000000000012,0.291,3.9929,128.14728397648688,129.1129499157405
IFE/rhino11.aca,122,22-25-05,2026-04-29,22:25:05,2026-04-29T22:25:05,185.99000000000012,0.076,56.111000000000004,727.4604601564788,339.9734572548132
IFE/rhino11.aca,123,22-25-44,2026-04-29,22:25:44,2026-04-29T22:25:44,185.99000000000012,0.119,13.1148,391.62501561587015,237.2843097171672
IFE/rhino11.aca,124,22-26-20,2026-04-29,22:26:20,2026-04-29T22:26:20,185.99000000000012,0.16199999999999998,7.848800000000001,265.33032259149513,189.10915408221518
IFE/rhino11.aca,125,22-26-59,2026-04-29,22:26:59,2026-04-29T22:26:59,185.99000000000012,0.20500000000000002,5.7872,198.3105769304333,161.14406373801825
IFE/rhino11.aca,126,22-27-37,2026-04-29,22:27:37,2026-04-29T22:27:37,185.99000000000012,0.248,4.6835,156.95745982260087,142.8765450454381
IFE/rhino11.aca,127,22-28-15,2026-04-29,22:28:15,2026-04-29T22:28:15,185.99000000000012,0.291,3.9929,129.03531669531603,130.0076744888132
IFE/rhino11.aca,128,22-28-52,2026-04-29,22:28:52,2026-04-29T22:28:52,187.27000000000012,0.076,56.111000000000004,732.4669088309987,342.31318533313095
IFE/rhino11.aca,129,22-29-30,2026-04-29,22:29:30,2026-04-29T22:29:30,187.27000000000012,0.119,13.1148,394.32021438993286,238.91732179544067
IFE/rhino11.aca,130,22-30-07,2026-04-29,22:30:07,2026-04-29T22:30:07,187.27000000000012,0.16199999999999998,7.848800000000001,267.15634986665646,190.4106203826901
IFE/rhino11.aca,131,22-30-45,2026-04-29,22:30:45,2026-04-29T22:30:45,187.27000000000012,0.20500000000000002,5.7872,199.67536825509396,162.2530717577223
IFE/rhino11.aca,132,22-31-21,2026-04-29,22:31:21,2026-04-29T22:31:21,187.27000000000012,0.248,4.6835,158.037655255535,143.8598343494773
IFE/rhino11.aca,133,22-31-58,2026-04-29,22:31:58,2026-04-29T22:31:58,187.27000000000012,0.291,3.9929,129.92334941412065,130.90239906188577
IFE/rhino11.aca,134,22-32-35,2026-04-29,22:32:35,2026-04-29T22:32:35,188.55000000000013,0.076,56.111000000000004,737.4733575056168,344.65291341144865
IFE/rhino11.aca,135,22-33-13,2026-04-29,22:33:13,2026-04-29T22:33:13,188.55000000000013,0.119,13.1148,397.0154131639705,240.55033387371424
IFE/rhino11.aca,136,22-33-51,2026-04-29,22:33:51,2026-04-29T22:33:51,188.55000000000013,0.16199999999999998,7.848800000000001,268.98237714188434,191.71208668316518
IFE/rhino11.aca,137,22-34-28,2026-04-29,22:34:28,2026-04-29T22:34:28,188.55000000000013,0.20500000000000002,5.7872,201.04015957973715,163.3620797774264
IFE/rhino11.aca,138,22-35-06,2026-04-29,22:35:06,2026-04-29T22:35:06,188.55000000000013,0.248,4.6835,159.11785068847786,144.8431236535166
IFE/rhino11.aca,139,22-35-44,2026-04-29,22:35:44,2026-04-29T22:35:44,188.55000000000013,0.291,3.9929,130.81138213292087,131.79712363495844
IFE/rhino11.aca,140,22-36-22,2026-04-29,22:36:22,2026-04-29T22:36:22,189.83000000000013,0.076,56.111000000000004,742.4798061802481,346.9926414897666
IFE/rhino11.aca,141,22-37-00,2026-04-29,22:37:00,2026-04-29T22:37:00,189.83000000000013,0.119,13.1148,399.71061193799943,242.18334595198775
IFE/rhino11.aca,142,22-37-38,2026-04-29,22:37:38,2026-04-29T22:37:38,189.83000000000013,0.16199999999999998,7.848800000000001,270.808404417109,193.01355298364012
IFE/rhino11.aca,143,22-38-15,2026-04-29,22:38:15,2026-04-29T22:38:15,189.83000000000013,0.20500000000000002,5.7872,202.40495090436835,164.47108779713056
IFE/rhino11.aca,144,22-38-53,2026-04-29,22:38:53,2026-04-29T22:38:53,189.83000000000013,0.248,4.6835,160.19804612142508,145.82641295755593
IFE/rhino11.aca,145,22-39-31,2026-04-29,22:39:31,2026-04-29T22:39:31,189.83000000000013,0.291,3.9929,131.69941485172112,132.69184820803116
IFE/rhino11.aca,146,22-40-09,2026-04-29,22:40:09,2026-04-29T22:40:09,191.11000000000013,0.076,56.111000000000004,747.4862548550234,349.33236956808446
IFE/rhino11.aca,147,22-40-46,2026-04-29,22:40:46,2026-04-29T22:40:46,191.11000000000013,0.119,13.1148,402.40581071212983,243.8163580302613
IFE/rhino11.aca,148,22-41-24,2026-04-29,22:41:24,2026-04-29T22:41:24,191.11000000000013,0.16199999999999998,7.848800000000001,272.6344316923172,194.3150192841152
IFE/rhino11.aca,149,22-42-02,2026-04-29,22:42:02,2026-04-29T22:42:02,191.11000000000013,0.20500000000000002,5.7872,203.76974222904536,165.58009581683473
IFE/rhino11.aca,150,22-42-39,2026-04-29,22:42:39,2026-04-29T22:42:39,191.11000000000013,0.248,4.6835,161.27824155436082,146.80970226159417
IFE/rhino11.aca,151,22-43-18,2026-04-29,22:43:18,2026-04-29T22:43:18,191.11000000000013,0.291,3.9929,132.58744757051045,133.58657278110377
IFE/rhino11.aca,152,22-43-56,2026-04-29,22:43:56,2026-04-29T22:43:56,192.39000000000013,0.076,56.111000000000004,752.4927035296481,351.67209764640234
IFE/rhino11.aca,153,22-44-34,2026-04-29,22:44:34,2026-04-29T22:44:34,192.39000000000013,0.119,13.1148,405.1010094862635,245.44937010853488
IFE/rhino11.aca,154,22-45-12,2026-04-29,22:45:12,2026-04-29T22:45:12,192.39000000000013,0.16199999999999998,7.848800000000001,274.460458967532,195.61648558459012
IFE/rhino11.aca,155,22-45-50,2026-04-29,22:45:50,2026-04-29T22:45:50,192.39000000000013,0.20500000000000002,5.7872,205.13453355368748,166.68910383653883
IFE/rhino11.aca,156,22-46-29,2026-04-29,22:46:29,2026-04-29T22:46:29,192.39000000000013,0.248,4.6835,162.35843698728894,147.79299156563349
IFE/rhino11.aca,157,22-47-08,2026-04-29,22:47:08,2026-04-29T22:47:08,192.39000000000013,0.291,3.9929,133.47548028933306,134.48129735417638
IFE/rhino11.aca,158,22-47-46,2026-04-29,22:47:46,2026-04-29T22:47:46,193.67000000000013,0.076,56.111000000000004,757.4991522043972,354.01182572471987
IFE/rhino11.aca,159,22-48-23,2026-04-29,22:48:23,2026-04-29T22:48:23,193.67000000000013,0.119,13.1148,407.7962082602826,247.08238218680822
IFE/rhino11.aca,160,22-49-01,2026-04-29,22:49:01,2026-04-29T22:49:01,193.67000000000013,0.16199999999999998,7.848800000000001,276.28648624272716,196.9179518850649
IFE/rhino12.aca,161,22-49-39,2026-04-29,22:49:39,2026-04-29T22:49:39,193.67000000000013,0.20500000000000002,5.7872,206.49932487832848,167.79811185624268
IFE/rhino12.aca,162,22-50-18,2026-04-29,22:50:18,2026-04-29T22:50:18,193.67000000000013,0.248,4.6835,163.43863242024818,148.77628086967252
IFE/rhino12.aca,163,22-50-55,2026-04-29,22:50:55,2026-04-29T22:50:55,193.67000000000013,0.291,3.9929,134.36351300810165,135.3760219272488
IFE/rhino12.aca,164,22-51-37,2026-04-29,22:51:37,2026-04-29T22:51:37,194.95000000000013,0.076,56.111000000000004,762.5056008791049,356.3515538030377
IFE/rhino12.aca,165,22-52-17,2026-04-29,22:52:17,2026-04-29T22:52:17,194.95000000000013,0.119,13.1148,410.4914070342864,248.71539426508173
IFE/rhino12.aca,166,22-52-55,2026-04-29,22:52:55,2026-04-29T22:52:55,194.95000000000013,0.16199999999999998,7.848800000000001,278.11251351797034,198.21941818553984
IFE/rhino12.aca,167,22-53-31,2026-04-29,22:53:31,2026-04-29T22:53:31,194.95000000000013,0.20500000000000002,5.7872,207.86411620298094,168.90711987594676
IFE/rhino12.aca,168,22-54-09,2026-04-29,22:54:09,2026-04-29T22:54:09,194.95000000000013,0.248,4.6835,164.5188278532052,149.75957017371175
IFE/rhino12.aca,169,22-54-46,2026-04-29,22:54:46,2026-04-29T22:54:46,194.95000000000013,0.291,3.9929,135.25154572691008,136.2707465003214
IFE/rhino12.aca,170,22-55-23,2026-04-29,22:55:23,2026-04-29T22:55:23,196.23000000000013,0.076,56.111000000000004,767.5120495535157,358.6912818813556
IFE/rhino12.aca,171,22-55-59,2026-04-29,22:55:59,2026-04-29T22:55:59,196.23000000000013,0.119,13.1148,413.18660580836,250.34840634335532
IFE/rhino12.aca,172,22-56-37,2026-04-29,22:56:37,2026-04-29T22:56:37,196.23000000000013,0.16199999999999998,7.848800000000001,279.9385407931601,199.52088448601486
IFE/rhino12.aca,173,22-57-16,2026-04-29,22:57:16,2026-04-29T22:57:16,196.23000000000013,0.20500000000000002,5.7872,209.22890752762905,170.016127895651
IFE/rhino12.aca,174,22-57-54,2026-04-29,22:57:54,2026-04-29T22:57:54,196.23000000000013,0.248,4.6835,165.59902328614263,150.74285947775113
IFE/rhino12.aca,175,22-58-33,2026-04-29,22:58:33,2026-04-29T22:58:33,196.23000000000013,0.291,3.9929,136.1395784457016,137.1654710733941
IFE/rhino12.aca,176,22-59-11,2026-04-29,22:59:11,2026-04-29T22:59:11,197.51000000000013,0.076,56.111000000000004,772.5184982283172,361.03100995967327
IFE/rhino12.aca,177,22-59-49,2026-04-29,22:59:49,2026-04-29T22:59:49,197.51000000000013,0.119,13.1148,415.8818045824315,251.98141842162886
IFE/rhino12.aca,178,23-00-28,2026-04-29,23:00:28,2026-04-29T23:00:28,197.51000000000013,0.16199999999999998,7.848800000000001,281.7645680683912,200.82235078648984
IFE/rhino12.aca,179,23-01-07,2026-04-29,23:01:07,2026-04-29T23:01:07,197.51000000000013,0.20500000000000002,5.7872,210.59369885224334,171.12513591535506
IFE/rhino12.aca,180,23-01-46,2026-04-29,23:01:46,2026-04-29T23:01:46,197.51000000000013,0.248,4.6835,166.67921871910184,151.72614878179036
IFE/rhino12.aca,181,23-02-24,2026-04-29,23:02:24,2026-04-29T23:02:24,197.51000000000013,0.291,3.9929,137.02761116450728,138.0601956464667
IFE/rhino12.aca,182,23-03-01,2026-04-29,23:03:01,2026-04-29T23:03:01,198.79000000000013,0.076,56.111000000000004,777.5249469029571,363.37073803799126
IFE/rhino12.aca,183,23-03-39,2026-04-29,23:03:39,2026-04-29T23:03:39,198.79000000000013,0.119,13.1148,418.57700335642005,253.61443049990243
IFE/rhino12.aca,184,23-04-17,2026-04-29,23:04:17,2026-04-29T23:04:17,198.79000000000013,0.16199999999999998,7.848800000000001,283.59059534360495,202.12381708696438
IFE/rhino12.aca,185,23-04-55,2026-04-29,23:04:55,2026-04-29T23:04:55,198.79000000000013,0.20500000000000002,5.7872,211.9584901768947,172.23414393505922
IFE/rhino12.aca,186,23-05-32,2026-04-29,23:05:32,2026-04-29T23:05:32,198.79000000000013,0.248,4.6835,167.7594141520245,152.70943808582967
IFE/rhino12.aca,187,23-06-10,2026-04-29,23:06:10,2026-04-29T23:06:10,198.79000000000013,0.291,3.9929,137.91564388333592,138.95492021953936
IFE/rhino12.aca,188,23-06-48,2026-04-29,23:06:48,2026-04-29T23:06:48,200.07000000000014,0.076,56.111000000000004,782.5313955776277,365.710466116309
IFE/rhino12.aca,189,23-07-25,2026-04-29,23:07:25,2026-04-29T23:07:25,200.07000000000014,0.119,13.1148,421.2722021305428,255.247442578176
IFE/rhino12.aca,190,23-08-03,2026-04-29,23:08:03,2026-04-29T23:08:03,200.07000000000014,0.16199999999999998,7.848800000000001,285.41662261882846,203.42528338743926
IFE/rhino12.aca,191,23-08-41,2026-04-29,23:08:41,2026-04-29T23:08:41,200.07000000000014,0.20500000000000002,5.7872,213.32328150157392,173.34315195476333
IFE/rhino12.aca,192,23-09-18,2026-04-29,23:09:18,2026-04-29T23:09:18,200.07000000000014,0.248,4.6835,168.83960958494336,153.69272738986894
IFE/rhino12.aca,193,23-09-55,2026-04-29,23:09:55,2026-04-29T23:09:55,200.07000000000014,0.291,3.9929,138.80367660214978,139.84964479260753
IFE/rhino12.aca,194,23-10-32,2026-04-29,23:10:32,2026-04-29T23:10:32,201.35000000000014,0.076,56.111000000000004,787.5378442523615,368.050194194627
IFE/rhino12.aca,195,23-11-10,2026-04-29,23:11:10,2026-04-29T23:11:10,201.35000000000014,0.119,13.1148,423.96740090461645,256.88045465641403
IFE/rhino12.aca,196,23-11-48,2026-04-29,23:11:48,2026-04-29T23:11:48,201.35000000000014,0.16199999999999998,7.848800000000001,287.2426498940837,204.72674968791432
IFE/rhino12.aca,197,23-12-26,2026-04-29,23:12:26,2026-04-29T23:12:26,201.35000000000014,0.20500000000000002,5.7872,214.68807282620782,174.4521599744675
IFE/rhino12.aca,198,23-13-06,2026-04-29,23:13:06,2026-04-29T23:13:06,201.35000000000014,0.248,4.6835,169.91980501790368,154.67601669390825
IFE/rhino12.aca,199,23-13-48,2026-04-29,23:13:48,2026-04-29T23:13:48,201.35000000000014,0.291,3.9929,139.6917093209282,140.74436936568023
IFE/rhino12.aca,200,23-14-26,2026-04-29,23:14:26,2026-04-29T23:14:26,202.63000000000014,0.076,56.111000000000004,792.5442929269077,370.3899222729448
IFE/rhino12.aca,201,23-15-03,2026-04-29,23:15:03,2026-04-29T23:15:03,202.63000000000014,0.119,13.1148,426.6625996787403,258.5134667346875
IFE/rhino12.aca,202,23-15-41,2026-04-29,23:15:41,2026-04-29T23:15:41,202.63000000000014,0.16199999999999998,7.848800000000001,289.0686771692952,206.02821598838926
IFE/rhino12.aca,203,23-16-19,2026-04-29,23:16:19,2026-04-29T23:16:19,202.63000000000014,0.20500000000000002,5.7872,216.05286415084228,175.5611679941715
IFE/rhino12.aca,204,23-16-57,2026-04-29,23:16:57,2026-04-29T23:16:57,202.63000000000014,0.248,4.6835,171.0000004508547,155.65930599794746
IFE/rhino12.aca,205,23-17-35,2026-04-29,23:17:35,2026-04-29T23:17:35,202.63000000000014,0.291,3.9929,140.57974203973555,141.6390939387528
IFE/rhino12.aca,206,23-18-12,2026-04-29,23:18:12,2026-04-29T23:18:12,203.91000000000014,0.076,56.111000000000004,797.5507416016742,372.72965035126253
IFE/rhino12.aca,207,23-18-49,2026-04-29,23:18:49,2026-04-29T23:18:49,203.91000000000014,0.119,13.1148,429.35779845267314,260.14647881296105
IFE/rhino12.aca,208,23-19-33,2026-04-29,23:19:33,2026-04-29T23:19:33,203.91000000000014,0.16199999999999998,7.848800000000001,290.8947044445373,207.32968228886432
IFE/rhino12.aca,209,23-20-16,2026-04-29,23:20:16,2026-04-29T23:20:16,203.91000000000014,0.20500000000000002,5.7872,217.41765547552205,176.67017601387568
IFE/rhino12.aca,210,23-20-57,2026-04-29,23:20:57,2026-04-29T23:20:57,203.91000000000014,0.248,4.6835,172.0801958837681,156.64259530198677
IFE/rhino12.aca,211,23-21-40,2026-04-29,23:21:40,2026-04-29T23:21:40,203.91000000000014,0.291,3.9929,141.4677747585336,142.53381851182553
IFE/rhino12.aca,212,23-22-22,2026-04-29,23:22:22,2026-04-29T23:22:22,205.19000000000014,0.076,56.111000000000004,802.5571902764583,375.0693784295805
IFE/rhino12.aca,213,23-23-03,2026-04-29,23:23:03,2026-04-29T23:23:03,205.19000000000014,0.119,13.1148,432.0529972267697,261.77949089123473
IFE/rhino12.aca,214,23-23-43,2026-04-29,23:23:43,2026-04-29T23:23:43,205.19000000000014,0.16199999999999998,7.848800000000001,292.7207317197193,208.63114858933935
IFE/rhino12.aca,215,23-24-20,2026-04-29,23:24:20,2026-04-29T23:24:20,205.19000000000014,0.20500000000000002,5.7872,218.7824468001363,177.77918403357978
IFE/rhino12.aca,216,23-24-58,2026-04-29,23:24:58,2026-04-29T23:24:58,205.19000000000014,0.248,4.6835,173.16039131676334,157.6258846060261
IFE/rhino12.aca,217,23-25-35,2026-04-29,23:25:35,2026-04-29T23:25:35,205.19000000000014,0.291,3.9929,142.35580747733547,143.4285430848982
IFE/rhino12.aca,218,23-26-14,2026-04-29,23:26:14,2026-04-29T23:26:14,206.47000000000014,0.076,56.111000000000004,807.5636389509193,377.4091065078984
IFE/rhino12.aca,219,23-26-53,2026-04-29,23:26:53,2026-04-29T23:26:53,206.47000000000014,0.119,13.1148,434.74819600087505,263.41250296950824
IFE/rhino12.aca,220,23-27-31,2026-04-29,23:27:31,2026-04-29T23:27:31,206.47000000000014,0.16199999999999998,7.848800000000001,294.54675899486864,209.93261488981432
IFE/rhino12.aca,221,23-28-09,2026-04-29,23:28:09,2026-04-29T23:28:09,206.47000000000014,0.20500000000000002,5.7872,220.14723812477132,178.888192053284
IFE/rhino12.aca,222,23-28-48,2026-04-29,23:28:48,2026-04-29T23:28:48,206.47000000000014,0.248,4.6835,174.24058674967836,158.60917391006544
IFE/rhino12.aca,223,23-29-27,2026-04-29,23:29:27,2026-04-29T23:29:27,206.47000000000014,0.291,3.9929,143.243840196133,144.32326765797086
IFE/rhino12.aca,224,23-30-05,2026-04-29,23:30:05,2026-04-29T23:30:05,207.75000000000014,0.076,56.111000000000004,812.5700876256466,379.74883458621605
IFE/rhino12.aca,225,23-30-44,2026-04-29,23:30:44,2026-04-29T23:30:44,207.75000000000014,0.119,13.1148,437.44339477496396,265.04551504778175
IFE/rhino12.aca,226,23-31-23,2026-04-29,23:31:23,2026-04-29T23:31:23,207.75000000000014,0.16199999999999998,7.848800000000001,296.37278627014894,211.23408119028932
IFE/rhino12.aca,227,23-32-01,2026-04-29,23:32:01,2026-04-29T23:32:01,207.75000000000014,0.20500000000000002,5.7872,221.51202944945106,179.99720007298805
IFE/rhino12.aca,228,23-32-39,2026-04-29,23:32:39,2026-04-29T23:32:39,207.75000000000014,0.248,4.6835,175.32078218264306,159.59246321410464
IFE/rhino12.aca,229,23-33-17,2026-04-29,23:33:17,2026-04-29T23:33:17,207.75000000000014,0.291,3.9929,144.1318729149256,145.21799223104347
IFE/rhino12.aca,230,23-33-57,2026-04-29,23:33:57,2026-04-29T23:33:57,209.03000000000014,0.076,56.111000000000004,817.5765363000988,382.0885626645163
IFE/rhino12.aca,231,23-34-35,2026-04-29,23:34:35,2026-04-29T23:34:35,209.03000000000014,0.119,13.1148,440.1385935490256,266.6785271260553
IFE/rhino12.aca,232,23-35-12,2026-04-29,23:35:12,2026-04-29T23:35:12,209.03000000000014,0.16199999999999998,7.848800000000001,298.1988135453703,212.53554749076432
IFE/rhino12.aca,233,23-35-50,2026-04-29,23:35:50,2026-04-29T23:35:50,209.03000000000014,0.20500000000000002,5.7872,222.87682077409482,181.1062080926922
IFE/rhino12.aca,234,23-36-29,2026-04-29,23:36:29,2026-04-29T23:36:29,209.03000000000014,0.248,4.6835,176.40097761556135,160.575752518144
IFE/rhino12.aca,235,23-37-07,2026-04-29,23:37:07,2026-04-29T23:37:07,209.03000000000014,0.291,3.9929,145.01990563372746,146.11271680411613
IFE/rhino12.aca,236,23-37-45,2026-04-29,23:37:45,2026-04-29T23:37:45,210.31000000000014,0.076,56.111000000000004,822.5829849747431,384.42829074283395
IFE/rhino12.aca,237,23-38-23,2026-04-29,23:38:23,2026-04-29T23:38:23,210.31000000000014,0.119,13.1148,442.8337923231287,268.31153920432894
IFE/rhino12.aca,238,23-39-02,2026-04-29,23:39:02,2026-04-29T23:39:02,210.31000000000014,0.16199999999999998,7.848800000000001,300.02484082051853,213.8370137912393
IFE/rhino12.aca,239,23-39-40,2026-04-29,23:39:40,2026-04-29T23:39:40,210.31000000000014,0.20500000000000002,5.7872,224.24161209866216,182.2152161123963
IFE/rhino12.aca,240,23-40-19,2026-04-29,23:40:19,2026-04-29T23:40:19,210.31000000000014,0.248,4.6835,177.48117304850584,161.55904182218325
IFE/rhino13.aca,241,23-40-58,2026-04-29,23:40:58,2026-04-29T23:40:58,210.31000000000014,0.291,3.9929,145.90793835255008,147.00744137718874
IFE/rhino13.aca,242,23-41-36,2026-04-29,23:41:36,2026-04-29T23:41:36,211.59000000000015,0.076,56.111000000000004,827.5894336495315,386.76801882115194
IFE/rhino13.aca,243,23-42-15,2026-04-29,23:42:15,2026-04-29T23:42:15,211.59000000000015,0.119,13.1148,445.5289910971227,269.94455128260245
IFE/rhino13.aca,244,23-42-53,2026-04-29,23:42:53,2026-04-29T23:42:53,211.59000000000015,0.16199999999999998,7.848800000000001,301.85086809578354,215.13848009171426
IFE/rhino13.aca,245,23-43-32,2026-04-29,23:43:32,2026-04-29T23:43:32,211.59000000000015,0.20500000000000002,5.7872,225.60640342337246,183.32422413210043
IFE/rhino13.aca,246,23-44-10,2026-04-29,23:44:10,2026-04-29T23:44:10,211.59000000000015,0.248,4.6835,178.5613684814345,162.54233112622256
IFE/rhino13.aca,247,23-44-50,2026-04-29,23:44:50,2026-04-29T23:44:50,211.59000000000015,0.291,3.9929,146.79597107134487,147.9021659502614
IFE/rhino13.aca,248,23-45-28,2026-04-29,23:45:28,2026-04-29T23:45:28,212.87000000000015,0.076,56.111000000000004,832.5958823242065,389.1077468994697
IFE/rhino13.aca,249,23-46-07,2026-04-29,23:46:07,2026-04-29T23:46:07,212.87000000000015,0.119,13.1148,448.2241898712073,271.57756336087596
IFE/rhino13.aca,250,23-46-45,2026-04-29,23:46:45,2026-04-29T23:46:45,212.87000000000015,0.16199999999999998,7.848800000000001,303.6768953709241,216.43994639218926
IFE/rhino13.aca,251,23-47-24,2026-04-29,23:47:24,2026-04-29T23:47:24,212.87000000000015,0.20500000000000002,5.7872,226.97119474807513,184.43323215180453
IFE/rhino13.aca,252,23-48-02,2026-04-29,23:48:02,2026-04-29T23:48:02,212.87000000000015,0.248,4.6835,179.64156391438718,163.52562043026182
IFE/rhino13.aca,253,23-48-41,2026-04-29,23:48:41,2026-04-29T23:48:41,212.87000000000015,0.291,3.9929,147.68400379013912,148.796890523334
IFE/rhino13.aca,254,23-49-20,2026-04-29,23:49:20,2026-04-29T23:49:20,214.15000000000015,0.076,56.111000000000004,837.6023309989381,391.4474749777877
IFE/rhino13.aca,255,23-50-00,2026-04-29,23:50:00,2026-04-29T23:50:00,214.15000000000015,0.119,13.1148,450.9193886452373,273.2105754391497
IFE/rhino13.aca,256,23-50-38,2026-04-29,23:50:38,2026-04-29T23:50:38,214.15000000000015,0.16199999999999998,7.848800000000001,305.50292264617053,217.74141269266437
IFE/rhino13.aca,257,23-51-16,2026-04-29,23:51:16,2026-04-29T23:51:16,214.15000000000015,0.20500000000000002,5.7872,228.33598607265557,185.54224017150847
IFE/rhino13.aca,258,23-51-55,2026-04-29,23:51:55,2026-04-29T23:51:55,214.15000000000015,0.248,4.6835,180.72175934732186,164.50890973430114
IFE/rhino13.aca,259,23-52-33,2026-04-29,23:52:33,2026-04-29T23:52:33,214.15000000000015,0.291,3.9929,148.57203650891424,149.69161509640676
IFE/rhino13.aca,260,23-53-12,2026-04-29,23:53:12,2026-04-29T23:53:12,215.43000000000015,0.076,56.111000000000004,842.6087796736632,393.78720305610534
IFE/rhino13.aca,261,23-53-50,2026-04-29,23:53:50,2026-04-29T23:53:50,215.43000000000015,0.119,13.1148,453.61458741930653,274.8435875174231
IFE/rhino13.aca,262,23-54-28,2026-04-29,23:54:28,2026-04-29T23:54:28,215.43000000000015,0.16199999999999998,7.848800000000001,307.32894992140064,219.0428789931393
IFE/rhino13.aca,263,23-55-07,2026-04-29,23:55:07,2026-04-29T23:55:07,215.43000000000015,0.20500000000000002,5.7872,229.70077739728077,186.65124819121252
IFE/rhino13.aca,264,23-55-46,2026-04-29,23:55:46,2026-04-29T23:55:46,215.43000000000015,0.248,4.6835,181.80195478025544,165.4921990383404
IFE/rhino13.aca,265,23-56-26,2026-04-29,23:56:26,2026-04-29T23:56:26,215.43000000000015,0.291,3.9929,149.46006922774123,150.58633966947934
IFE/rhino13.aca,266,23-57-04,2026-04-29,23:57:04,2026-04-29T23:57:04,216.71000000000015,0.076,56.111000000000004,847.61522834824,396.12693113442333
IFE/rhino13.aca,267,23-57-42,2026-04-29,23:57:42,2026-04-29T23:57:42,216.71000000000015,0.119,13.1148,456.3097861934042,276.47659959569665
IFE/rhino13.aca,268,23-58-21,2026-04-29,23:58:21,2026-04-29T23:58:21,216.71000000000015,0.16199999999999998,7.848800000000001,309.1549771966176,220.34434529361425
IFE/rhino13.aca,269,23-59-01,2026-04-29,23:59:01,2026-04-29T23:59:01,216.71000000000015,0.20500000000000002,5.7872,231.06556872199653,187.76025621091668
IFE/rhino13.aca,270,07-34-27,2026-04-30,07:34:27,2026-04-30T07:34:27,216.71,0.076,56.111000000000004,847.6152283482377,396.1269311344229
IFE/rhino13.aca,271,07-34-58,2026-04-30,07:34:58,2026-04-30T07:34:58,216.71,0.119,13.1148,456.3097861934042,276.4765995956965
IFE/rhino13.aca,272,07-35-30,2026-04-30,07:35:30,2026-04-30T07:35:30,216.71,0.16199999999999998,7.848800000000001,309.15497719661545,220.34434529361414
IFE/rhino13.aca,273,07-36-01,2026-04-30,07:36:01,2026-04-30T07:36:01,216.71,0.20500000000000002,5.7872,231.06556872199653,187.76025621091657
IFE/rhino13.aca,274,07-36-32,2026-04-30,07:36:32,2026-04-30T07:36:32,216.71,0.248,4.6835,182.8821502132174,166.4754883423796
IFE/rhino13.aca,275,07-37-05,2026-04-30,07:37:05,2026-04-30T07:37:05,216.71,0.291,3.9929,150.34810194655128,151.4810642425519
IFE/rhino13.aca,276,07-37-36,2026-04-30,07:37:36,2026-04-30T07:37:36,217.99,0.076,56.111000000000004,852.6216770229279,398.466659212741
IFE/rhino13.aca,277,07-38-08,2026-04-30,07:38:08,2026-04-30T07:38:08,217.99,0.119,13.1148,459.00498496741454,278.1096116739701
IFE/rhino13.aca,278,07-38-39,2026-04-30,07:38:39,2026-04-30T07:38:39,217.99,0.16199999999999998,7.848800000000001,310.9810044718291,221.64581159408917
IFE/rhino13.aca,279,07-39-11,2026-04-30,07:39:11,2026-04-30T07:39:11,217.99,0.20500000000000002,5.7872,232.43036004658134,188.86926423062067
IFE/rhino13.aca,280,07-39-43,2026-04-30,07:39:43,2026-04-30T07:39:43,217.99,0.248,4.6835,183.96234564616188,167.45877764641887
IFE/rhino13.aca,281,07-40-15,2026-04-30,07:40:15,2026-04-30T07:40:15,217.99,0.291,3.9929,151.23613466534607,152.37578881562453
IFE/rhino13.aca,282,07-40-46,2026-04-30,07:40:46,2026-04-30T07:40:46,219.27,0.076,56.111000000000004,857.6281256975374,400.80638729105874
IFE/rhino13.aca,283,07-41-17,2026-04-30,07:41:17,2026-04-30T07:41:17,219.27,0.119,13.1148,461.70018374152096,279.7426237522436
IFE/rhino13.aca,284,07-41-49,2026-04-30,07:41:49,2026-04-30T07:41:49,219.27,0.16199999999999998,7.848800000000001,312.8070317470385,222.94727789456414
IFE/rhino13.aca,285,07-42-21,2026-04-30,07:42:21,2026-04-30T07:42:21,219.27,0.20500000000000002,5.7872,233.7951513712829,189.97827225032478
IFE/rhino13.aca,286,07-42-53,2026-04-30,07:42:53,2026-04-30T07:42:53,219.27,0.248,4.6835,185.04254107908127,168.44206695045813
IFE/rhino13.aca,287,07-43-26,2026-04-30,07:43:26,2026-04-30T07:43:26,219.27,0.291,3.9929,152.12416738413975,153.27051338869717
IFE/rhino13.aca,288,07-43-59,2026-04-30,07:43:59,2026-04-30T07:43:59,220.55,0.076,56.111000000000004,862.6345743721206,403.1461153693765
IFE/rhino13.aca,289,07-44-30,2026-04-30,07:44:30,2026-04-30T07:44:30,220.55,0.119,13.1148,464.39538251566665,281.37563583051707
IFE/rhino13.aca,290,07-45-01,2026-04-30,07:45:01,2026-04-30T07:45:01,220.55,0.16199999999999998,7.848800000000001,314.6330590223188,224.24874419503914
IFE/rhino13.aca,291,07-45-33,2026-04-30,07:45:33,2026-04-30T07:45:33,220.55,0.20500000000000002,5.7872,235.15994269591465,191.08728027002888
IFE/rhino13.aca,292,07-46-05,2026-04-30,07:46:05,2026-04-30T07:46:05,220.55,0.248,4.6835,186.12273651202904,169.4253562544974
IFE/rhino13.aca,293,07-46-38,2026-04-30,07:46:38,2026-04-30T07:46:38,220.55,0.291,3.9929,153.01220010296075,154.16523796176983
IFE/rhino13.aca,294,07-47-13,2026-04-30,07:47:13,2026-04-30T07:47:13,221.83,0.076,56.111000000000004,867.641023046802,405.4858434476944
IFE/rhino13.aca,295,07-47-58,2026-04-30,07:47:58,2026-04-30T07:47:58,221.83,0.119,13.1148,467.09058128965296,283.0086479087907
IFE/rhino13.aca,296,07-48-39,2026-04-30,07:48:39,2026-04-30T07:48:39,221.83,0.16199999999999998,7.848800000000001,316.45908629745827,225.55021049550527
IFE/rhino13.aca,297,07-49-24,2026-04-30,07:49:24,2026-04-30T07:49:24,221.83,0.20500000000000002,5.7872,236.52473402056495,192.19628828973308
IFE/rhino13.aca,298,07-50-08,2026-04-30,07:50:08,2026-04-30T07:50:08,221.83,0.248,4.6835,187.20293194500027,170.40864555853676
IFE/rhino13.aca,299,07-50-53,2026-04-30,07:50:53,2026-04-30T07:50:53,221.83,0.291,3.9929,153.90023282176645,155.0599625348425
IFE/rhino13.aca,300,07-51-38,2026-04-30,07:51:38,2026-04-30T07:51:38,223.11,0.076,56.111000000000004,872.6474717215511,407.82557152601225
IFE/rhino13.aca,301,07-52-12,2026-04-30,07:52:12,2026-04-30T07:52:12,223.11,0.119,13.1148,469.7857800637277,284.6416599870644
IFE/rhino13.aca,302,07-52-46,2026-04-30,07:52:46,2026-04-30T07:52:46,223.11,0.16199999999999998,7.848800000000001,318.2851135727069,226.85167679598032
IFE/rhino13.aca,303,07-53-31,2026-04-30,07:53:31,2026-04-30T07:53:31,223.11,0.20500000000000002,5.7872,237.8895253451803,193.30529630943724
IFE/rhino13.aca,304,07-54-16,2026-04-30,07:54:16,2026-04-30T07:54:16,223.11,0.248,4.6835,188.28312737792675,171.39193486257602
IFE/rhino13.aca,305,07-55-03,2026-04-30,07:55:03,2026-04-30T07:55:03,223.11,0.291,3.9929,154.7882655405574,155.9546871079152
IFE/rhino13.aca,306,07-55-48,2026-04-30,07:55:48,2026-04-30T07:55:48,224.39000000000001,0.076,56.111000000000004,877.6539203963287,410.1652996043301
IFE/rhino13.aca,307,07-56-30,2026-04-30,07:56:30,2026-04-30T07:56:30,224.39000000000001,0.119,13.1148,472.4809788377981,286.27467206533777
IFE/rhino13.aca,308,07-57-16,2026-04-30,07:57:16,2026-04-30T07:57:16,224.39000000000001,0.16199999999999998,7.848800000000001,320.11114084786715,228.1531430964552
IFE/rhino13.aca,309,07-58-01,2026-04-30,07:58:01,2026-04-30T07:58:01,224.39000000000001,0.20500000000000002,5.7872,239.2543166698164,194.41430432914132
IFE/rhino13.aca,310,07-58-34,2026-04-30,07:58:34,2026-04-30T07:58:34,224.39000000000001,0.248,4.6835,189.36332281084614,172.37522416661528
IFE/rhino13.aca,311,07-59-08,2026-04-30,07:59:08,2026-04-30T07:59:08,224.39000000000001,0.291,3.9929,155.67629825935654,156.84941168098675
IFE/rhino13.aca,312,07-59-53,2026-04-30,07:59:53,2026-04-30T07:59:53,225.67000000000002,0.076,56.111000000000004,882.6603690708223,412.505027682648
IFE/rhino13.aca,313,08-00-30,2026-04-30,08:00:30,2026-04-30T08:00:30,225.67000000000002,0.119,13.1148,475.1761776118816,287.9076841436114
IFE/rhino13.aca,314,08-01-09,2026-04-30,08:01:09,2026-04-30T08:01:09,225.67000000000002,0.16199999999999998,7.848800000000001,321.937168123059,229.45460939693027
IFE/rhino13.aca,315,08-01-46,2026-04-30,08:01:46,2026-04-30T08:01:46,225.67000000000002,0.20500000000000002,5.7872,240.6191079944896,195.52331234884548
IFE/rhino13.aca,316,08-02-23,2026-04-30,08:02:23,2026-04-30T08:02:23,225.67000000000002,0.248,4.6835,190.44351824382065,173.3585134706546
IFE/rhino13.aca,317,08-03-01,2026-04-30,08:03:01,2026-04-30T08:03:01,225.67000000000002,0.291,3.9929,156.56433097816063,157.7441362540594
IFE/rhino13.aca,318,08-03-48,2026-04-30,08:03:48,2026-04-30T08:03:48,226.95000000000002,0.076,56.111000000000004,887.6668177456828,414.8447557609659
IFE/rhino13.aca,319,08-04-21,2026-04-30,08:04:21,2026-04-30T08:04:21,226.95000000000002,0.119,13.1148,477.87137638589303,289.5406962218849
IFE/rhino13.aca,320,08-04-54,2026-04-30,08:04:54,2026-04-30T08:04:54,226.95000000000002,0.16199999999999998,7.848800000000001,323.7631953982967,230.7560756974053
IFE/rhino14.aca,321,08-05-26,2026-04-30,08:05:26,2026-04-30T08:05:26,226.95000000000002,0.20500000000000002,5.7872,241.9838993190886,196.63232036854956
IFE/rhino14.aca,322,08-05-59,2026-04-30,08:05:59,2026-04-30T08:05:59,226.95000000000002,0.248,4.6835,191.5237136767493,174.34180277469392
IFE/rhino14.aca,323,08-06-30,2026-04-30,08:06:30,2026-04-30T08:06:30,226.95000000000002,0.291,3.9929,157.45236369696195,158.63886082713208
IFE/rhino14.aca,324,08-07-04,2026-04-30,08:07:04,2026-04-30T08:07:04,228.23000000000002,0.076,56.111000000000004,892.6732664201066,417.18448383928364
IFE/rhino14.aca,325,08-07-37,2026-04-30,08:07:37,2026-04-30T08:07:37,228.23000000000002,0.119,13.1148,480.5665751599623,291.1737083001585
IFE/rhino14.aca,326,08-08-11,2026-04-30,08:08:11,2026-04-30T08:08:11,228.23000000000002,0.16199999999999998,7.848800000000001,325.5892226735203,232.05754199788032
IFE/rhino14.aca,327,08-08-45,2026-04-30,08:08:45,2026-04-30T08:08:45,228.23000000000002,0.20500000000000002,5.7872,243.34869064377708,197.7413283882538
IFE/rhino14.aca,328,08-09-32,2026-04-30,08:09:32,2026-04-30T08:09:32,228.23000000000002,0.248,4.6835,192.603909109702,175.32509207873323
IFE/rhino14.aca,329,08-10-19,2026-04-30,08:10:19,2026-04-30T08:10:19,228.23000000000002,0.291,3.9929,158.34039641576328,159.53358540020474
IFE/rhino14.aca,330,08-11-06,2026-04-30,08:11:06,2026-04-30T08:11:06,229.51000000000002,0.076,56.111000000000004,897.6797150948317,419.5242119176015
IFE/rhino14.aca,331,08-11-53,2026-04-30,08:11:53,2026-04-30T08:11:53,229.51000000000002,0.119,13.1148,483.2617739340796,292.80672037843203
IFE/rhino14.aca,332,08-12-40,2026-04-30,08:12:40,2026-04-30T08:12:40,229.51000000000002,0.16199999999999998,7.848800000000001,327.41524994872526,233.35900829835526
IFE/rhino14.aca,333,08-13-32,2026-04-30,08:13:32,2026-04-30T08:13:32,229.51000000000002,0.20500000000000002,5.7872,244.71348196847322,198.85033640795788
IFE/rhino14.aca,334,08-14-23,2026-04-30,08:14:23,2026-04-30T08:14:23,229.51000000000002,0.248,4.6835,193.68410454264048,176.3083813827725
IFE/rhino14.aca,335,08-15-11,2026-04-30,08:15:11,2026-04-30T08:15:11,229.51000000000002,0.291,3.9929,159.22842913459243,160.42830997327738
IFE/rhino14.aca,336,08-15-57,2026-04-30,08:15:57,2026-04-30T08:15:57,230.79000000000002,0.076,56.111000000000004,902.6861637692164,421.8639399959193
IFE/rhino14.aca,337,08-16-42,2026-04-30,08:16:42,2026-04-30T08:16:42,230.79000000000002,0.119,13.1148,485.9569727080463,294.4397324567056
IFE/rhino14.aca,338,08-17-29,2026-04-30,08:17:29,2026-04-30T08:17:29,230.79000000000002,0.16199999999999998,7.848800000000001,329.24127722400664,234.66047459883032
IFE/rhino14.aca,339,08-18-15,2026-04-30,08:18:15,2026-04-30T08:18:15,230.79000000000002,0.20500000000000002,5.7872,246.07827329308856,199.95934442766202
IFE/rhino14.aca,340,08-19-02,2026-04-30,08:19:02,2026-04-30T08:19:02,230.79000000000002,0.248,4.6835,194.7642999755779,177.29167068681176
IFE/rhino14.aca,341,08-19-48,2026-04-30,08:19:48,2026-04-30T08:19:48,230.79000000000002,0.291,3.9929,160.11646185336812,161.32303454635002
IFE/rhino14.aca,342,08-20-36,2026-04-30,08:20:36,2026-04-30T08:20:36,232.07000000000002,0.076,56.111000000000004,907.6926124444414,424.20366807423704
IFE/rhino14.aca,343,08-21-26,2026-04-30,08:21:26,2026-04-30T08:21:26,232.07000000000002,0.119,13.1148,488.65217148218,296.07274453497905
IFE/rhino14.aca,344,08-22-13,2026-04-30,08:22:13,2026-04-30T08:22:13,232.07000000000002,0.16199999999999998,7.848800000000001,331.0673044991472,235.9619408993052
IFE/rhino14.aca,345,08-22-59,2026-04-30,08:22:59,2026-04-30T08:22:59,232.07000000000002,0.20500000000000002,5.7872,247.44306461772794,201.06835244736612
IFE/rhino14.aca,346,08-23-45,2026-04-30,08:23:45,2026-04-30T08:23:45,232.07000000000002,0.248,4.6835,195.84449540852785,178.27495999085102
IFE/rhino14.aca,347,08-24-33,2026-04-30,08:24:33,2026-04-30T08:24:33,232.07000000000002,0.291,3.9929,161.00449457216072,162.21775911942262
IFE/rhino14.aca,348,08-25-19,2026-04-30,08:25:19,2026-04-30T08:25:19,233.35000000000002,0.076,56.111000000000004,912.6990611188609,426.5433961525549
IFE/rhino14.aca,349,08-26-06,2026-04-30,08:26:06,2026-04-30T08:26:06,233.35000000000002,0.119,13.1148,491.3473702562122,297.7057566132527
IFE/rhino14.aca,350,08-26-52,2026-04-30,08:26:52,2026-04-30T08:26:52,233.35000000000002,0.16199999999999998,7.848800000000001,332.8933317744319,237.26340719978032
IFE/rhino14.aca,351,08-27-38,2026-04-30,08:27:38,2026-04-30T08:27:38,233.35000000000002,0.20500000000000002,5.7872,248.80785594235857,202.1773604670703
IFE/rhino14.aca,352,08-28-25,2026-04-30,08:28:25,2026-04-30T08:28:25,233.35000000000002,0.248,4.6835,196.9246908414685,179.25824929489036
IFE/rhino14.aca,353,08-29-12,2026-04-30,08:29:12,2026-04-30T08:29:12,233.35000000000002,0.291,3.9929,161.89252729097134,163.11248369249535
IFE/rhino14.aca,354,08-30-01,2026-04-30,08:30:01,2026-04-30T08:30:01,234.63000000000002,0.076,56.111000000000004,917.705509793503,428.8831242308687
IFE/rhino14.aca,355,08-30-49,2026-04-30,08:30:49,2026-04-30T08:30:49,234.63000000000002,0.119,13.1148,494.04256903038186,299.33876869152607
IFE/rhino14.aca,356,08-31-35,2026-04-30,08:31:35,2026-04-30T08:31:35,234.63000000000002,0.16199999999999998,7.848800000000001,334.71935904959975,238.5648735002552
IFE/rhino14.aca,357,08-32-23,2026-04-30,08:32:23,2026-04-30T08:32:23,234.63000000000002,0.20500000000000002,5.7872,250.17264726699577,203.28636848677334
IFE/rhino14.aca,358,08-33-10,2026-04-30,08:33:10,2026-04-30T08:33:10,234.63000000000002,0.248,4.6835,198.00488627440754,180.2415385989296
IFE/rhino14.aca,359,08-33-44,2026-04-30,08:33:44,2026-04-30T08:33:44,234.63000000000002,0.291,3.9929,162.78056000978685,164.00720826556793
IFE/rhino14.aca,360,08-34-31,2026-04-30,08:34:31,2026-04-30T08:34:31,235.91000000000003,0.076,56.111000000000004,922.7119584680884,431.22285230918646
IFE/rhino14.aca,361,08-35-18,2026-04-30,08:35:18,2026-04-30T08:35:18,235.91000000000003,0.119,13.1148,496.73776780432127,300.97178076979964
IFE/rhino14.aca,362,08-36-05,2026-04-30,08:36:05,2026-04-30T08:36:05,235.91000000000003,0.16199999999999998,7.848800000000001,336.54538632479927,239.8663398007302
IFE/rhino14.aca,363,08-36-50,2026-04-30,08:36:50,2026-04-30T08:36:50,235.91000000000003,0.20500000000000002,5.7872,251.53743859167443,204.3953765064775
IFE/rhino14.aca,364,08-37-36,2026-04-30,08:37:36,2026-04-30T08:37:36,235.91000000000003,0.248,4.6835,199.08508170734711,181.2248279029689
IFE/rhino14.aca,365,08-38-23,2026-04-30,08:38:23,2026-04-30T08:38:23,235.91000000000003,0.291,3.9929,163.6685927285571,164.90193283864056
IFE/rhino14.aca,366,08-39-09,2026-04-30,08:39:09,2026-04-30T08:39:09,237.19000000000003,0.076,56.111000000000004,927.7184071429729,433.56258038750445
IFE/rhino14.aca,367,08-39-57,2026-04-30,08:39:57,2026-04-30T08:39:57,237.19000000000003,0.119,13.1148,499.43296657859247,302.6047928480732
IFE/rhino14.aca,368,08-40-43,2026-04-30,08:40:43,2026-04-30T08:40:43,237.19000000000003,0.16199999999999998,7.848800000000001,338.3714136000632,241.16780610120526
IFE/rhino14.aca,369,08-41-30,2026-04-30,08:41:30,2026-04-30T08:41:30,237.19000000000003,0.20500000000000002,5.7872,252.9022299163029,205.50438452618164
IFE/rhino14.aca,370,08-42-16,2026-04-30,08:42:16,2026-04-30T08:42:16,237.19000000000003,0.248,4.6835,200.16527714029434,182.2081172070082
IFE/rhino14.aca,371,08-43-02,2026-04-30,08:43:02,2026-04-30T08:43:02,237.19000000000003,0.291,3.9929,164.55662544735296,165.79665741171323
IFE/rhino14.aca,372,08-43-49,2026-04-30,08:43:49,2026-04-30T08:43:49,238.47000000000003,0.076,56.111000000000004,932.7248558175103,435.9023084658222
IFE/rhino14.aca,373,08-44-23,2026-04-30,08:44:23,2026-04-30T08:44:23,238.47000000000003,0.119,13.1148,502.1281653525133,304.2378049263467
IFE/rhino14.aca,374,08-44-56,2026-04-30,08:44:56,2026-04-30T08:44:56,238.47000000000003,0.16199999999999998,7.848800000000001,340.1974408752649,242.46927240168029
IFE/rhino14.aca,375,08-45-43,2026-04-30,08:45:43,2026-04-30T08:45:43,238.47000000000003,0.20500000000000002,5.7872,254.26702124092154,206.61339254588577
IFE/rhino14.aca,376,08-46-31,2026-04-30,08:46:31,2026-04-30T08:46:31,238.47000000000003,0.248,4.6835,201.2454725732301,183.19140651104746
IFE/rhino14.aca,377,08-47-19,2026-04-30,08:47:19,2026-04-30T08:47:19,238.47000000000003,0.291,3.9929,165.44465816617557,166.69138198478586
IFE/rhino14.aca,378,08-48-05,2026-04-30,08:48:05,2026-04-30T08:48:05,239.75000000000003,0.076,56.111000000000004,937.7313044922048,438.2420365441402
IFE/rhino14.aca,379,08-48-52,2026-04-30,08:48:52,2026-04-30T08:48:52,239.75000000000003,0.119,13.1148,504.8233641265433,305.87081700462033
IFE/rhino14.aca,380,08-49-39,2026-04-30,08:49:39,2026-04-30T08:49:39,239.75000000000003,0.16199999999999998,7.848800000000001,342.02346815041744,243.77073870215526
IFE/rhino14.aca,381,08-50-25,2026-04-30,08:50:25,2026-04-30T08:50:25,239.75000000000003,0.20500000000000002,5.7872,255.63181256554782,207.72240056558985
IFE/rhino14.aca,382,08-51-12,2026-04-30,08:51:12,2026-04-30T08:51:12,239.75000000000003,0.248,4.6835,202.32566800616206,184.1746958150868
IFE/rhino14.aca,383,08-51-58,2026-04-30,08:51:58,2026-04-30T08:51:58,239.75000000000003,0.291,3.9929,166.33269088499765,167.58610655785856
IFE/rhino14.aca,384,08-52-32,2026-04-30,08:52:32,2026-04-30T08:52:32,241.03000000000003,0.076,56.111000000000004,942.7377531669474,440.58176462245785
IFE/rhino14.aca,385,08-53-07,2026-04-30,08:53:07,2026-04-30T08:53:07,241.03000000000003,0.119,13.1148,507.5185629005515,307.50382908289384
IFE/rhino14.aca,386,08-53-41,2026-04-30,08:53:41,2026-04-30T08:53:41,241.03000000000003,0.16199999999999998,7.848800000000001,343.84949542566284,245.07220500263026
IFE/rhino14.aca,387,08-54-28,2026-04-30,08:54:28,2026-04-30T08:54:28,241.03000000000003,0.20500000000000002,5.7872,256.9966038902756,208.831408585294
IFE/rhino14.aca,388,08-55-14,2026-04-30,08:55:14,2026-04-30T08:55:14,241.03000000000003,0.248,4.6835,203.4058634391071,185.1579851191261
IFE/rhino14.aca,389,08-56-02,2026-04-30,08:56:02,2026-04-30T08:56:02,241.03000000000003,0.291,3.9929,167.2207236037695,168.48083113093116
IFE/rhino14.aca,390,08-56-49,2026-04-30,08:56:49,2026-04-30T08:56:49,242.31000000000003,0.076,56.111000000000004,947.7442018414673,442.9214927007758
IFE/rhino14.aca,391,08-57-35,2026-04-30,08:57:35,2026-04-30T08:57:35,242.31000000000003,0.119,13.1148,510.21376167473863,309.1368411611675
IFE/rhino14.aca,392,08-58-24,2026-04-30,08:58:24,2026-04-30T08:58:24,242.31000000000003,0.16199999999999998,7.848800000000001,345.6755227009409,246.37367130310525
IFE/rhino14.aca,393,08-59-20,2026-04-30,08:59:20,2026-04-30T08:59:20,242.31000000000003,0.20500000000000002,5.7872,258.3613952148702,209.94041660499818
IFE/rhino14.aca,394,09-00-13,2026-04-30,09:00:13,2026-04-30T09:00:13,242.31000000000003,0.248,4.6835,204.4860588720412,186.14127442316538
IFE/rhino14.aca,395,09-01-08,2026-04-30,09:01:08,2026-04-30T09:01:08,242.31000000000003,0.291,3.9929,168.1087563225823,169.37555570400383
IFE/rhino14.aca,396,09-02-05,2026-04-30,09:02:05,2026-04-30T09:02:05,243.59000000000003,0.076,56.111000000000004,952.7506505161357,445.2612207790935
IFE/rhino14.aca,397,09-02-57,2026-04-30,09:02:57,2026-04-30T09:02:57,243.59000000000003,0.119,13.1148,512.9089604488778,310.769853239441
IFE/rhino14.aca,398,09-03-50,2026-04-30,09:03:50,2026-04-30T09:03:50,243.59000000000003,0.16199999999999998,7.848800000000001,347.50154997613936,247.6751376035803
IFE/rhino14.aca,399,09-04-37,2026-04-30,09:04:37,2026-04-30T09:04:37,243.59000000000003,0.20500000000000002,5.7872,259.7261865395227,211.04942462470228
IFE/rhino14.aca,400,09-05-25,2026-04-30,09:05:25,2026-04-30T09:05:25,243.59000000000003,0.248,4.6835,205.56625430498516,187.1245637272047
IFE/rhino15.aca,401,09-06-12,2026-04-30,09:06:12,2026-04-30T09:06:12,243.59000000000003,0.291,3.9929,168.99678904138418,170.2702802770765
IFE/rhino15.aca,402,09-07-01,2026-04-30,09:07:01,2026-04-30T09:07:01,244.87000000000003,0.076,56.111000000000004,957.7570991906316,447.600948857376
IFE/rhino15.aca,403,09-07-48,2026-04-30,09:07:48,2026-04-30T09:07:48,244.87000000000003,0.119,13.1148,515.6041592226917,312.402865317679
IFE/rhino15.aca,404,09-08-33,2026-04-30,09:08:33,2026-04-30T09:08:33,244.87000000000003,0.16199999999999998,7.848800000000001,349.32757725130176,248.97660390401978
IFE/rhino15.aca,405,09-09-19,2026-04-30,09:09:19,2026-04-30T09:09:19,244.87000000000003,0.20500000000000002,5.7872,261.0909778642002,212.15843264437092
IFE/rhino15.aca,406,09-10-06,2026-04-30,09:10:06,2026-04-30T09:10:06,244.87000000000003,0.248,4.6835,206.64644973791928,188.10785303120838
IFE/rhino15.aca,407,09-10-52,2026-04-30,09:10:52,2026-04-30T09:10:52,244.87000000000003,0.291,3.9929,169.88482176018607,171.16500485011363
IFE/rhino15.aca,408,09-11-40,2026-04-30,09:11:40,2026-04-30T09:11:40,246.15000000000003,0.076,56.111000000000004,962.7635478654418,449.9406769356938
IFE/rhino15.aca,409,09-12-27,2026-04-30,09:12:27,2026-04-30T09:12:27,246.15000000000003,0.119,13.1148,518.2993579969246,314.03587739595264
IFE/rhino15.aca,410,09-13-18,2026-04-30,09:13:18,2026-04-30T09:13:18,246.15000000000003,0.16199999999999998,7.848800000000001,351.15360452656023,250.27807020449475
IFE/rhino15.aca,411,09-14-11,2026-04-30,09:14:11,2026-04-30T09:14:11,246.15000000000003,0.20500000000000002,5.7872,262.4557691888134,213.26744066407505
IFE/rhino15.aca,412,09-14-59,2026-04-30,09:14:59,2026-04-30T09:14:59,246.15000000000003,0.248,4.6835,207.72664517086324,189.09114233524764
IFE/rhino15.aca,413,09-15-48,2026-04-30,09:15:48,2026-04-30T09:15:48,246.15000000000003,0.291,3.9929,170.77285447898467,172.0597294231863
IFE/rhino15.aca,414,09-16-37,2026-04-30,09:16:37,2026-04-30T09:16:37,247.43000000000004,0.076,56.111000000000004,967.769996540132,452.28040501401165
IFE/rhino15.aca,415,09-17-24,2026-04-30,09:17:24,2026-04-30T09:17:24,247.43000000000004,0.119,13.1148,520.9945567711314,315.66888947422603
IFE/rhino15.aca,416,09-18-13,2026-04-30,09:18:13,2026-04-30T09:18:13,247.43000000000004,0.16199999999999998,7.848800000000001,352.97963180178266,251.57953650496978
IFE/rhino15.aca,417,09-19-02,2026-04-30,09:19:02,2026-04-30T09:19:02,247.43000000000004,0.20500000000000002,5.7872,263.82056051346916,214.37644868377913
IFE/rhino15.aca,418,09-19-51,2026-04-30,09:19:51,2026-04-30T09:19:51,247.43000000000004,0.248,4.6835,208.80684060381319,190.07443163928696
IFE/rhino15.aca,419,09-20-39,2026-04-30,09:20:39,2026-04-30T09:20:39,247.43000000000004,0.291,3.9929,171.66088719778,172.9544539962589
IFE/rhino15.aca,420,09-21-14,2026-04-30,09:21:14,2026-04-30T09:21:14,248.71000000000004,0.076,56.111000000000004,972.7764452147392,454.6201330923295
IFE/rhino15.aca,421,09-22-01,2026-04-30,09:22:01,2026-04-30T09:22:01,248.71000000000004,0.119,13.1148,523.68975554512,317.3019015524991
IFE/rhino15.aca,422,09-22-49,2026-04-30,09:22:49,2026-04-30T09:22:49,248.71000000000004,0.16199999999999998,7.848800000000001,354.8056590769429,252.88100280544467
IFE/rhino15.aca,423,09-23-37,2026-04-30,09:23:37,2026-04-30T09:23:37,248.71000000000004,0.20500000000000002,5.7872,265.1853518380911,215.48545670348335
IFE/rhino15.aca,424,09-24-25,2026-04-30,09:24:25,2026-04-30T09:24:25,248.71000000000004,0.248,4.6835,209.88703603676805,191.05772094332622
IFE/rhino15.aca,425,09-25-12,2026-04-30,09:25:12,2026-04-30T09:25:12,248.71000000000004,0.291,3.9929,172.54891991658351,173.8491785693316
IFE/rhino15.aca,426,09-26-00,2026-04-30,09:26:00,2026-04-30T09:26:00,249.99000000000004,0.076,56.111000000000004,977.7828938893115,456.9598611706474
IFE/rhino15.aca,427,09-26-49,2026-04-30,09:26:49,2026-04-30T09:26:49,249.99000000000004,0.119,13.1148,526.3849543191042,318.9349136307727
IFE/rhino15.aca,428,09-27-38,2026-04-30,09:27:38,2026-04-30T09:27:38,249.99000000000004,0.16199999999999998,7.848800000000001,356.6316863522079,254.18246910591768
IFE/rhino15.aca,429,09-28-27,2026-04-30,09:28:27,2026-04-30T09:28:27,249.99000000000004,0.20500000000000002,5.7872,266.5501431627621,216.59446472318743
IFE/rhino15.aca,430,09-29-16,2026-04-30,09:29:16,2026-04-30T09:29:16,249.99000000000004,0.248,4.6835,210.96723146970763,192.0410102473656
IFE/rhino15.aca,431,09-30-05,2026-04-30,09:30:05,2026-04-30T09:30:05,249.99000000000004,0.291,3.9929,173.4369526354012,174.74390314240424
IFE/rhino15.aca,432,09-30-53,2026-04-30,09:30:53,2026-04-30T09:30:53,251.27000000000004,0.076,56.111000000000004,982.7893425638707,459.2995892489653
IFE/rhino15.aca,433,09-31-40,2026-04-30,09:31:40,2026-04-30T09:31:40,251.27000000000004,0.119,13.1148,529.0801530930075,320.5679257090462
IFE/rhino15.aca,434,09-32-16,2026-04-30,09:32:16,2026-04-30T09:32:16,251.27000000000004,0.16199999999999998,7.848800000000001,358.457713627378,255.48393540639273
IFE/rhino15.aca,435,09-33-04,2026-04-30,09:33:04,2026-04-30T09:33:04,251.27000000000004,0.20500000000000002,5.7872,267.9149344873851,217.703472742891
IFE/rhino15.aca,436,09-33-53,2026-04-30,09:33:53,2026-04-30T09:33:53,251.27000000000004,0.248,4.6835,212.04742690265485,193.0242995514048
IFE/rhino15.aca,437,09-34-42,2026-04-30,09:34:42,2026-04-30T09:34:42,251.27000000000004,0.291,3.9929,174.3249853542058,175.6386277154769
IFE/rhino15.aca,438,09-35-31,2026-04-30,09:35:31,2026-04-30T09:35:31,252.55000000000004,0.076,56.111000000000004,987.7957912388905,461.63931732728315
IFE/rhino15.aca,439,09-36-20,2026-04-30,09:36:20,2026-04-30T09:36:20,252.55000000000004,0.119,13.1148,531.77535186721,322.20093778731973
IFE/rhino15.aca,440,09-37-09,2026-04-30,09:37:09,2026-04-30T09:37:09,252.55000000000004,0.16199999999999998,7.848800000000001,360.28374090257967,256.7854017068322
IFE/rhino15.aca,441,09-37-57,2026-04-30,09:37:57,2026-04-30T09:37:57,252.55000000000004,0.20500000000000002,5.7872,269.27972581210634,218.81248076259516
IFE/rhino15.aca,442,09-38-45,2026-04-30,09:38:45,2026-04-30T09:38:45,252.55000000000004,0.248,4.6835,213.12762233553332,194.0075888554441
IFE/rhino15.aca,443,09-39-33,2026-04-30,09:39:33,2026-04-30T09:39:33,252.55000000000004,0.291,3.9929,175.21301807302189,176.53335228854954
IFE/rhino15.aca,444,09-40-21,2026-04-30,09:40:21,2026-04-30T09:40:21,253.83000000000004,0.076,56.111000000000004,992.8022399134497,463.9790454056009
IFE/rhino15.aca,445,09-41-08,2026-04-30,09:41:08,2026-04-30T09:41:08,253.83000000000004,0.119,13.1148,534.4705506413054,323.83394986559324
IFE/rhino15.aca,446,09-41-57,2026-04-30,09:41:57,2026-04-30T09:41:57,253.83000000000004,0.16199999999999998,7.848800000000001,362.1097681778556,258.0868680073072
IFE/rhino15.aca,447,09-42-46,2026-04-30,09:42:46,2026-04-30T09:42:46,253.83000000000004,0.20500000000000002,5.7872,270.6445171366835,219.92148878229926
IFE/rhino15.aca,448,09-43-34,2026-04-30,09:43:34,2026-04-30T09:43:34,253.83000000000004,0.248,4.6835,214.20781776856128,194.9908781594834
IFE/rhino15.aca,449,09-44-23,2026-04-30,09:44:23,2026-04-30T09:44:23,253.83000000000004,0.291,3.9929,176.10105079180795,177.42807686162217
IFE/rhino15.aca,450,09-44-59,2026-04-30,09:44:59,2026-04-30T09:44:59,255.11000000000004,0.076,56.111000000000004,997.808688588284,466.31877348391856
IFE/rhino15.aca,451,09-45-48,2026-04-30,09:45:48,2026-04-30T09:45:48,255.11000000000004,0.119,13.1148,537.165749415283,325.46696194386686
IFE/rhino15.aca,452,09-46-37,2026-04-30,09:46:37,2026-04-30T09:46:37,255.11000000000004,0.16199999999999998,7.848800000000001,363.9357954529918,259.3883343077821
IFE/rhino15.aca,453,09-47-27,2026-04-30,09:47:27,2026-04-30T09:47:27,255.11000000000004,0.20500000000000002,5.7872,272.00930846132724,221.0304968020033
IFE/rhino15.aca,454,09-48-16,2026-04-30,09:48:16,2026-04-30T09:48:16,255.11000000000004,0.248,4.6835,215.28801320148233,195.97416746352263
IFE/rhino15.aca,455,09-49-05,2026-04-30,09:49:05,2026-04-30T09:49:05,255.11000000000004,0.291,3.9929,176.9890835106027,178.32280143469478
IFE/rhino15.aca,456,09-49-55,2026-04-30,09:49:55,2026-04-30T09:49:55,256.39000000000004,0.076,56.111000000000004,1002.8151372626838,468.65850156223655
IFE/rhino15.aca,457,09-50-42,2026-04-30,09:50:42,2026-04-30T09:50:42,256.39000000000004,0.119,13.1148,539.8609481894549,327.0999740221405
IFE/rhino15.aca,458,09-51-32,2026-04-30,09:51:32,2026-04-30T09:51:32,256.39000000000004,0.16199999999999998,7.848800000000001,365.7618227282404,260.6898006082572
IFE/rhino15.aca,459,09-52-21,2026-04-30,09:52:21,2026-04-30T09:52:21,256.39000000000004,0.20500000000000002,5.7872,273.3740997859928,222.13950482170748
IFE/rhino15.aca,460,09-53-10,2026-04-30,09:53:10,2026-04-30T09:53:10,256.39000000000004,0.248,4.6835,216.36820863445465,196.95745676756195
IFE/rhino15.aca,461,09-53-59,2026-04-30,09:53:59,2026-04-30T09:53:59,256.39000000000004,0.291,3.9929,177.8771162293866,179.21752600776745
IFE/rhino15.aca,462,09-54-48,2026-04-30,09:54:48,2026-04-30T09:54:48,257.6700000000001,0.076,56.111000000000004,1007.8215859374853,470.9982296405544
IFE/rhino15.aca,463,09-55-40,2026-04-30,09:55:40,2026-04-30T09:55:40,257.6700000000001,0.119,13.1148,542.5561469634173,328.732986100414
IFE/rhino15.aca,464,09-56-30,2026-04-30,09:56:30,2026-04-30T09:56:30,257.6700000000001,0.16199999999999998,7.848800000000001,367.58785000344653,261.99126690873226
IFE/rhino15.aca,465,09-57-21,2026-04-30,09:57:21,2026-04-30T09:57:21,257.6700000000001,0.20500000000000002,5.7872,274.7388911106638,223.2485128414117
IFE/rhino15.aca,466,09-58-09,2026-04-30,09:58:09,2026-04-30T09:58:09,257.6700000000001,0.248,4.6835,217.44840406735275,197.94074607160127
IFE/rhino15.aca,467,09-58-58,2026-04-30,09:58:58,2026-04-30T09:58:58,257.6700000000001,0.291,3.9929,178.76514894821085,180.1122505808401
IFE/rhino15.aca,468,09-59-48,2026-04-30,09:59:48,2026-04-30T09:59:48,258.95000000000005,0.076,56.111000000000004,1012.8280346120576,473.3379577188722
IFE/rhino15.aca,469,10-00-44,2026-04-30,10:00:44,2026-04-30T10:00:44,258.95000000000005,0.119,13.1148,545.2513457375564,330.3659981786875
IFE/rhino15.aca,470,10-01-35,2026-04-30,10:01:35,2026-04-30T10:01:35,258.95000000000005,0.16199999999999998,7.848800000000001,369.4138772787279,263.2927332092072
IFE/rhino15.aca,471,10-02-23,2026-04-30,10:02:23,2026-04-30T10:02:23,258.95000000000005,0.20500000000000002,5.7872,276.10368243533594,224.35752086111574
IFE/rhino15.aca,472,10-03-12,2026-04-30,10:03:12,2026-04-30T10:03:12,258.95000000000005,0.248,4.6835,218.52859950028142,198.92403537564024
IFE/rhino15.aca,473,10-04-02,2026-04-30,10:04:02,2026-04-30T10:04:02,258.95000000000005,0.291,3.9929,179.6531816670362,181.00697515391278
IFE/rhino15.aca,474,10-04-53,2026-04-30,10:04:53,2026-04-30T10:04:53,260.23,0.076,56.111000000000004,1017.8344832866344,475.67768579719
IFE/rhino15.aca,475,10-05-42,2026-04-30,10:05:42,2026-04-30T10:05:42,260.23,0.119,13.1148,547.9465445115624,331.999010256961
IFE/rhino15.aca,476,10-06-31,2026-04-30,10:06:31,2026-04-30T10:06:31,260.23,0.16199999999999998,7.848800000000001,371.2399045539067,264.5941995096821
IFE/rhino15.aca,477,10-07-21,2026-04-30,10:07:21,2026-04-30T10:07:21,260.23,0.20500000000000002,5.7872,277.4684737599884,225.46652888081985
IFE/rhino15.aca,478,10-08-09,2026-04-30,10:08:09,2026-04-30T10:08:09,260.23,0.248,4.6835,219.60879493325154,199.90732467967953
IFE/rhino15.aca,479,10-08-58,2026-04-30,10:08:58,2026-04-30T10:08:58,260.23,0.291,3.9929,180.54121438580805,181.90169972698536
IFE/rhino15.aca,480,10-09-33,2026-04-30,10:09:33,2026-04-30T10:09:33,261.51000000000005,0.076,56.111000000000004,1022.8409319615297,478.0174138755078
IFE/rhino16.aca,481,10-10-23,2026-04-30,10:10:23,2026-04-30T10:10:23,261.51000000000005,0.119,13.1148,550.641743285719,333.63202233523464
IFE/rhino16.aca,482,10-11-12,2026-04-30,10:11:12,2026-04-30T10:11:12,261.51000000000005,0.16199999999999998,7.848800000000001,373.065931829104,265.8956658101572
IFE/rhino16.aca,483,10-12-02,2026-04-30,10:12:02,2026-04-30T10:12:02,261.51000000000005,0.20500000000000002,5.7872,278.8332650846354,226.575536900524
IFE/rhino16.aca,484,10-12-51,2026-04-30,10:12:51,2026-04-30T10:12:51,261.51000000000005,0.248,4.6835,220.68899036617367,200.89061398371882
IFE/rhino16.aca,485,10-13-47,2026-04-30,10:13:47,2026-04-30T10:13:47,261.51000000000005,0.291,3.9929,181.4292471046274,182.79642430005805
IFE/rhino16.aca,486,10-14-36,2026-04-30,10:14:36,2026-04-30T10:14:36,262.7900000000001,0.076,56.111000000000004,1027.8473806360278,480.3571419538258
IFE/rhino16.aca,487,10-15-25,2026-04-30,10:15:25,2026-04-30T10:15:25,262.7900000000001,0.119,13.1148,553.3369420596355,335.26503441350826
IFE/rhino16.aca,488,10-16-14,2026-04-30,10:16:14,2026-04-30T10:16:14,262.7900000000001,0.16199999999999998,7.848800000000001,374.89195910430027,267.19713211063225
IFE/rhino16.aca,489,10-17-05,2026-04-30,10:17:05,2026-04-30T10:17:05,262.7900000000001,0.20500000000000002,5.7872,280.1980564092115,227.68454492022818
IFE/rhino16.aca,490,10-17-55,2026-04-30,10:17:55,2026-04-30T10:17:55,262.7900000000001,0.248,4.6835,221.76918579908815,201.87390328775814
IFE/rhino16.aca,491,10-18-45,2026-04-30,10:18:45,2026-04-30T10:18:45,262.7900000000001,0.291,3.9929,182.31727982342326,183.69114887313074
IFE/rhino16.aca,492,10-20-25,2026-04-30,10:20:25,2026-04-30T10:20:25,264.07000000000005,0.119,13.1148,556.0321408337659,336.8980464917818
IFE/rhino16.aca,493,10-21-15,2026-04-30,10:21:15,2026-04-30T10:21:15,264.07000000000005,0.16199999999999998,7.848800000000001,376.71798637950417,268.49859841110725
IFE/rhino16.aca,494,10-22-05,2026-04-30,10:22:05,2026-04-30T10:22:05,264.07000000000005,0.20500000000000002,5.7872,281.5628477338727,228.79355293993237
IFE/rhino16.aca,495,10-22-43,2026-04-30,10:22:43,2026-04-30T10:22:43,264.07000000000005,0.248,4.6835,222.84938123205612,202.85719259179746
IFE/rhino16.aca,496,10-23-32,2026-04-30,10:23:32,2026-04-30T10:23:32,264.07000000000005,0.291,3.9929,183.20531254224042,184.58587344620338
IFE/rhino16.aca,497,10-24-09,2026-04-30,10:24:09,2026-04-30T10:24:09,265.35,0.076,56.111000000000004,1037.8602779853777,485.03659811046134
IFE/rhino16.aca,498,10-24-58,2026-04-30,10:24:58,2026-04-30T10:24:58,265.35,0.119,13.1148,558.727339607822,338.53105857005517
IFE/rhino16.aca,499,10-25-48,2026-04-30,10:25:48,2026-04-30T10:25:48,265.35,0.16199999999999998,7.848800000000001,378.5440136547506,269.80006471158214
IFE/rhino16.aca,500,10-26-37,2026-04-30,10:26:37,2026-04-30T10:26:37,265.35,0.20500000000000002,5.7872,282.9276390585077,229.9025609596364
IFE/rhino16.aca,501,10-27-30,2026-04-30,10:27:30,2026-04-30T10:27:30,265.35,0.248,4.6835,223.92957666502735,203.8404818958366
IFE/rhino16.aca,502,10-28-21,2026-04-30,10:28:21,2026-04-30T10:28:21,265.35,0.291,3.9929,184.09334526104394,185.48059801927593
IFE/rhino16.aca,503,10-28-58,2026-04-30,10:28:58,2026-04-30T10:28:58,266.63000000000005,0.076,56.111000000000004,1042.8667266601465,487.3763261887792
IFE/rhino16.aca,504,10-29-50,2026-04-30,10:29:50,2026-04-30T10:29:50,266.63000000000005,0.119,13.1148,561.4225383820005,340.1640706483289
IFE/rhino16.aca,505,10-30-41,2026-04-30,10:30:41,2026-04-30T10:30:41,266.63000000000005,0.16199999999999998,7.848800000000001,380.37004092996756,271.1015310120572
IFE/rhino16.aca,506,10-31-30,2026-04-30,10:31:30,2026-04-30T10:31:30,266.63000000000005,0.20500000000000002,5.7872,284.29243038321476,231.01156897934055
IFE/rhino16.aca,507,10-32-21,2026-04-30,10:32:21,2026-04-30T10:32:21,266.63000000000005,0.248,4.6835,225.00977209797674,204.82377119987598
IFE/rhino16.aca,508,10-33-12,2026-04-30,10:33:12,2026-04-30T10:33:12,266.63000000000005,0.291,3.9929,184.98137797984472,186.37532259234865
IFE/rhino16.aca,509,10-34-02,2026-04-30,10:34:02,2026-04-30T10:34:02,267.9100000000001,0.076,56.111000000000004,1047.8731753346947,489.7160542670972
IFE/rhino16.aca,510,10-34-51,2026-04-30,10:34:51,2026-04-30T10:34:51,267.9100000000001,0.119,13.1148,564.1177371560109,341.79708272660247
IFE/rhino16.aca,511,10-35-42,2026-04-30,10:35:42,2026-04-30T10:35:42,267.9100000000001,0.16199999999999998,7.848800000000001,382.19606820518237,272.4029973125322
IFE/rhino16.aca,512,10-36-33,2026-04-30,10:36:33,2026-04-30T10:36:33,267.9100000000001,0.20500000000000002,5.7872,285.65722170781044,232.12057699904474
IFE/rhino16.aca,513,10-37-24,2026-04-30,10:37:24,2026-04-30T10:37:24,267.9100000000001,0.248,4.6835,226.0899675309589,205.8070605039153
IFE/rhino16.aca,514,10-38-13,2026-04-30,10:38:13,2026-04-30T10:38:13,267.9100000000001,0.291,3.9929,185.86941069861714,187.27004716542126
IFE/rhino16.aca,515,10-39-07,2026-04-30,10:39:07,2026-04-30T10:39:07,269.19000000000005,0.076,56.111000000000004,1052.8796240094264,492.0557823454151
IFE/rhino16.aca,516,10-39-59,2026-04-30,10:39:59,2026-04-30T10:39:59,269.19000000000005,0.119,13.1148,566.812935930019,343.43009480487615
IFE/rhino16.aca,517,10-40-52,2026-04-30,10:40:52,2026-04-30T10:40:52,269.19000000000005,0.16199999999999998,7.848800000000001,384.02209548038735,273.7044636130072
IFE/rhino16.aca,518,10-41-44,2026-04-30,10:41:44,2026-04-30T10:41:44,269.19000000000005,0.20500000000000002,5.7872,287.0220130325306,233.22958501874882
IFE/rhino16.aca,519,10-42-34,2026-04-30,10:42:34,2026-04-30T10:42:34,269.19000000000005,0.248,4.6835,227.17016296381334,206.79034980795456
IFE/rhino16.aca,520,10-43-27,2026-04-30,10:43:27,2026-04-30T10:43:27,269.19000000000005,0.291,3.9929,186.75744341743265,188.16477173849395
IFE/rhino16.aca,521,10-44-19,2026-04-30,10:44:19,2026-04-30T10:44:19,270.47,0.076,56.111000000000004,1057.8860726841078,494.39551042373284
IFE/rhino16.aca,522,10-45-11,2026-04-30,10:45:11,2026-04-30T10:45:11,270.47,0.119,13.1148,569.5081347040381,345.06310688314954
IFE/rhino16.aca,523,10-46-05,2026-04-30,10:46:05,2026-04-30T10:46:05,270.47,0.16199999999999998,7.848800000000001,385.84812275557704,275.0059299134821
IFE/rhino16.aca,524,10-47-01,2026-04-30,10:47:01,2026-04-30T10:47:01,270.47,0.20500000000000002,5.7872,288.3868043571023,234.33859303845293
IFE/rhino16.aca,525,10-47-54,2026-04-30,10:47:54,2026-04-30T10:47:54,270.47,0.248,4.6835,228.2503583967813,207.77363911199387
IFE/rhino16.aca,526,10-48-45,2026-04-30,10:48:45,2026-04-30T10:48:45,270.47,0.291,3.9929,187.64547613622418,189.0594963115666
IFE/rhino16.aca,527,10-49-37,2026-04-30,10:49:37,2026-04-30T10:49:37,271.75000000000006,0.076,56.111000000000004,1062.892521358534,496.7352385020506
IFE/rhino16.aca,528,10-50-29,2026-04-30,10:50:29,2026-04-30T10:50:29,271.75000000000006,0.119,13.1148,572.20333347821,346.6961189614231
IFE/rhino16.aca,529,10-51-18,2026-04-30,10:51:18,2026-04-30T10:51:18,271.75000000000006,0.16199999999999998,7.848800000000001,387.67415003079077,276.3073962139572
IFE/rhino16.aca,530,10-52-08,2026-04-30,10:52:08,2026-04-30T10:52:08,271.75000000000006,0.20500000000000002,5.7872,289.75159568174934,235.44760105815703
IFE/rhino16.aca,531,10-53-00,2026-04-30,10:53:00,2026-04-30T10:53:00,271.75000000000006,0.248,4.6835,229.3305538297045,208.75692841603313
IFE/rhino16.aca,532,10-53-50,2026-04-30,10:53:50,2026-04-30T10:53:50,271.75000000000006,0.291,3.9929,188.53350885503914,189.95422088463923
IFE/rhino16.aca,533,10-54-41,2026-04-30,10:54:41,2026-04-30T10:54:41,273.0300000000001,0.076,56.111000000000004,1067.8989700332284,499.0749665803686
IFE/rhino16.aca,534,10-55-32,2026-04-30,10:55:32,2026-04-30T10:55:32,273.0300000000001,0.119,13.1148,574.8985322521723,348.32913103969463
IFE/rhino16.aca,535,10-56-23,2026-04-30,10:56:23,2026-04-30T10:56:23,273.0300000000001,0.16199999999999998,7.848800000000001,389.5001773060623,277.6088625144322
IFE/rhino16.aca,536,10-57-13,2026-04-30,10:57:13,2026-04-30T10:57:13,273.0300000000001,0.20500000000000002,5.7872,291.11638700641817,236.55660907786125
IFE/rhino16.aca,537,10-58-04,2026-04-30,10:58:04,2026-04-30T10:58:04,273.0300000000001,0.248,4.6835,230.4107492626561,209.74021772007245
IFE/rhino16.aca,538,10-58-54,2026-04-30,10:58:54,2026-04-30T10:58:54,273.0300000000001,0.291,3.9929,189.42154157383393,190.8489454577119
IFE/rhino16.aca,539,10-59-45,2026-04-30,10:59:45,2026-04-30T10:59:45,274.31000000000006,0.076,56.111000000000004,1072.9054187080758,501.41469465868636
IFE/rhino16.aca,540,12-04-56,2026-04-30,12:04:56,2026-04-30T12:04:56,290.95000000000005,0.291,3.9929,201.8539996370706,203.37508948072872
IFE/rhino16.aca,541,12-05-31,2026-04-30,12:05:31,2026-04-30T12:05:31,292.2300000000001,0.076,56.111000000000004,1142.9957001533191,534.170887755065
IFE/rhino16.aca,542,12-06-05,2026-04-30,12:06:05,2026-04-30T12:06:05,292.2300000000001,0.119,13.1148,615.3265138630871,372.8243122137967
IFE/rhino16.aca,543,12-06-55,2026-04-30,12:06:55,2026-04-30T12:06:55,292.2300000000001,0.16199999999999998,7.848800000000001,416.8905864342647,297.13085702155695
IFE/rhino16.aca,544,12-07-43,2026-04-30,12:07:43,2026-04-30T12:07:43,292.2300000000001,0.20500000000000002,5.7872,311.5882568760873,253.19172937341415
IFE/rhino16.aca,545,12-08-19,2026-04-30,12:08:19,2026-04-30T12:08:19,292.2300000000001,0.248,4.6835,246.6136807568153,224.48955728066068
IFE/rhino16.aca,546,12-08-54,2026-04-30,12:08:54,2026-04-30T12:08:54,292.2300000000001,0.291,3.9929,202.74203235589266,204.26981405380138
IFE/rhino16.aca,547,12-09-28,2026-04-30,12:09:28,2026-04-30T12:09:28,293.5100000000001,0.076,56.111000000000004,1148.0021488279526,536.5106158333829
IFE/rhino16.aca,548,12-10-03,2026-04-30,12:10:03,2026-04-30T12:10:03,293.5100000000001,0.119,13.1148,618.0217126372766,374.4573242920703
IFE/rhino16.aca,549,12-10-37,2026-04-30,12:10:37,2026-04-30T12:10:37,293.5100000000001,0.16199999999999998,7.848800000000001,418.7166137094828,298.4323233220322
IFE/rhino16.aca,550,12-11-13,2026-04-30,12:11:13,2026-04-30T12:11:13,293.5100000000001,0.20500000000000002,5.7872,312.95304820072124,254.30073739311845
IFE/rhino16.aca,551,12-11-48,2026-04-30,12:11:48,2026-04-30T12:11:48,293.5100000000001,0.248,4.6835,247.6938761897418,225.47284658469994
IFE/rhino16.aca,552,12-12-23,2026-04-30,12:12:23,2026-04-30T12:12:23,293.5100000000001,0.291,3.9929,203.630065074682,205.16453862687416
IFE/rhino16.aca,553,12-13-00,2026-04-30,12:13:00,2026-04-30T12:13:00,294.7900000000001,0.076,56.111000000000004,1153.0085975024485,538.8503439117006
IFE/rhino16.aca,554,12-13-39,2026-04-30,12:13:39,2026-04-30T12:13:39,294.7900000000001,0.119,13.1148,620.7169114112432,376.09033637034383
IFE/rhino16.aca,555,12-14-15,2026-04-30,12:14:15,2026-04-30T12:14:15,294.7900000000001,0.16199999999999998,7.848800000000001,420.5426409846779,299.73378962250706
IFE/rhino16.aca,556,12-14-50,2026-04-30,12:14:50,2026-04-30T12:14:50,294.7900000000001,0.20500000000000002,5.7872,314.31783952539445,255.4097454128224
IFE/rhino16.aca,557,12-15-24,2026-04-30,12:15:24,2026-04-30T12:15:24,294.7900000000001,0.248,4.6835,248.77407162272613,226.4561358887392
IFE/rhino16.aca,558,12-16-00,2026-04-30,12:16:00,2026-04-30T12:16:00,294.7900000000001,0.291,3.9929,204.51809779346695,206.0592631999467
IFE/rhino16.aca,559,12-16-34,2026-04-30,12:16:34,2026-04-30T12:16:34,296.07000000000005,0.076,56.111000000000004,1158.0150461771693,541.1900719900184
IFE/rhino16.aca,560,12-17-09,2026-04-30,12:17:09,2026-04-30T12:17:09,296.07000000000005,0.119,13.1148,623.4121101854805,377.72334844861723
IFE/rhino17.aca,561,12-17-43,2026-04-30,12:17:43,2026-04-30T12:17:43,296.07000000000005,0.16199999999999998,7.848800000000001,422.36866825992547,301.03525592298195
IFE/rhino17.aca,562,12-18-19,2026-04-30,12:18:19,2026-04-30T12:18:19,296.07000000000005,0.20500000000000002,5.7872,315.6826308500491,256.51875343249105
IFE/rhino17.aca,563,12-18-54,2026-04-30,12:18:54,2026-04-30T12:18:54,296.07000000000005,0.248,4.6835,249.85426705564277,227.43942519277846
IFE/rhino17.aca,564,12-19-29,2026-04-30,12:19:29,2026-04-30T12:19:29,296.07000000000005,0.291,3.9929,205.40613051228138,206.9539877730193
IFE/rhino17.aca,565,12-20-20,2026-04-30,12:20:20,2026-04-30T12:20:20,297.3500000000001,0.076,56.111000000000004,1163.0214948518028,543.5298000683365
IFE/rhino17.aca,566,12-21-14,2026-04-30,12:21:14,2026-04-30T12:21:14,297.3500000000001,0.119,13.1148,626.1073089596088,379.35636052689097
IFE/rhino17.aca,567,12-22-08,2026-04-30,12:22:08,2026-04-30T12:22:08,297.3500000000001,0.16199999999999998,7.848800000000001,424.1946955350988,302.33672222345706
IFE/rhino17.aca,568,12-22-58,2026-04-30,12:22:58,2026-04-30T12:22:58,297.3500000000001,0.20500000000000002,5.7872,317.0474221746972,257.6277614521952
IFE/rhino17.aca,569,12-23-52,2026-04-30,12:23:52,2026-04-30T12:23:52,297.3500000000001,0.248,4.6835,250.93446248858783,228.42271449681783
IFE/rhino17.aca,570,12-24-46,2026-04-30,12:24:46,2026-04-30T12:24:46,297.3500000000001,0.291,3.9929,206.29416323104016,207.848712346092
IFE/rhino17.aca,571,12-25-27,2026-04-30,12:25:27,2026-04-30T12:25:27,298.6300000000001,0.076,56.111000000000004,1168.0279435264733,545.8695281466543
IFE/rhino17.aca,572,12-26-02,2026-04-30,12:26:02,2026-04-30T12:26:02,298.6300000000001,0.119,13.1148,628.8025077335035,380.9893726051645
IFE/rhino17.aca,573,12-26-36,2026-04-30,12:26:36,2026-04-30T12:26:36,298.6300000000001,0.16199999999999998,7.848800000000001,426.02072281031906,303.63818852393206
IFE/rhino17.aca,574,12-27-10,2026-04-30,12:27:10,2026-04-30T12:27:10,298.6300000000001,0.20500000000000002,5.7872,318.4122134993366,258.73676947189927
IFE/rhino17.aca,575,12-27-46,2026-04-30,12:27:46,2026-04-30T12:27:46,298.6300000000001,0.248,4.6835,252.01465792153286,229.40600380085706
IFE/rhino17.aca,576,12-28-21,2026-04-30,12:28:21,2026-04-30T12:28:21,298.6300000000001,0.291,3.9929,207.18219594983384,208.74343691916465
IFE/rhino17.aca,577,12-28-57,2026-04-30,12:28:57,2026-04-30T12:28:57,299.9100000000001,0.076,56.111000000000004,1173.0343922011089,548.2092562249718
IFE/rhino17.aca,578,12-29-32,2026-04-30,12:29:32,2026-04-30T12:29:32,299.9100000000001,0.119,13.1148,631.4977065075902,382.6223846834382
IFE/rhino17.aca,579,12-30-21,2026-04-30,12:30:21,2026-04-30T12:30:21,299.9100000000001,0.16199999999999998,7.848800000000001,427.84675008554586,304.93965482440706
IFE/rhino17.aca,580,12-31-13,2026-04-30,12:31:13,2026-04-30T12:31:13,299.9100000000001,0.20500000000000002,5.7872,319.77700482403924,259.8457774916035
IFE/rhino17.aca,581,12-32-04,2026-04-30,12:32:04,2026-04-30T12:32:04,299.9100000000001,0.248,4.6835,253.09485335446152,230.38929310489638
IFE/rhino17.aca,582,12-32-57,2026-04-30,12:32:57,2026-04-30T12:32:57,299.9100000000001,0.291,3.9929,208.07022866864608,209.63816149223732
IFE/rhino17.aca,583,12-33-50,2026-04-30,12:33:50,2026-04-30T12:33:50,301.19000000000005,0.076,56.111000000000004,1178.0408408758776,550.5489843032894
IFE/rhino17.aca,584,12-34-44,2026-04-30,12:34:44,2026-04-30T12:34:44,301.19000000000005,0.119,13.1148,634.1929052815678,384.2553967617115
IFE/rhino17.aca,585,12-35-37,2026-04-30,12:35:37,2026-04-30T12:35:37,301.19000000000005,0.16199999999999998,7.848800000000001,429.6727773607137,306.24112112488194
IFE/rhino17.aca,586,12-36-29,2026-04-30,12:36:29,2026-04-30T12:36:29,301.19000000000005,0.20500000000000002,5.7872,321.14179614862513,260.95478551130753
IFE/rhino17.aca,587,12-37-27,2026-04-30,12:37:27,2026-04-30T12:37:27,301.19000000000005,0.248,4.6835,254.17504878738472,231.37258240893556
IFE/rhino17.aca,588,12-38-28,2026-04-30,12:38:28,2026-04-30T12:38:28,301.19000000000005,0.291,3.9929,208.9582613874758,210.53288606530987
IFE/rhino17.aca,589,12-39-25,2026-04-30,12:39:25,2026-04-30T12:39:25,302.4700000000001,0.076,56.111000000000004,1183.0472895505766,552.8887123816075
IFE/rhino17.aca,590,12-40-24,2026-04-30,12:40:24,2026-04-30T12:40:24,302.4700000000001,0.119,13.1148,636.8881040556611,385.8884088399851
IFE/rhino17.aca,591,12-41-24,2026-04-30,12:41:24,2026-04-30T12:41:24,302.4700000000001,0.16199999999999998,7.848800000000001,431.49880463596344,307.542587425357
IFE/rhino17.aca,592,12-42-23,2026-04-30,12:42:23,2026-04-30T12:42:23,302.4700000000001,0.20500000000000002,5.7872,322.50658747326236,262.0637935310117
IFE/rhino17.aca,593,12-43-20,2026-04-30,12:43:20,2026-04-30T12:43:20,302.4700000000001,0.248,4.6835,255.2552442203625,232.35587171297493
IFE/rhino17.aca,594,12-44-12,2026-04-30,12:44:12,2026-04-30T12:44:12,302.4700000000001,0.291,3.9929,209.84629410627932,211.42761063838256
IFE/rhino17.aca,595,12-45-03,2026-04-30,12:45:03,2026-04-30T12:45:03,303.7500000000001,0.076,56.111000000000004,1188.0537382252035,555.2284404599254
IFE/rhino17.aca,596,12-45-56,2026-04-30,12:45:56,2026-04-30T12:45:56,303.7500000000001,0.119,13.1148,639.5833028297675,387.52142091825874
IFE/rhino17.aca,597,12-46-50,2026-04-30,12:46:50,2026-04-30T12:46:50,303.7500000000001,0.16199999999999998,7.848800000000001,433.324831911139,308.84405372583217
IFE/rhino17.aca,598,12-47-42,2026-04-30,12:47:42,2026-04-30T12:47:42,303.7500000000001,0.20500000000000002,5.7872,323.8713787979312,263.17280155071586
IFE/rhino17.aca,599,12-48-35,2026-04-30,12:48:35,2026-04-30T12:48:35,303.7500000000001,0.248,4.6835,256.3354396532999,233.33916101701368
IFE/rhino17.aca,600,12-49-28,2026-04-30,12:49:28,2026-04-30T12:49:28,303.7500000000001,0.291,3.9929,210.73432682510685,212.322335211455
IFE/rhino17.aca,601,12-50-21,2026-04-30,12:50:21,2026-04-30T12:50:21,305.0300000000001,0.076,56.111000000000004,1193.0601868997583,557.5681685382433
IFE/rhino17.aca,602,12-51-14,2026-04-30,12:51:14,2026-04-30T12:51:14,305.0300000000001,0.119,13.1148,642.2785016038215,389.15443299653236
IFE/rhino17.aca,603,12-52-07,2026-04-30,12:52:07,2026-04-30T12:52:07,305.0300000000001,0.16199999999999998,7.848800000000001,435.15085918642365,310.14552002630717
IFE/rhino17.aca,604,12-53-00,2026-04-30,12:53:00,2026-04-30T12:53:00,305.0300000000001,0.20500000000000002,5.7872,325.2361701225662,264.28180957042
IFE/rhino17.aca,605,12-53-53,2026-04-30,12:53:53,2026-04-30T12:53:53,305.0300000000001,0.248,4.6835,257.4156350862471,234.322450321053
IFE/rhino17.aca,606,12-54-45,2026-04-30,12:54:45,2026-04-30T12:54:45,305.0300000000001,0.291,3.9929,211.62235954391582,213.2170597845277
IFE/rhino17.aca,607,12-55-38,2026-04-30,12:55:38,2026-04-30T12:55:38,306.31000000000006,0.076,56.111000000000004,1198.0666355745445,559.907896616561
IFE/rhino17.aca,608,12-56-33,2026-04-30,12:56:33,2026-04-30T12:56:33,306.31000000000006,0.119,13.1148,644.9737003779868,390.78744507480576
IFE/rhino17.aca,609,12-57-29,2026-04-30,12:57:29,2026-04-30T12:57:29,306.31000000000006,0.16199999999999998,7.848800000000001,436.9768864615926,311.446986326782
IFE/rhino17.aca,610,12-58-25,2026-04-30,12:58:25,2026-04-30T12:58:25,306.31000000000006,0.20500000000000002,5.7872,326.6009614472274,265.3908175901241
IFE/rhino17.aca,611,12-59-18,2026-04-30,12:59:18,2026-04-30T12:59:18,306.31000000000006,0.248,4.6835,258.49583051919,235.3057396250922
IFE/rhino17.aca,612,13-00-13,2026-04-30,13:00:13,2026-04-30T13:00:13,306.31000000000006,0.291,3.9929,212.51039226269967,214.11178435760027
IFE/rhino17.aca,613,13-01-12,2026-04-30,13:01:12,2026-04-30T13:01:12,307.5900000000001,0.076,56.111000000000004,1203.073084249058,562.2476246948788
IFE/rhino17.aca,614,13-02-06,2026-04-30,13:02:06,2026-04-30T13:02:06,307.5900000000001,0.119,13.1148,647.668899152032,392.4204571530794
IFE/rhino17.aca,615,13-03-01,2026-04-30,13:03:01,2026-04-30T13:03:01,307.5900000000001,0.16199999999999998,7.848800000000001,438.802913736827,312.74845262725705
IFE/rhino17.aca,616,13-03-58,2026-04-30,13:03:58,2026-04-30T13:03:58,307.5900000000001,0.20500000000000002,5.7872,327.9657527718897,266.49982560982824
IFE/rhino17.aca,617,13-04-52,2026-04-30,13:04:52,2026-04-30T13:04:52,307.5900000000001,0.248,4.6835,259.5760259521427,236.28902892913158
IFE/rhino17.aca,618,13-05-45,2026-04-30,13:05:45,2026-04-30T13:05:45,307.5900000000001,0.291,3.9929,213.39842498151083,215.0065089306729
IFE/rhino17.aca,619,13-06-37,2026-04-30,13:06:37,2026-04-30T13:06:37,308.8700000000001,0.076,56.111000000000004,1208.0795329236935,564.5873527731968
IFE/rhino17.aca,620,13-07-28,2026-04-30,13:07:28,2026-04-30T13:07:28,308.8700000000001,0.119,13.1148,650.3640979260621,394.053469231353
IFE/rhino17.aca,621,13-08-20,2026-04-30,13:08:20,2026-04-30T13:08:20,308.8700000000001,0.16199999999999998,7.848800000000001,440.62894101200146,314.04991892773216
IFE/rhino17.aca,622,13-09-14,2026-04-30,13:09:14,2026-04-30T13:09:14,308.8700000000001,0.20500000000000002,5.7872,329.3305440964865,267.60883362953246
IFE/rhino17.aca,623,13-10-05,2026-04-30,13:10:05,2026-04-30T13:10:05,308.8700000000001,0.248,4.6835,260.65622138501897,237.27231823317092
IFE/rhino17.aca,624,13-10-57,2026-04-30,13:10:57,2026-04-30T13:10:57,308.8700000000001,0.291,3.9929,214.28645770027288,215.90123350374563
IFE/rhino17.aca,625,13-11-48,2026-04-30,13:11:48,2026-04-30T13:11:48,310.1500000000001,0.076,56.111000000000004,1213.0859815985386,566.9270808515146
IFE/rhino17.aca,626,13-12-41,2026-04-30,13:12:41,2026-04-30T13:12:41,310.1500000000001,0.119,13.1148,653.0592967002143,395.6864813096264
IFE/rhino17.aca,627,13-13-42,2026-04-30,13:13:42,2026-04-30T13:13:42,310.1500000000001,0.16199999999999998,7.848800000000001,442.45496828724356,315.35138522820705
IFE/rhino17.aca,628,13-14-35,2026-04-30,13:14:35,2026-04-30T13:14:35,310.1500000000001,0.20500000000000002,5.7872,330.6953354211335,268.71784164923656
IFE/rhino17.aca,629,13-15-29,2026-04-30,13:15:29,2026-04-30T13:15:29,310.1500000000001,0.248,4.6835,261.7364168179978,238.25560753721015
IFE/rhino17.aca,630,13-16-22,2026-04-30,13:16:22,2026-04-30T13:16:22,310.1500000000001,0.291,3.9929,215.17449041909495,216.79595807681824
IFE/rhino17.aca,631,13-17-17,2026-04-30,13:17:17,2026-04-30T13:17:17,311.43000000000006,0.076,56.111000000000004,1218.092430273148,569.2668089298322
IFE/rhino17.aca,632,13-18-12,2026-04-30,13:18:12,2026-04-30T13:18:12,311.43000000000006,0.119,13.1148,655.7544954742377,397.3194933878999
IFE/rhino17.aca,633,13-19-07,2026-04-30,13:19:07,2026-04-30T13:19:07,311.43000000000006,0.16199999999999998,7.848800000000001,444.2809955624463,316.65285152868194
IFE/rhino17.aca,634,13-20-01,2026-04-30,13:20:01,2026-04-30T13:20:01,311.43000000000006,0.20500000000000002,5.7872,332.0601267457423,269.82684966894055
IFE/rhino17.aca,635,13-20-56,2026-04-30,13:20:56,2026-04-30T13:20:56,311.43000000000006,0.248,4.6835,262.81661225091665,239.23889684124936
IFE/rhino17.aca,636,13-21-49,2026-04-30,13:21:49,2026-04-30T13:21:49,311.43000000000006,0.291,3.9929,216.06252313790174,217.69068264989085
IFE/rhino17.aca,637,13-22-45,2026-04-30,13:22:45,2026-04-30T13:22:45,312.7100000000001,0.076,56.111000000000004,1223.0988789478404,571.6065370081501
IFE/rhino17.aca,638,13-23-22,2026-04-30,13:23:22,2026-04-30T13:23:22,312.7100000000001,0.119,13.1148,658.4496942482328,398.95250546617353
IFE/rhino17.aca,639,13-23-58,2026-04-30,13:23:58,2026-04-30T13:23:58,312.7100000000001,0.16199999999999998,7.848800000000001,446.1070228375913,317.954317829157
IFE/rhino17.aca,640,13-24-34,2026-04-30,13:24:34,2026-04-30T13:24:34,312.7100000000001,0.20500000000000002,5.7872,333.4249180704559,270.9358576886448
IFE/rhino18.aca,641,13-25-11,2026-04-30,13:25:11,2026-04-30T13:25:11,312.7100000000001,0.248,4.6835,263.89680768386063,240.22218614528867
IFE/rhino18.aca,642,13-25-47,2026-04-30,13:25:47,2026-04-30T13:25:47,312.7100000000001,0.291,3.9929,216.95055585671508,218.58540722296345
IFE/rhino18.aca,643,13-26-27,2026-04-30,13:26:27,2026-04-30T13:26:27,313.9900000000001,0.076,56.111000000000004,1228.105327622118,573.946265086468
IFE/rhino18.aca,644,13-27-04,2026-04-30,13:27:04,2026-04-30T13:27:04,313.9900000000001,0.119,13.1148,661.1448930222148,400.58551754444716
IFE/rhino18.aca,645,13-27-41,2026-04-30,13:27:41,2026-04-30T13:27:41,313.9900000000001,0.16199999999999998,7.848800000000001,447.9330501128694,319.255784129632
IFE/rhino18.aca,646,13-28-16,2026-04-30,13:28:16,2026-04-30T13:28:16,313.9900000000001,0.20500000000000002,5.7872,334.78970939511385,272.0448657083489
IFE/rhino18.aca,647,13-28-53,2026-04-30,13:28:53,2026-04-30T13:28:53,313.9900000000001,0.248,4.6835,264.977003116834,241.20547544932793
IFE/rhino18.aca,648,13-29-29,2026-04-30,13:29:29,2026-04-30T13:29:29,313.9900000000001,0.291,3.9929,217.83858857549893,219.48013179603612
IFE/rhino18.aca,649,13-30-06,2026-04-30,13:30:06,2026-04-30T13:30:06,315.2700000000001,0.076,56.111000000000004,1233.1117762971421,576.285993164786
IFE/rhino18.aca,650,13-30-43,2026-04-30,13:30:43,2026-04-30T13:30:43,315.2700000000001,0.119,13.1148,663.8400917962732,402.21852962272067
IFE/rhino18.aca,651,13-31-19,2026-04-30,13:31:19,2026-04-30T13:31:19,315.2700000000001,0.16199999999999998,7.848800000000001,449.759077388082,320.55725043010716
IFE/rhino18.aca,652,13-31-55,2026-04-30,13:31:55,2026-04-30T13:31:55,315.2700000000001,0.20500000000000002,5.7872,336.15450071972265,273.15387372805105
IFE/rhino18.aca,653,13-32-31,2026-04-30,13:32:31,2026-04-30T13:32:31,315.2700000000001,0.248,4.6835,266.0571985497725,242.18876475336725
IFE/rhino18.aca,654,13-33-08,2026-04-30,13:33:08,2026-04-30T13:33:08,315.2700000000001,0.291,3.9929,218.72662129432865,220.37485636910884
IFE/rhino18.aca,655,13-33-44,2026-04-30,13:33:44,2026-04-30T13:33:44,316.55000000000007,0.076,56.111000000000004,1238.1182249722012,578.6257212431024
IFE/rhino18.aca,656,13-34-21,2026-04-30,13:34:21,2026-04-30T13:34:21,316.55000000000007,0.119,13.1148,666.5352905703883,403.8515417009942
IFE/rhino18.aca,657,13-34-58,2026-04-30,13:34:58,2026-04-30T13:34:58,316.55000000000007,0.16199999999999998,7.848800000000001,451.58510466330665,321.85871673058205
IFE/rhino18.aca,658,13-35-34,2026-04-30,13:35:34,2026-04-30T13:35:34,316.55000000000007,0.20500000000000002,5.7872,337.51929204438056,274.26288174775505
IFE/rhino18.aca,659,13-36-08,2026-04-30,13:36:08,2026-04-30T13:36:08,316.55000000000007,0.248,4.6835,267.1373939827034,243.17205405740657
IFE/rhino18.aca,660,13-36-45,2026-04-30,13:36:45,2026-04-30T13:36:45,316.55000000000007,0.291,3.9929,219.614654013142,221.26958094218145
IFE/rhino18.aca,661,13-37-21,2026-04-30,13:37:21,2026-04-30T13:37:21,317.8300000000001,0.076,56.111000000000004,1243.124673646252,580.9654493214205
IFE/rhino18.aca,662,13-37-57,2026-04-30,13:37:57,2026-04-30T13:37:57,317.8300000000001,0.119,13.1148,669.2304893445231,405.4845537792678
IFE/rhino18.aca,663,13-38-33,2026-04-30,13:38:33,2026-04-30T13:38:33,317.8300000000001,0.16199999999999998,7.848800000000001,453.4111319385214,323.16018303105704
IFE/rhino18.aca,664,13-39-10,2026-04-30,13:39:10,2026-04-30T13:39:10,317.8300000000001,0.20500000000000002,5.7872,338.88408336903194,275.37188976745915
IFE/rhino18.aca,665,13-39-46,2026-04-30,13:39:46,2026-04-30T13:39:46,317.8300000000001,0.248,4.6835,268.2175894156462,244.15534336144583
IFE/rhino18.aca,666,13-40-22,2026-04-30,13:40:22,2026-04-30T13:40:22,317.8300000000001,0.291,3.9929,220.50268673190075,222.1643055152541
IFE/rhino18.aca,667,13-40-59,2026-04-30,13:40:59,2026-04-30T13:40:59,319.1100000000001,0.076,56.111000000000004,1248.1311223209573,583.3051773997383
IFE/rhino18.aca,668,13-41-37,2026-04-30,13:41:37,2026-04-30T13:41:37,319.1100000000001,0.119,13.1148,671.9256881185902,407.1175658575414
IFE/rhino18.aca,669,13-42-13,2026-04-30,13:42:13,2026-04-30T13:42:13,319.1100000000001,0.16199999999999998,7.848800000000001,455.23715921370456,324.461649331532
IFE/rhino18.aca,670,13-42-51,2026-04-30,13:42:51,2026-04-30T13:42:51,319.1100000000001,0.20500000000000002,5.7872,340.24887469367786,276.48089778716337
IFE/rhino18.aca,671,13-43-28,2026-04-30,13:43:28,2026-04-30T13:43:28,319.1100000000001,0.248,4.6835,269.29778484860543,245.1386326654852
IFE/rhino18.aca,672,13-44-05,2026-04-30,13:44:05,2026-04-30T13:44:05,319.1100000000001,0.291,3.9929,221.39071945069227,223.0590300883268
IFE/rhino18.aca,673,13-44-42,2026-04-30,13:44:42,2026-04-30T13:44:42,320.3900000000001,0.076,56.111000000000004,1253.137570995772,585.6449054780562
IFE/rhino18.aca,674,13-45-17,2026-04-30,13:45:17,2026-04-30T13:45:17,320.3900000000001,0.119,13.1148,674.6208868925175,408.75057793581493
IFE/rhino18.aca,675,13-45-53,2026-04-30,13:45:53,2026-04-30T13:45:53,320.3900000000001,0.16199999999999998,7.848800000000001,457.0631864890012,325.76311563200693
IFE/rhino18.aca,676,13-46-29,2026-04-30,13:46:29,2026-04-30T13:46:29,320.3900000000001,0.20500000000000002,5.7872,341.6136660182998,277.5899058068675
IFE/rhino18.aca,677,13-47-08,2026-04-30,13:47:08,2026-04-30T13:47:08,320.3900000000001,0.248,4.6835,270.3779802815581,246.12192196952444
IFE/rhino18.aca,678,13-47-45,2026-04-30,13:47:45,2026-04-30T13:47:45,320.3900000000001,0.291,3.9929,222.27875216953618,223.95375466139936
IFE/rhino18.aca,679,13-48-21,2026-04-30,13:48:21,2026-04-30T13:48:21,321.6700000000001,0.076,56.111000000000004,1258.1440196704339,587.984633556374
IFE/rhino18.aca,680,13-48-59,2026-04-30,13:48:59,2026-04-30T13:48:59,321.6700000000001,0.119,13.1148,677.316085666613,410.3835900140883
IFE/rhino18.aca,681,13-49-35,2026-04-30,13:49:35,2026-04-30T13:49:35,321.6700000000001,0.16199999999999998,7.848800000000001,458.88921376412,327.0645819324819
IFE/rhino18.aca,682,13-50-12,2026-04-30,13:50:12,2026-04-30T13:50:12,321.6700000000001,0.20500000000000002,5.7872,342.9784573430035,278.69891382657164
IFE/rhino18.aca,683,13-50-48,2026-04-30,13:50:48,2026-04-30T13:50:48,321.6700000000001,0.248,4.6835,271.45817571441364,247.10521127356373
IFE/rhino18.aca,684,13-51-23,2026-04-30,13:51:23,2026-04-30T13:51:23,321.6700000000001,0.291,3.9929,223.16678488828182,224.84847923447205
IFE/rhino18.aca,685,13-51-59,2026-04-30,13:51:59,2026-04-30T13:51:59,322.9500000000001,0.076,56.111000000000004,1263.150468344838,590.3243616346919
IFE/rhino18.aca,686,13-52-36,2026-04-30,13:52:36,2026-04-30T13:52:36,322.9500000000001,0.119,13.1148,680.0112844407216,412.01660209236206
IFE/rhino18.aca,687,13-53-11,2026-04-30,13:53:11,2026-04-30T13:53:11,322.9500000000001,0.16199999999999998,7.848800000000001,460.71524103945706,328.3660482329569
IFE/rhino18.aca,688,13-53-46,2026-04-30,13:53:46,2026-04-30T13:53:46,322.9500000000001,0.20500000000000002,5.7872,344.3432486675862,279.80792184627575
IFE/rhino18.aca,689,13-54-21,2026-04-30,13:54:21,2026-04-30T13:54:21,322.9500000000001,0.248,4.6835,272.538371147434,248.08850057760299
IFE/rhino18.aca,690,13-54-58,2026-04-30,13:54:58,2026-04-30T13:54:58,322.9500000000001,0.291,3.9929,224.0548176071432,225.74320380754472
IFE/rhino18.aca,691,13-55-35,2026-04-30,13:55:35,2026-04-30T13:55:35,324.23000000000013,0.076,56.111000000000004,1268.1569170201371,592.6640897130097
IFE/rhino18.aca,692,13-56-12,2026-04-30,13:56:12,2026-04-30T13:56:12,324.23000000000013,0.119,13.1148,682.7064832147429,413.6496141706356
IFE/rhino18.aca,693,13-56-49,2026-04-30,13:56:49,2026-04-30T13:56:49,324.23000000000013,0.16199999999999998,7.848800000000001,462.54126831471876,329.6675145334319
IFE/rhino18.aca,694,13-57-25,2026-04-30,13:57:25,2026-04-30T13:57:25,324.23000000000013,0.20500000000000002,5.7872,345.7080399922779,280.91692986597985
IFE/rhino18.aca,695,13-58-03,2026-04-30,13:58:03,2026-04-30T13:58:03,324.23000000000013,0.248,4.6835,273.6185665803365,249.07178988164236
IFE/rhino18.aca,696,13-58-39,2026-04-30,13:58:39,2026-04-30T13:58:39,324.23000000000013,0.291,3.9929,224.9428503259249,226.63792838061738
IFE/rhino18.aca,697,13-59-15,2026-04-30,13:59:15,2026-04-30T13:59:15,325.5100000000001,0.076,56.111000000000004,1273.1633656944455,595.0038177913275
IFE/rhino18.aca,698,13-59-51,2026-04-30,13:59:51,2026-04-30T13:59:51,325.5100000000001,0.119,13.1148,685.4016819889126,415.2826262489092
IFE/rhino18.aca,699,14-00-28,2026-04-30,14:00:28,2026-04-30T14:00:28,325.5100000000001,0.16199999999999998,7.848800000000001,464.367295589784,330.9689808339069
IFE/rhino18.aca,700,14-01-06,2026-04-30,14:01:06,2026-04-30T14:01:06,325.5100000000001,0.20500000000000002,5.7872,347.072831316914,282.0259378856841
IFE/rhino18.aca,701,14-01-47,2026-04-30,14:01:47,2026-04-30T14:01:47,325.5100000000001,0.248,4.6835,274.6987620133012,250.05507918568168
IFE/rhino18.aca,702,14-02-41,2026-04-30,14:02:41,2026-04-30T14:02:41,325.5100000000001,0.291,3.9929,225.83088304473168,227.53265295369
IFE/rhino18.aca,703,14-03-37,2026-04-30,14:03:37,2026-04-30T14:03:37,326.7900000000001,0.076,56.111000000000004,1278.1698143688845,597.3435458696451
IFE/rhino18.aca,704,14-04-34,2026-04-30,14:04:34,2026-04-30T14:04:34,326.7900000000001,0.119,13.1148,688.0968807629863,416.91563832716486
IFE/rhino18.aca,705,14-05-27,2026-04-30,14:05:27,2026-04-30T14:05:27,326.7900000000001,0.16199999999999998,7.848800000000001,466.19332286504795,332.2704471343818
IFE/rhino18.aca,706,14-06-05,2026-04-30,14:06:05,2026-04-30T14:06:05,326.7900000000001,0.20500000000000002,5.7872,348.4376226415992,283.1349459053881
IFE/rhino18.aca,707,14-06-42,2026-04-30,14:06:42,2026-04-30T14:06:42,326.7900000000001,0.248,4.6835,275.7789574462102,251.03836848972082
IFE/rhino18.aca,708,14-07-19,2026-04-30,14:07:19,2026-04-30T14:07:19,326.7900000000001,0.291,3.9929,226.71891576355702,228.4273775267626
IFE/rhino18.aca,709,14-07-57,2026-04-30,14:07:57,2026-04-30T14:07:57,328.0700000000001,0.076,56.111000000000004,1283.176263043983,599.6832739479632
IFE/rhino18.aca,710,14-08-34,2026-04-30,14:08:34,2026-04-30T14:08:34,328.0700000000001,0.119,13.1148,690.7920795370206,418.5486504054383
IFE/rhino18.aca,711,14-09-10,2026-04-30,14:09:10,2026-04-30T14:09:10,328.0700000000001,0.16199999999999998,7.848800000000001,468.0193501403555,333.5719134348568
IFE/rhino18.aca,712,14-09-47,2026-04-30,14:09:47,2026-04-30T14:09:47,328.0700000000001,0.20500000000000002,5.7872,349.80241396619493,284.2439539250921
IFE/rhino18.aca,713,14-10-23,2026-04-30,14:10:23,2026-04-30T14:10:23,328.0700000000001,0.248,4.6835,276.85915287918795,252.02165779376014
IFE/rhino18.aca,714,14-11-00,2026-04-30,14:11:00,2026-04-30T14:11:00,328.0700000000001,0.291,3.9929,227.6069484823769,229.3221020998353
IFE/rhino18.aca,715,14-11-37,2026-04-30,14:11:37,2026-04-30T14:11:37,329.35000000000014,0.076,56.111000000000004,1288.1827117182038,602.0230020262811
IFE/rhino18.aca,716,14-12-15,2026-04-30,14:12:15,2026-04-30T14:12:15,329.35000000000014,0.119,13.1148,693.4872783112035,420.18166248371205
IFE/rhino18.aca,717,14-12-54,2026-04-30,14:12:54,2026-04-30T14:12:54,329.35000000000014,0.16199999999999998,7.848800000000001,469.8453774154601,334.87337973533187
IFE/rhino18.aca,718,14-13-58,2026-04-30,14:13:58,2026-04-30T14:13:58,329.35000000000014,0.20500000000000002,5.7872,351.16720529087036,285.35296194479645
IFE/rhino18.aca,719,14-14-53,2026-04-30,14:14:53,2026-04-30T14:14:53,329.35000000000014,0.248,4.6835,277.9393483121636,253.0049470977995
IFE/rhino18.aca,720,14-15-49,2026-04-30,14:15:49,2026-04-30T14:15:49,329.35000000000014,0.291,3.9929,228.4949812011193,230.21682667290793
IFE/rhino19.aca,721,14-16-47,2026-04-30,14:16:47,2026-04-30T14:16:47,330.6300000000001,0.076,56.111000000000004,1293.1891603929703,604.3627301045989
IFE/rhino19.aca,722,14-17-42,2026-04-30,14:17:42,2026-04-30T14:17:42,330.6300000000001,0.119,13.1148,696.182477085026,421.8146745619855
IFE/rhino19.aca,723,14-18-28,2026-04-30,14:18:28,2026-04-30T14:18:28,330.6300000000001,0.16199999999999998,7.848800000000001,471.67140469062144,336.17484603580687
IFE/rhino19.aca,724,14-19-07,2026-04-30,14:19:07,2026-04-30T14:19:07,330.6300000000001,0.20500000000000002,5.7872,352.5319966155228,286.46196996450044
IFE/rhino19.aca,725,14-19-46,2026-04-30,14:19:46,2026-04-30T14:19:46,330.6300000000001,0.248,4.6835,279.01954374510643,253.98823640183875
IFE/rhino19.aca,726,14-20-24,2026-04-30,14:20:24,2026-04-30T14:20:24,330.6300000000001,0.291,3.9929,229.3830139199108,231.1115512459806
IFE/rhino19.aca,727,14-21-02,2026-04-30,14:21:02,2026-04-30T14:21:02,331.9100000000001,0.076,56.111000000000004,1298.1956090676017,606.7024581829165
IFE/rhino19.aca,728,14-21-41,2026-04-30,14:21:41,2026-04-30T14:21:41,331.9100000000001,0.119,13.1148,698.8776758592852,423.4476866402591
IFE/rhino19.aca,729,14-22-19,2026-04-30,14:22:19,2026-04-30T14:22:19,331.9100000000001,0.16199999999999998,7.848800000000001,473.49743196588315,337.47631233628175
IFE/rhino19.aca,730,14-22-58,2026-04-30,14:22:58,2026-04-30T14:22:58,331.9100000000001,0.20500000000000002,5.7872,353.8967879401971,287.57097798420455
IFE/rhino19.aca,731,14-23-37,2026-04-30,14:23:37,2026-04-30T14:23:37,331.9100000000001,0.248,4.6835,280.0997391779598,254.97152570587792
IFE/rhino19.aca,732,14-24-16,2026-04-30,14:24:16,2026-04-30T14:24:16,331.9100000000001,0.291,3.9929,230.2710466387427,232.0062758190531
IFE/rhino19.aca,733,14-24-55,2026-04-30,14:24:55,2026-04-30T14:24:55,333.1900000000001,0.076,56.111000000000004,1303.2020577425733,609.0421862612345
IFE/rhino19.aca,734,14-25-35,2026-04-30,14:25:35,2026-04-30T14:25:35,333.1900000000001,0.119,13.1148,701.5728746333218,425.08069871853274
IFE/rhino19.aca,735,14-26-15,2026-04-30,14:26:15,2026-04-30T14:26:15,333.1900000000001,0.16199999999999998,7.848800000000001,475.3234592411667,338.7777786367568
IFE/rhino19.aca,736,14-26-55,2026-04-30,14:26:55,2026-04-30T14:26:55,333.1900000000001,0.20500000000000002,5.7872,355.2615792648332,288.6799860039087
IFE/rhino19.aca,737,14-27-34,2026-04-30,14:27:34,2026-04-30T14:27:34,333.1900000000001,0.248,4.6835,281.1799346109507,255.9548150099173
IFE/rhino19.aca,738,14-28-18,2026-04-30,14:28:18,2026-04-30T14:28:18,333.1900000000001,0.291,3.9929,231.15907935755712,232.90100039212479
IFE/rhino19.aca,739,14-29-03,2026-04-30,14:29:03,2026-04-30T14:29:03,334.47000000000014,0.076,56.111000000000004,1308.208506416969,611.3819143395524
IFE/rhino19.aca,740,14-29-47,2026-04-30,14:29:47,2026-04-30T14:29:47,334.47000000000014,0.119,13.1148,704.2680734073386,426.7137107968063
IFE/rhino19.aca,741,14-30-34,2026-04-30,14:30:34,2026-04-30T14:30:34,334.47000000000014,0.16199999999999998,7.848800000000001,477.149486516256,340.0792449372319
IFE/rhino19.aca,742,14-31-22,2026-04-30,14:31:22,2026-04-30T14:31:22,334.47000000000014,0.20500000000000002,5.7872,356.6263705894682,289.78899402361293
IFE/rhino19.aca,743,14-32-06,2026-04-30,14:32:06,2026-04-30T14:32:06,334.47000000000014,0.248,4.6835,282.2601300439175,256.93810431392114
IFE/rhino19.aca,744,14-32-54,2026-04-30,14:32:54,2026-04-30T14:32:54,334.47000000000014,0.291,3.9929,232.0471120763312,233.79572496519754
IFE/rhino19.aca,745,14-33-34,2026-04-30,14:33:34,2026-04-30T14:33:34,335.7500000000001,0.076,56.111000000000004,1313.2149550918227,613.7216424178703
IFE/rhino19.aca,746,14-34-21,2026-04-30,14:34:21,2026-04-30T14:34:21,335.7500000000001,0.119,13.1148,706.9632721813708,428.34672287507965
IFE/rhino19.aca,747,14-35-02,2026-04-30,14:35:02,2026-04-30T14:35:02,335.7500000000001,0.16199999999999998,7.848800000000001,478.97551379137803,341.3807112377069
IFE/rhino19.aca,748,14-35-41,2026-04-30,14:35:41,2026-04-30T14:35:41,335.7500000000001,0.20500000000000002,5.7872,357.9911619140759,290.8980020433171
IFE/rhino19.aca,749,14-36-30,2026-04-30,14:36:30,2026-04-30T14:36:30,335.7500000000001,0.248,4.6835,283.3403254768549,257.9213936179604
IFE/rhino19.aca,750,14-37-28,2026-04-30,14:37:28,2026-04-30T14:37:28,335.7500000000001,0.291,3.9929,232.9351447951598,234.69044953827012
IFE/rhino19.aca,751,14-38-10,2026-04-30,14:38:10,2026-04-30T14:38:10,337.0300000000001,0.076,56.111000000000004,1318.2214037663537,616.0613704961879
IFE/rhino19.aca,752,14-38-50,2026-04-30,14:38:50,2026-04-30T14:38:50,337.0300000000001,0.119,13.1148,709.6584709555624,429.97973495335316
IFE/rhino19.aca,753,14-39-28,2026-04-30,14:39:28,2026-04-30T14:39:28,337.0300000000001,0.16199999999999998,7.848800000000001,480.8015410667489,342.6821775381813
IFE/rhino19.aca,754,14-40-07,2026-04-30,14:40:07,2026-04-30T14:40:07,337.0300000000001,0.20500000000000002,5.7872,359.3559532387306,292.0070100630212
IFE/rhino19.aca,755,14-40-46,2026-04-30,14:40:46,2026-04-30T14:40:46,337.0300000000001,0.248,4.6835,284.42052090975193,258.9046829219997
IFE/rhino19.aca,756,14-41-25,2026-04-30,14:41:25,2026-04-30T14:41:25,337.0300000000001,0.291,3.9929,233.82317751390764,235.58517411134272
IFE/rhino19.aca,757,14-42-04,2026-04-30,14:42:04,2026-04-30T14:42:04,338.3100000000001,0.076,56.111000000000004,1323.2278524409194,618.4010985745058
IFE/rhino19.aca,758,14-42-44,2026-04-30,14:42:44,2026-04-30T14:42:44,338.3100000000001,0.119,13.1148,712.3536697294724,431.6127470316268
IFE/rhino19.aca,759,14-43-24,2026-04-30,14:43:24,2026-04-30T14:43:24,338.3100000000001,0.16199999999999998,7.848800000000001,482.6275683418906,343.9836438386561
IFE/rhino19.aca,760,14-44-02,2026-04-30,14:44:02,2026-04-30T14:44:02,338.3100000000001,0.20500000000000002,5.7872,360.72074456334485,293.1160180827252
IFE/rhino19.aca,761,14-44-44,2026-04-30,14:44:44,2026-04-30T14:44:44,338.3100000000001,0.248,4.6835,285.50071634268716,259.8879722260388
IFE/rhino19.aca,762,14-45-22,2026-04-30,14:45:22,2026-04-30T14:45:22,338.3100000000001,0.291,3.9929,234.7112102327057,236.4798986844153
IFE/rhino19.aca,763,14-46-01,2026-04-30,14:46:01,2026-04-30T14:46:01,339.59000000000015,0.076,56.111000000000004,1328.2343011154808,620.7408266528238
IFE/rhino19.aca,764,14-46-38,2026-04-30,14:46:38,2026-04-30T14:46:38,339.59000000000015,0.119,13.1148,715.0488685036355,433.2457591099005
IFE/rhino19.aca,765,14-47-16,2026-04-30,14:47:16,2026-04-30T14:47:16,339.59000000000015,0.16199999999999998,7.848800000000001,484.4535956170759,345.2851101391313
IFE/rhino19.aca,766,14-47-52,2026-04-30,14:47:52,2026-04-30T14:47:52,339.59000000000015,0.20500000000000002,5.7872,362.0855358880366,294.2250261024294
IFE/rhino19.aca,767,14-48-31,2026-04-30,14:48:31,2026-04-30T14:48:31,339.59000000000015,0.248,4.6835,286.5809117757086,260.8712615300693
IFE/rhino19.aca,768,14-49-10,2026-04-30,14:49:10,2026-04-30T14:49:10,339.59000000000015,0.291,3.9929,235.59924295156924,237.37462325748808
IFE/rhino19.aca,769,14-49-48,2026-04-30,14:49:48,2026-04-30T14:49:48,340.8700000000001,0.076,56.111000000000004,1333.2407497905965,623.0805547311419
IFE/rhino19.aca,770,14-50-25,2026-04-30,14:50:25,2026-04-30T14:50:25,340.8700000000001,0.119,13.1148,717.74406727772,434.8787711881741
IFE/rhino19.aca,771,14-51-04,2026-04-30,14:51:04,2026-04-30T14:51:04,340.8700000000001,0.16199999999999998,7.848800000000001,486.27962289252974,346.58657643960623
IFE/rhino19.aca,772,14-51-44,2026-04-30,14:51:44,2026-04-30T14:51:44,340.8700000000001,0.20500000000000002,5.7872,363.4503272126552,295.3340341221336
IFE/rhino19.aca,773,14-52-23,2026-04-30,14:52:23,2026-04-30T14:52:23,340.8700000000001,0.248,4.6835,287.66110720863287,261.85455083410864
IFE/rhino19.aca,774,14-53-02,2026-04-30,14:53:02,2026-04-30T14:53:02,340.8700000000001,0.291,3.9929,236.48727567035422,238.26934783056072
IFE/rhino19.aca,775,14-53-39,2026-04-30,14:53:39,2026-04-30T14:53:39,342.1500000000001,0.076,56.111000000000004,1338.2471984649571,625.4202828094594
IFE/rhino19.aca,776,14-54-17,2026-04-30,14:54:17,2026-04-30T14:54:17,342.1500000000001,0.119,13.1148,720.4392660517544,436.5117832664473
IFE/rhino19.aca,777,14-54-55,2026-04-30,14:54:55,2026-04-30T14:54:55,342.1500000000001,0.16199999999999998,7.848800000000001,488.10565016742913,347.8880427400813
IFE/rhino19.aca,778,14-55-32,2026-04-30,14:55:32,2026-04-30T14:55:32,342.1500000000001,0.20500000000000002,5.7872,364.81511853733065,296.4430421418376
IFE/rhino19.aca,779,14-56-12,2026-04-30,14:56:12,2026-04-30T14:56:12,342.1500000000001,0.248,4.6835,288.7413026415572,262.8378401381479
IFE/rhino19.aca,780,14-56-51,2026-04-30,14:56:51,2026-04-30T14:56:51,342.1500000000001,0.291,3.9929,237.37530838910752,239.16407240363333
IFE/rhino19.aca,781,14-57-31,2026-04-30,14:57:31,2026-04-30T14:57:31,343.4300000000001,0.076,56.111000000000004,1343.253647139248,627.7600108877773
IFE/rhino19.aca,782,14-58-10,2026-04-30,14:58:10,2026-04-30T14:58:10,343.4300000000001,0.119,13.1148,723.1344648257997,438.14479534472105
IFE/rhino19.aca,783,14-58-48,2026-04-30,14:58:48,2026-04-30T14:58:48,343.4300000000001,0.16199999999999998,7.848800000000001,489.93167744286984,349.1895090405563
IFE/rhino19.aca,784,14-59-28,2026-04-30,14:59:28,2026-04-30T14:59:28,343.4300000000001,0.20500000000000002,5.7872,366.17990986198527,297.55205016154184
IFE/rhino19.aca,785,15-00-08,2026-04-30,15:00:08,2026-04-30T15:00:08,343.4300000000001,0.248,4.6835,289.8214980745,263.82112944218727
IFE/rhino19.aca,786,15-00-56,2026-04-30,15:00:56,2026-04-30T15:00:56,343.4300000000001,0.291,3.9929,238.26334110798197,240.05879697670602
IFE/rhino19.aca,787,15-01-42,2026-04-30,15:01:42,2026-04-30T15:01:42,344.71000000000015,0.076,56.111000000000004,1348.2600958145254,630.0997389660952
IFE/rhino19.aca,788,15-02-20,2026-04-30,15:02:20,2026-04-30T15:02:20,344.71000000000015,0.119,13.1148,725.8296635997598,439.77780742299456
IFE/rhino19.aca,789,15-02-59,2026-04-30,15:02:59,2026-04-30T15:02:59,344.71000000000015,0.16199999999999998,7.848800000000001,491.75770471800934,350.49097534103134
IFE/rhino19.aca,790,15-03-39,2026-04-30,15:03:39,2026-04-30T15:03:39,344.71000000000015,0.20500000000000002,5.7872,367.5447011866083,298.66105818124595
IFE/rhino19.aca,791,15-04-17,2026-04-30,15:04:17,2026-04-30T15:04:17,344.71000000000015,0.248,4.6835,290.90169350742326,264.80441874622653
IFE/rhino19.aca,792,15-04-55,2026-04-30,15:04:55,2026-04-30T15:04:55,344.71000000000015,0.291,3.9929,239.1513738267604,240.9535215497787
IFE/rhino19.aca,793,15-05-32,2026-04-30,15:05:32,2026-04-30T15:05:32,345.9900000000001,0.076,56.111000000000004,1353.266544488982,632.439467044413
IFE/rhino19.aca,794,15-06-10,2026-04-30,15:06:10,2026-04-30T15:06:10,345.9900000000001,0.119,13.1148,728.5248623739274,441.4108195012683
IFE/rhino19.aca,795,15-06-48,2026-04-30,15:06:48,2026-04-30T15:06:48,345.9900000000001,0.16199999999999998,7.848800000000001,493.5837319933256,351.7924416415064
IFE/rhino19.aca,796,15-07-26,2026-04-30,15:07:26,2026-04-30T15:07:26,345.9900000000001,0.20500000000000002,5.7872,368.90949251126403,299.77006620095017
IFE/rhino19.aca,797,15-08-03,2026-04-30,15:08:03,2026-04-30T15:08:03,345.9900000000001,0.248,4.6835,291.9818889403858,265.7877080502659
IFE/rhino19.aca,798,15-08-41,2026-04-30,15:08:41,2026-04-30T15:08:41,345.9900000000001,0.291,3.9929,240.03940654557044,241.84824612285144
IFE/rhino19.aca,799,15-09-19,2026-04-30,15:09:19,2026-04-30T15:09:19,347.2700000000001,0.076,56.111000000000004,1358.2729931634342,634.7791951227309
IFE/rhino19.aca,800,15-09-57,2026-04-30,15:09:57,2026-04-30T15:09:57,347.2700000000001,0.119,13.1148,731.2200611479639,443.0438315795417
IFE/rhino2.aca,1681,15-03-43,2026-04-29,15:03:43,2026-04-29T15:03:43,23.430000000000003,0.119,13.1148,49.33477130964343,29.891775776510777
IFE/rhino2.aca,1682,15-04-16,2026-04-29,15:04:16,2026-04-29T15:04:16,23.430000000000003,0.16199999999999998,7.848800000000001,33.42485863927036,23.822933921965234
IFE/rhino2.aca,1683,15-04-47,2026-04-29,15:04:47,2026-04-29T15:04:47,23.430000000000003,0.20500000000000002,5.7872,24.982078700364287,20.300045235667394
IFE/rhino2.aca,1684,15-05-19,2026-04-29,15:05:19,2026-04-29T15:05:19,23.430000000000003,0.248,4.6835,19.77263983893681,17.99880343252125
IFE/rhino2.aca,1685,15-05-50,2026-04-29,15:05:50,2026-04-29T15:05:50,23.430000000000003,0.291,3.9929,16.25516140744578,16.37765370865587
IFE/rhino2.aca,1686,15-06-22,2026-04-29,15:06:22,2026-04-29T15:06:22,24.71,0.076,56.111000000000004,96.64792714912946,45.16771938688434
IFE/rhino2.aca,1687,15-06-56,2026-04-29,15:06:56,2026-04-29T15:06:56,24.71,0.119,13.1148,52.029970083703304,31.5247878547843
IFE/rhino2.aca,1688,15-07-28,2026-04-29,15:07:28,2026-04-29T15:07:28,24.71,0.16199999999999998,7.848800000000001,35.250885914491846,25.124400222440194
IFE/rhino2.aca,1689,15-08-01,2026-04-29,15:08:01,2026-04-29T15:08:01,24.71,0.20500000000000002,5.7872,26.34687002500782,21.409053255371486
IFE/rhino2.aca,1690,15-08-32,2026-04-29,15:08:32,2026-04-29T15:08:32,24.71,0.248,4.6835,20.85283527187496,18.982092736560375
IFE/rhino2.aca,1691,15-09-06,2026-04-29,15:09:06,2026-04-29T15:09:06,24.71,0.291,3.9929,17.1431941262465,17.27237828172848
IFE/rhino2.aca,1692,15-09-37,2026-04-29,15:09:37,2026-04-29T15:09:37,25.990000000000002,0.076,56.111000000000004,101.65437582375526,47.50744746520219
IFE/rhino2.aca,1693,15-10-10,2026-04-29,15:10:10,2026-04-29T15:10:10,25.990000000000002,0.119,13.1148,54.72516885775963,33.15779993305342
IFE/rhino2.aca,1694,15-10-42,2026-04-29,15:10:42,2026-04-29T15:10:42,25.990000000000002,0.16199999999999998,7.848800000000001,37.076913189699006,26.42586652291513
IFE/rhino2.aca,1695,15-11-15,2026-04-29,15:11:15,2026-04-29T15:11:15,25.990000000000002,0.20500000000000002,5.7872,27.71166134964883,22.518061275075617
IFE/rhino2.aca,1696,15-11-46,2026-04-29,15:11:46,2026-04-29T15:11:46,25.990000000000002,0.248,4.6835,21.933030704820748,19.965382040599664
IFE/rhino2.aca,1697,15-12-18,2026-04-29,15:12:18,2026-04-29T15:12:18,25.990000000000002,0.291,3.9929,18.03122684504715,18.167102854800575
IFE/rhino2.aca,1698,15-12-49,2026-04-29,15:12:49,2026-04-29T15:12:49,27.270000000000003,0.076,56.111000000000004,106.66082449845717,49.84717554351782
IFE/rhino2.aca,1699,15-13-24,2026-04-29,15:13:24,2026-04-29T15:13:24,27.270000000000003,0.119,13.1148,57.42036763182919,34.79081201132696
IFE/rhino2.aca,1700,15-14-00,2026-04-29,15:14:00,2026-04-29T15:14:00,27.270000000000003,0.16199999999999998,7.848800000000001,38.90294046491954,27.727332823390125
IFE/rhino2.aca,1701,15-14-33,2026-04-29,15:14:33,2026-04-29T15:14:33,27.270000000000003,0.20500000000000002,5.7872,29.07645267430089,23.627069294779705
IFE/rhino2.aca,1702,15-15-04,2026-04-29,15:15:04,2026-04-29T15:15:04,27.270000000000003,0.248,4.6835,23.01322613776326,20.94867134463895
IFE/rhino2.aca,1703,15-15-35,2026-04-29,15:15:35,2026-04-29T15:15:35,27.270000000000003,0.291,3.9929,18.91925956385319,19.06182742787322
IFE/rhino2.aca,1704,15-16-07,2026-04-29,15:16:07,2026-04-29T15:16:07,28.550000000000004,0.076,56.111000000000004,111.66727317310942,52.186903621835654
IFE/rhino2.aca,1705,15-16-39,2026-04-29,15:16:39,2026-04-29T15:16:39,28.550000000000004,0.119,13.1148,60.1155664058967,36.423824089600515
IFE/rhino2.aca,1706,15-17-11,2026-04-29,15:17:11,2026-04-29T15:17:11,28.550000000000004,0.16199999999999998,7.848800000000001,40.72896774012683,29.028799123864005
IFE/rhino2.aca,1707,15-17-44,2026-04-29,15:17:44,2026-04-29T15:17:44,28.550000000000004,0.20500000000000002,5.7872,30.44124399894654,24.736077314483836
IFE/rhino2.aca,1708,15-18-17,2026-04-29,15:18:17,2026-04-29T15:18:17,28.550000000000004,0.248,4.6835,24.093421570707072,21.93196064867823
IFE/rhino2.aca,1709,15-18-49,2026-04-29,15:18:49,2026-04-29T15:18:49,28.550000000000004,0.291,3.9929,19.807292282652817,19.956552000945734
IFE/rhino2.aca,1710,15-19-22,2026-04-29,15:19:22,2026-04-29T15:19:22,29.830000000000005,0.076,56.111000000000004,116.67372184775923,54.526631700152976
IFE/rhino2.aca,1711,15-19-54,2026-04-29,15:19:54,2026-04-29T15:19:54,29.830000000000005,0.119,13.1148,62.81076517995589,38.05683616787407
IFE/rhino2.aca,1712,15-20-26,2026-04-29,15:20:26,2026-04-29T15:20:26,29.830000000000005,0.16199999999999998,7.848800000000001,42.55499501534123,30.33026542433901
IFE/rhino2.aca,1713,15-20-59,2026-04-29,15:20:59,2026-04-29T15:20:59,29.830000000000005,0.20500000000000002,5.7872,31.806035323597644,25.845085334187843
IFE/rhino2.aca,1714,15-21-32,2026-04-29,15:21:32,2026-04-29T15:21:32,29.830000000000005,0.248,4.6835,25.173617003645358,22.91524995271753
IFE/rhino2.aca,1715,15-22-03,2026-04-29,15:22:03,2026-04-29T15:22:03,29.830000000000005,0.291,3.9929,20.695325001460766,20.85127657401839
IFE/rhino2.aca,1716,15-22-36,2026-04-29,15:22:36,2026-04-29T15:22:36,31.110000000000003,0.076,56.111000000000004,121.68017052243495,56.866359778466375
IFE/rhino2.aca,1717,15-23-09,2026-04-29,15:23:09,2026-04-29T15:23:09,31.110000000000003,0.119,13.1148,65.50596395401836,39.6898482461431
IFE/rhino2.aca,1718,15-23-41,2026-04-29,15:23:41,2026-04-29T15:23:41,31.110000000000003,0.16199999999999998,7.848800000000001,44.381022290558214,31.631731724809313
IFE/rhino2.aca,1719,15-24-14,2026-04-29,15:24:14,2026-04-29T15:24:14,31.110000000000003,0.20500000000000002,5.7872,33.170826648242745,26.954093353887536
IFE/rhino2.aca,1720,15-24-45,2026-04-29,15:24:45,2026-04-29T15:24:45,31.110000000000003,0.248,4.6835,26.253812436588486,23.898539256752372
IFE/rhino2.aca,1721,15-25-18,2026-04-29,15:25:18,2026-04-29T15:25:18,31.110000000000003,0.291,3.9929,21.58335772025712,21.746001147086602
IFE/rhino2.aca,1722,15-25-51,2026-04-29,15:25:51,2026-04-29T15:25:51,32.39000000000001,0.076,56.111000000000004,126.68661919709265,59.20608785678424
IFE/rhino2.aca,1723,15-26-23,2026-04-29,15:26:23,2026-04-29T15:26:23,32.39000000000001,0.119,13.1148,68.20116272810483,41.32286032441665
IFE/rhino2.aca,1724,15-26-55,2026-04-29,15:26:55,2026-04-29T15:26:55,32.39000000000001,0.16199999999999998,7.848800000000001,46.207049565772465,32.93319802527988
IFE/rhino2.aca,1725,15-27-27,2026-04-29,15:27:27,2026-04-29T15:27:27,32.39000000000001,0.20500000000000002,5.7872,34.535617972893036,28.06310137359159
IFE/rhino2.aca,1726,15-28-00,2026-04-29,15:28:00,2026-04-29T15:28:00,32.39000000000001,0.248,4.6835,27.33400786952916,24.881828560791618
IFE/rhino2.aca,1727,15-28-32,2026-04-29,15:28:32,2026-04-29T15:28:32,32.39000000000001,0.291,3.9929,22.47139043905988,22.640725720159253
IFE/rhino2.aca,1728,15-29-04,2026-04-29,15:29:04,2026-04-29T15:29:04,33.67000000000001,0.076,56.111000000000004,131.6930678717501,61.54581593510207
IFE/rhino2.aca,1729,15-29-37,2026-04-29,15:29:37,2026-04-29T15:29:37,33.67000000000001,0.119,13.1148,70.89636150215884,42.95587240269022
IFE/rhino2.aca,1730,15-30-10,2026-04-29,15:30:10,2026-04-29T15:30:10,33.67000000000001,0.16199999999999998,7.848800000000001,48.033076840979085,34.23466432575488
IFE/rhino2.aca,1731,15-30-43,2026-04-29,15:30:43,2026-04-29T15:30:43,33.67000000000001,0.20500000000000002,5.7872,35.900409297530224,29.172109393295724
IFE/rhino2.aca,1732,15-31-15,2026-04-29,15:31:15,2026-04-29T15:31:15,33.67000000000001,0.248,4.6835,28.414203302465875,25.865117864830914
IFE/rhino2.aca,1733,15-31-48,2026-04-29,15:31:48,2026-04-29T15:31:48,33.67000000000001,0.291,3.9929,23.359423157862647,23.535450293231893
IFE/rhino2.aca,1734,15-32-21,2026-04-29,15:32:21,2026-04-29T15:32:21,34.95,0.076,56.111000000000004,136.69951654639254,63.8855440134199
IFE/rhino2.aca,1735,15-32-52,2026-04-29,15:32:52,2026-04-29T15:32:52,34.95,0.119,13.1148,73.59156027620983,44.588884480963486
IFE/rhino2.aca,1736,15-33-26,2026-04-29,15:33:26,2026-04-29T15:33:26,34.95,0.16199999999999998,7.848800000000001,49.85910411619075,35.536130626229856
IFE/rhino2.aca,1737,15-33-59,2026-04-29,15:33:59,2026-04-29T15:33:59,34.95,0.20500000000000002,5.7872,37.265200622175186,30.28111741299984
IFE/rhino2.aca,1738,15-34-32,2026-04-29,15:34:32,2026-04-29T15:34:32,34.95,0.248,4.6835,29.494398735416507,26.84840716887019
IFE/rhino2.aca,1739,15-35-04,2026-04-29,15:35:04,2026-04-29T15:35:04,34.95,0.291,3.9929,24.247455876664183,24.430174866304533
IFE/rhino2.aca,1740,15-35-37,2026-04-29,15:35:37,2026-04-29T15:35:37,36.230000000000004,0.076,56.111000000000004,141.70596522105106,66.22527209172887
IFE/rhino2.aca,1741,15-36-08,2026-04-29,15:36:08,2026-04-29T15:36:08,36.230000000000004,0.119,13.1148,76.28675905028949,46.22189655923707
IFE/rhino2.aca,1742,15-36-40,2026-04-29,15:36:40,2026-04-29T15:36:40,36.230000000000004,0.16199999999999998,7.848800000000001,51.685131391413734,36.83759692670486
IFE/rhino2.aca,1743,15-37-12,2026-04-29,15:37:12,2026-04-29T15:37:12,36.230000000000004,0.20500000000000002,5.7872,38.62999194682779,31.390125432702867
IFE/rhino2.aca,1744,15-37-43,2026-04-29,15:37:43,2026-04-29T15:37:43,36.230000000000004,0.248,4.6835,30.574594168350494,27.83169647290935
IFE/rhino2.aca,1745,15-38-16,2026-04-29,15:38:16,2026-04-29T15:38:16,36.230000000000004,0.291,3.9929,25.135488595461357,25.324899439377173
IFE/rhino2.aca,1746,15-38-49,2026-04-29,15:38:49,2026-04-29T15:38:49,37.510000000000005,0.076,56.111000000000004,146.71241389573387,68.56500017004667
IFE/rhino2.aca,1747,15-39-22,2026-04-29,15:39:22,2026-04-29T15:39:22,37.510000000000005,0.119,13.1148,78.98195782435414,47.85490863751047
IFE/rhino2.aca,1748,15-39-55,2026-04-29,15:39:55,2026-04-29T15:39:55,37.510000000000005,0.16199999999999998,7.848800000000001,53.51115866662881,38.139063227179854
IFE/rhino2.aca,1749,15-40-29,2026-04-29,15:40:29,2026-04-29T15:40:29,37.510000000000005,0.20500000000000002,5.7872,39.99478327147399,32.499133452402546
IFE/rhino2.aca,1750,15-41-01,2026-04-29,15:41:01,2026-04-29T15:41:01,37.510000000000005,0.248,4.6835,31.65478960130563,28.81498577694863
IFE/rhino2.aca,1751,15-41-33,2026-04-29,15:41:33,2026-04-29T15:41:33,37.510000000000005,0.291,3.9929,26.02352131427415,26.21962401244981
IFE/rhino2.aca,1752,15-42-04,2026-04-29,15:42:04,2026-04-29T15:42:04,38.790000000000006,0.076,56.111000000000004,151.71886257037332,70.9047282483645
IFE/rhino2.aca,1753,15-42-37,2026-04-29,15:42:37,2026-04-29T15:42:37,38.790000000000006,0.119,13.1148,81.67715659841197,49.487920715784014
IFE/rhino2.aca,1754,15-43-10,2026-04-29,15:43:10,2026-04-29T15:43:10,38.790000000000006,0.16199999999999998,7.848800000000001,55.33718594183419,39.44052952765486
IFE/rhino2.aca,1755,15-43-42,2026-04-29,15:43:42,2026-04-29T15:43:42,38.790000000000006,0.20500000000000002,5.7872,41.35957459611787,33.60814147210668
IFE/rhino2.aca,1756,15-44-16,2026-04-29,15:44:16,2026-04-29T15:44:16,38.790000000000006,0.248,4.6835,32.73498503424071,29.798275080987857
IFE/rhino2.aca,1757,15-44-47,2026-04-29,15:44:47,2026-04-29T15:44:47,38.790000000000006,0.291,3.9929,26.911554033068388,27.114348585522425
IFE/rhino2.aca,1758,15-45-19,2026-04-29,15:45:19,2026-04-29T15:45:19,40.07000000000001,0.076,56.111000000000004,156.72531124501876,73.24445632668218
IFE/rhino2.aca,1759,15-45-51,2026-04-29,15:45:51,2026-04-29T15:45:51,40.07000000000001,0.119,13.1148,84.37235537248398,51.120932794057566
IFE/rhino2.aca,1760,15-46-24,2026-04-29,15:46:24,2026-04-29T15:46:24,40.07000000000001,0.16199999999999998,7.848800000000001,57.16321321704449,40.74199582812983
IFE/rhino20.aca,881,15-10-34,2026-04-30,15:10:34,2026-04-30T15:10:34,347.2700000000001,0.16199999999999998,7.848800000000001,495.4097592684848,353.09390794198123
IFE/rhino20.aca,882,15-11-13,2026-04-30,15:11:13,2026-04-30T15:11:13,347.2700000000001,0.20500000000000002,5.7872,370.2742838359296,300.87907422065416
IFE/rhino20.aca,883,15-11-51,2026-04-30,15:11:51,2026-04-30T15:11:51,347.2700000000001,0.248,4.6835,293.062084373345,266.770997354305
IFE/rhino20.aca,884,15-12-29,2026-04-30,15:12:29,2026-04-30T15:12:29,347.2700000000001,0.291,3.9929,240.92743926435105,242.74297069592393
IFE/rhino20.aca,885,15-13-10,2026-04-30,15:13:10,2026-04-30T15:13:10,348.5500000000001,0.076,56.111000000000004,1363.2794418384321,637.1189232010444
IFE/rhino20.aca,886,15-13-53,2026-04-30,15:13:53,2026-04-30T15:13:53,348.5500000000001,0.119,13.1148,733.915259922044,444.6768436578152
IFE/rhino20.aca,887,15-14-31,2026-04-30,15:14:31,2026-04-30T15:14:31,348.5500000000001,0.16199999999999998,7.848800000000001,497.23578654362643,354.39537424245617
IFE/rhino20.aca,888,15-15-09,2026-04-30,15:15:09,2026-04-30T15:15:09,348.5500000000001,0.20500000000000002,5.7872,371.63907516051114,301.98808224035827
IFE/rhino20.aca,889,15-15-48,2026-04-30,15:15:48,2026-04-30T15:15:48,348.5500000000001,0.248,4.6835,294.14227980624855,267.7542866583443
IFE/rhino20.aca,890,15-16-44,2026-04-30,15:16:44,2026-04-30T15:16:44,348.5500000000001,0.291,3.9929,241.81547198316767,243.6376952689965
IFE/rhino20.aca,891,15-17-43,2026-04-30,15:17:43,2026-04-30T15:17:43,349.83000000000015,0.076,56.111000000000004,1368.285890513107,639.4586512793624
IFE/rhino20.aca,892,15-18-38,2026-04-30,15:18:38,2026-04-30T15:18:38,349.83000000000015,0.119,13.1148,736.6104586960653,446.3098557360887
IFE/rhino20.aca,893,15-19-16,2026-04-30,15:19:16,2026-04-30T15:19:16,349.83000000000015,0.16199999999999998,7.848800000000001,499.0618138188773,355.6968405429312
IFE/rhino20.aca,894,15-19-56,2026-04-30,15:19:56,2026-04-30T15:19:56,349.83000000000015,0.20500000000000002,5.7872,373.0038664851603,303.0970902600625
IFE/rhino20.aca,895,15-20-34,2026-04-30,15:20:34,2026-04-30T15:20:34,349.83000000000015,0.248,4.6835,295.2224752392187,268.73757596238363
IFE/rhino20.aca,896,15-21-13,2026-04-30,15:21:13,2026-04-30T15:21:13,349.83000000000015,0.291,3.9929,242.70350470194498,244.53241984206917
IFE/rhino20.aca,897,15-21-51,2026-04-30,15:21:51,2026-04-30T15:21:51,351.1100000000001,0.076,56.111000000000004,1373.2923391880438,641.7983793576802
IFE/rhino20.aca,898,15-22-29,2026-04-30,15:22:29,2026-04-30T15:22:29,351.1100000000001,0.119,13.1148,739.3056574702568,447.94286781436233
IFE/rhino20.aca,899,15-23-07,2026-04-30,15:23:07,2026-04-30T15:23:07,351.1100000000001,0.16199999999999998,7.848800000000001,500.88784109414337,356.9983068434062
IFE/rhino20.aca,900,15-23-45,2026-04-30,15:23:45,2026-04-30T15:23:45,351.1100000000001,0.20500000000000002,5.7872,374.36865780986517,304.2060982797666
IFE/rhino20.aca,901,15-24-23,2026-04-30,15:24:23,2026-04-30T15:24:23,351.1100000000001,0.248,4.6835,296.3026706721681,269.72086526642295
IFE/rhino20.aca,902,15-25-01,2026-04-30,15:25:01,2026-04-30T15:25:01,351.1100000000001,0.291,3.9929,243.59153742071575,245.4271444151419
IFE/rhino20.aca,903,15-25-40,2026-04-30,15:25:40,2026-04-30T15:25:40,352.3900000000001,0.076,56.111000000000004,1378.2987878621468,644.1381074359981
IFE/rhino20.aca,904,15-26-17,2026-04-30,15:26:17,2026-04-30T15:26:17,352.3900000000001,0.119,13.1148,742.0008562443305,449.57587989263595
IFE/rhino20.aca,905,15-26-56,2026-04-30,15:26:56,2026-04-30T15:26:56,352.3900000000001,0.16199999999999998,7.848800000000001,502.7138683693418,358.29977314388134
IFE/rhino20.aca,906,15-27-34,2026-04-30,15:27:34,2026-04-30T15:27:34,352.3900000000001,0.20500000000000002,5.7872,375.7334491345253,305.3151062994708
IFE/rhino20.aca,907,15-28-12,2026-04-30,15:28:12,2026-04-30T15:28:12,352.3900000000001,0.248,4.6835,297.3828661050749,270.70415457046226
IFE/rhino20.aca,908,15-28-51,2026-04-30,15:28:51,2026-04-30T15:28:51,352.3900000000001,0.291,3.9929,244.479570139552,246.32186898821453
IFE/rhino20.aca,909,15-29-31,2026-04-30,15:29:31,2026-04-30T15:29:31,353.67000000000013,0.076,56.111000000000004,1383.3052365366907,646.477835514316
IFE/rhino20.aca,910,15-30-11,2026-04-30,15:30:11,2026-04-30T15:30:11,353.67000000000013,0.119,13.1148,744.6960550182775,451.2088919709097
IFE/rhino20.aca,911,15-30-50,2026-04-30,15:30:50,2026-04-30T15:30:50,353.67000000000013,0.16199999999999998,7.848800000000001,504.53989564450967,359.60123944435634
IFE/rhino20.aca,912,15-31-30,2026-04-30,15:31:30,2026-04-30T15:31:30,353.67000000000013,0.20500000000000002,5.7872,377.0982404591603,306.4241143191748
IFE/rhino20.aca,913,15-32-08,2026-04-30,15:32:08,2026-04-30T15:32:08,353.67000000000013,0.248,4.6835,298.46306153804073,271.6874438745016
IFE/rhino20.aca,914,15-32-46,2026-04-30,15:32:46,2026-04-30T15:32:46,353.67000000000013,0.291,3.9929,245.36760285834026,247.2165935612872
IFE/rhino20.aca,915,15-33-24,2026-04-30,15:33:24,2026-04-30T15:33:24,354.95000000000016,0.076,56.111000000000004,1388.3116852116102,648.8175635926336
IFE/rhino20.aca,916,15-34-03,2026-04-30,15:34:03,2026-04-30T15:34:03,354.95000000000016,0.119,13.1148,747.3912537925258,452.8419040491832
IFE/rhino20.aca,917,15-34-42,2026-04-30,15:34:42,2026-04-30T15:34:42,354.95000000000016,0.16199999999999998,7.848800000000001,506.3659229196099,360.9027057448312
IFE/rhino20.aca,918,15-35-20,2026-04-30,15:35:20,2026-04-30T15:35:20,354.95000000000016,0.20500000000000002,5.7872,378.46303178380623,307.5331223388789
IFE/rhino20.aca,919,15-35-58,2026-04-30,15:35:58,2026-04-30T15:35:58,354.95000000000016,0.248,4.6835,299.54325697100103,272.67073317854084
IFE/rhino20.aca,920,15-36-37,2026-04-30,15:36:37,2026-04-30T15:36:37,354.95000000000016,0.291,3.9929,246.25563557713394,248.11131813435986
IFE/rhino20.aca,921,15-37-16,2026-04-30,15:37:16,2026-04-30T15:37:16,356.23000000000013,0.076,56.111000000000004,1393.3181338863985,651.157291670952
IFE/rhino20.aca,922,15-37-54,2026-04-30,15:37:54,2026-04-30T15:37:54,356.23000000000013,0.119,13.1148,750.086452566414,454.4749161274567
IFE/rhino20.aca,923,15-38-34,2026-04-30,15:38:34,2026-04-30T15:38:34,356.23000000000013,0.16199999999999998,7.848800000000001,508.19195019494146,362.2041720453063
IFE/rhino20.aca,924,15-39-11,2026-04-30,15:39:11,2026-04-30T15:39:11,356.23000000000013,0.20500000000000002,5.7872,379.82782310841395,308.64213035858313
IFE/rhino20.aca,925,15-39-50,2026-04-30,15:39:50,2026-04-30T15:39:50,356.23000000000013,0.248,4.6835,300.6234524039057,273.65402248258016
IFE/rhino20.aca,926,15-40-29,2026-04-30,15:40:29,2026-04-30T15:40:29,356.23000000000013,0.291,3.9929,247.1436682959593,249.0060427074319
IFE/rhino20.aca,927,15-41-06,2026-04-30,15:41:06,2026-04-30T15:41:06,357.5100000000001,0.076,56.111000000000004,1398.3245825610823,653.4970197492696
IFE/rhino20.aca,928,15-41-45,2026-04-30,15:41:45,2026-04-30T15:41:45,357.5100000000001,0.119,13.1148,752.781651340516,456.10792820573
IFE/rhino20.aca,929,15-42-23,2026-04-30,15:42:23,2026-04-30T15:42:23,357.5100000000001,0.16199999999999998,7.848800000000001,510.0179774701377,363.5056383457812
IFE/rhino20.aca,930,15-43-01,2026-04-30,15:43:01,2026-04-30T15:43:01,357.5100000000001,0.20500000000000002,5.7872,381.1926144330402,309.7511383782872
IFE/rhino20.aca,931,15-43-39,2026-04-30,15:43:39,2026-04-30T15:43:39,357.5100000000001,0.248,4.6835,301.7036478368791,274.6373117866193
IFE/rhino20.aca,932,15-44-17,2026-04-30,15:44:17,2026-04-30T15:44:17,357.5100000000001,0.291,3.9929,248.03170101478355,249.9007672805045
IFE/rhino20.aca,933,15-44-55,2026-04-30,15:44:55,2026-04-30T15:44:55,358.79000000000013,0.076,56.111000000000004,1403.3310312356261,655.8367478275873
IFE/rhino20.aca,934,15-45-34,2026-04-30,15:45:34,2026-04-30T15:45:34,358.79000000000013,0.119,13.1148,755.4768501145569,457.7409402840037
IFE/rhino20.aca,935,15-46-13,2026-04-30,15:46:13,2026-04-30T15:46:13,358.79000000000013,0.16199999999999998,7.848800000000001,511.8440047453274,364.8071046462562
IFE/rhino20.aca,936,15-46-52,2026-04-30,15:46:52,2026-04-30T15:46:52,358.79000000000013,0.20500000000000002,5.7872,382.55740575774837,310.86014639799134
IFE/rhino20.aca,937,15-47-31,2026-04-30,15:47:31,2026-04-30T15:47:31,358.79000000000013,0.248,4.6835,302.7838432698078,275.6206010906586
IFE/rhino20.aca,938,15-48-09,2026-04-30,15:48:09,2026-04-30T15:48:09,358.79000000000013,0.291,3.9929,248.91973373355103,250.79549185357723
IFE/rhino20.aca,939,15-48-48,2026-04-30,15:48:48,2026-04-30T15:48:48,360.07000000000016,0.076,56.111000000000004,1408.3374799101307,658.1764759059054
IFE/rhino20.aca,940,15-49-27,2026-04-30,15:49:27,2026-04-30T15:49:27,360.07000000000016,0.119,13.1148,758.1720488886065,459.37395236227724
IFE/rhino20.aca,941,15-50-07,2026-04-30,15:50:07,2026-04-30T15:50:07,360.07000000000016,0.16199999999999998,7.848800000000001,513.6700320206503,366.1085709467313
IFE/rhino20.aca,942,15-50-46,2026-04-30,15:50:46,2026-04-30T15:50:46,360.07000000000016,0.20500000000000002,5.7872,383.92219708234734,311.9691544176955
IFE/rhino20.aca,943,15-51-26,2026-04-30,15:51:26,2026-04-30T15:51:26,360.07000000000016,0.248,4.6835,303.86403870274955,276.60389039469806
IFE/rhino20.aca,944,15-52-05,2026-04-30,15:52:05,2026-04-30T15:52:05,360.07000000000016,0.291,3.9929,249.8077664524004,251.6902164266499
IFE/rhino20.aca,945,15-52-44,2026-04-30,15:52:44,2026-04-30T15:52:44,361.35000000000014,0.076,56.111000000000004,1413.3439285849322,660.5162039842228
IFE/rhino20.aca,946,15-53-23,2026-04-30,15:53:23,2026-04-30T15:53:23,361.35000000000014,0.119,13.1148,760.8672476628897,461.00696444055075
IFE/rhino20.aca,947,15-54-02,2026-04-30,15:54:02,2026-04-30T15:54:02,361.35000000000014,0.16199999999999998,7.848800000000001,515.4960592958356,367.4100372472063
IFE/rhino20.aca,948,15-54-40,2026-04-30,15:54:40,2026-04-30T15:54:40,361.35000000000014,0.20500000000000002,5.7872,385.2869884070129,313.07816243739967
IFE/rhino20.aca,949,15-55-18,2026-04-30,15:55:18,2026-04-30T15:55:18,361.35000000000014,0.248,4.6835,304.9442341356902,277.5871796987373
IFE/rhino20.aca,950,15-55-57,2026-04-30,15:55:57,2026-04-30T15:55:57,361.35000000000014,0.291,3.9929,250.695799171229,252.5849409997225
IFE/rhino20.aca,951,15-56-36,2026-04-30,15:56:36,2026-04-30T15:56:36,362.6300000000001,0.076,56.111000000000004,1418.3503772594981,662.8559320625409
IFE/rhino20.aca,952,15-57-16,2026-04-30,15:57:16,2026-04-30T15:57:16,362.6300000000001,0.119,13.1148,763.5624464367909,462.63997651882437
IFE/rhino20.aca,953,15-57-55,2026-04-30,15:57:55,2026-04-30T15:57:55,362.6300000000001,0.16199999999999998,7.848800000000001,517.3220865709969,368.7115035476812
IFE/rhino20.aca,954,15-58-34,2026-04-30,15:58:34,2026-04-30T15:58:34,362.6300000000001,0.20500000000000002,5.7872,386.65177973167084,314.1871704571038
IFE/rhino20.aca,955,15-59-13,2026-04-30,15:59:13,2026-04-30T15:59:13,362.6300000000001,0.248,4.6835,306.0244295686069,278.5704690027765
IFE/rhino20.aca,956,15-59-56,2026-04-30,15:59:56,2026-04-30T15:59:56,362.6300000000001,0.291,3.9929,251.5838318899343,253.4796655727951
IFE/rhino20.aca,957,16-00-41,2026-04-30,16:00:41,2026-04-30T16:00:41,363.91000000000014,0.076,56.111000000000004,1423.3568259338936,665.1956601408588
IFE/rhino20.aca,958,16-01-43,2026-04-30,16:01:43,2026-04-30T16:01:43,363.91000000000014,0.119,13.1148,766.2576452108166,464.272988597098
IFE/rhino20.aca,959,16-02-39,2026-04-30,16:02:39,2026-04-30T16:02:39,363.91000000000014,0.16199999999999998,7.848800000000001,519.1481138461277,370.0129698481564
IFE/rhino20.aca,960,16-03-43,2026-04-30,16:03:43,2026-04-30T16:03:43,363.91000000000014,0.20500000000000002,5.7872,388.01657105627856,315.296178476808
IFE/rhino21.aca,961,16-04-43,2026-04-30,16:04:43,2026-04-30T16:04:43,363.91000000000014,0.248,4.6835,307.10462500162396,279.5537583068159
IFE/rhino21.aca,962,16-05-41,2026-04-30,16:05:41,2026-04-30T16:05:41,363.91000000000014,0.291,3.9929,252.47186460880874,254.3743901458679
IFE/rhino21.aca,963,16-06-41,2026-04-30,16:06:41,2026-04-30T16:06:41,365.19000000000017,0.076,56.111000000000004,1428.3632746089002,667.5353882191766
IFE/rhino21.aca,964,16-07-41,2026-04-30,16:07:41,2026-04-30T16:07:41,365.19000000000017,0.119,13.1148,768.9528439849273,465.9060006753717
IFE/rhino21.aca,965,16-08-40,2026-04-30,16:08:40,2026-04-30T16:08:40,365.19000000000017,0.16199999999999998,7.848800000000001,520.9741411214375,371.31443614863144
IFE/rhino21.aca,966,16-09-38,2026-04-30,16:09:38,2026-04-30T16:09:38,365.19000000000017,0.20500000000000002,5.7872,389.38136238098014,316.4051864965121
IFE/rhino21.aca,967,16-10-37,2026-04-30,16:10:37,2026-04-30T16:10:37,365.19000000000017,0.248,4.6835,308.18482043451,280.5370476108552
IFE/rhino21.aca,968,16-11-39,2026-04-30,16:11:39,2026-04-30T16:11:39,365.19000000000017,0.291,3.9929,253.35989732758281,255.2691147189405
IFE/rhino21.aca,969,16-12-39,2026-04-30,16:12:39,2026-04-30T16:12:39,366.47000000000014,0.076,56.111000000000004,1433.3697232838415,669.8751162974945
IFE/rhino21.aca,970,16-13-47,2026-04-30,16:13:47,2026-04-30T16:13:47,366.47000000000014,0.119,13.1148,771.6480427589704,467.5390127536409
IFE/rhino21.aca,971,16-14-50,2026-04-30,16:14:50,2026-04-30T16:14:50,366.47000000000014,0.16199999999999998,7.848800000000001,522.8001683965224,372.6159024491063
IFE/rhino21.aca,972,16-15-49,2026-04-30,16:15:49,2026-04-30T16:15:49,366.47000000000014,0.20500000000000002,5.7872,390.74615370558456,317.5141945162162
IFE/rhino21.aca,973,16-16-48,2026-04-30,16:16:48,2026-04-30T16:16:48,366.47000000000014,0.248,4.6835,309.2650158674693,281.5203369148944
IFE/rhino21.aca,974,16-17-47,2026-04-30,16:17:47,2026-04-30T16:17:47,366.47000000000014,0.291,3.9929,254.2479300463885,256.1638392919777
IFE/rhino21.aca,975,16-18-47,2026-04-30,16:18:47,2026-04-30T16:18:47,367.7500000000001,0.076,56.111000000000004,1438.3761719582849,672.2148443758119
IFE/rhino21.aca,976,16-19-47,2026-04-30,16:19:47,2026-04-30T16:19:47,367.7500000000001,0.119,13.1148,774.3432415330047,469.1720248319144
IFE/rhino21.aca,977,16-20-46,2026-04-30,16:20:46,2026-04-30T16:20:46,367.7500000000001,0.16199999999999998,7.848800000000001,524.6261956717775,373.9173687495812
IFE/rhino21.aca,978,16-21-47,2026-04-30,16:21:47,2026-04-30T16:21:47,367.7500000000001,0.20500000000000002,5.7872,392.1109450302545,318.6232025359202
IFE/rhino21.aca,979,16-22-46,2026-04-30,16:22:46,2026-04-30T16:22:46,367.7500000000001,0.248,4.6835,310.34521130038155,282.5036262189337
IFE/rhino21.aca,980,16-23-45,2026-04-30,16:23:45,2026-04-30T16:23:45,367.7500000000001,0.291,3.9929,255.13596276518,257.05856386505025
IFE/rhino21.aca,981,16-24-45,2026-04-30,16:24:45,2026-04-30T16:24:45,369.03000000000014,0.076,56.111000000000004,1443.3826206334838,674.5545724541303
IFE/rhino21.aca,982,16-25-45,2026-04-30,16:25:45,2026-04-30T16:25:45,369.03000000000014,0.119,13.1148,777.0384403072967,470.80503691018805
IFE/rhino21.aca,983,16-26-45,2026-04-30,16:26:45,2026-04-30T16:26:45,369.03000000000014,0.16199999999999998,7.848800000000001,526.4522229470589,375.2188350500562
IFE/rhino21.aca,984,16-27-44,2026-04-30,16:27:44,2026-04-30T16:27:44,369.03000000000014,0.20500000000000002,5.7872,393.47573635485895,319.7322105556243
IFE/rhino21.aca,985,16-28-44,2026-04-30,16:28:44,2026-04-30T16:28:44,369.03000000000014,0.248,4.6835,311.42540673335714,283.48691552297294
IFE/rhino21.aca,986,16-29-44,2026-04-30,16:29:44,2026-04-30T16:29:44,369.03000000000014,0.291,3.9929,256.02399548401627,257.95328843812285
IFE/rhino21.aca,987,16-30-44,2026-04-30,16:30:44,2026-04-30T16:30:44,370.3100000000002,0.076,56.111000000000004,1448.3890693075214,676.8943005324479
IFE/rhino21.aca,988,16-31-42,2026-04-30,16:31:42,2026-04-30T16:31:42,370.3100000000002,0.119,13.1148,779.7336390811739,472.4380489884617
IFE/rhino21.aca,989,16-32-42,2026-04-30,16:32:42,2026-04-30T16:32:42,370.3100000000002,0.16199999999999998,7.848800000000001,528.2782502223708,376.5203013505293
IFE/rhino21.aca,990,16-33-42,2026-04-30,16:33:42,2026-04-30T16:33:42,370.3100000000002,0.20500000000000002,5.7872,394.8405276795223,320.84121857532864
IFE/rhino21.aca,991,16-34-42,2026-04-30,16:34:42,2026-04-30T16:34:42,370.3100000000002,0.248,4.6835,312.5056021662793,284.47020482701237
IFE/rhino21.aca,992,16-35-41,2026-04-30,16:35:41,2026-04-30T16:35:41,370.3100000000002,0.291,3.9929,256.91202820276084,258.84801301119563
IFE/rhino21.aca,993,16-36-43,2026-04-30,16:36:43,2026-04-30T16:36:43,371.59000000000015,0.076,56.111000000000004,1453.3955179821307,679.2340286107658
IFE/rhino21.aca,994,16-37-42,2026-04-30,16:37:42,2026-04-30T16:37:42,371.59000000000015,0.119,13.1148,782.428837855241,474.07106106673507
IFE/rhino21.aca,995,16-38-42,2026-04-30,16:38:42,2026-04-30T16:38:42,371.59000000000015,0.16199999999999998,7.848800000000001,530.1042774975256,377.82176765100417
IFE/rhino21.aca,996,16-39-42,2026-04-30,16:39:42,2026-04-30T16:39:42,371.59000000000015,0.20500000000000002,5.7872,396.2053190041901,321.9502265950326
IFE/rhino21.aca,997,16-40-41,2026-04-30,16:40:41,2026-04-30T16:40:41,371.59000000000015,0.248,4.6835,313.5857975991861,285.45349413105146
IFE/rhino21.aca,998,16-41-42,2026-04-30,16:41:42,2026-04-30T16:41:42,371.59000000000015,0.291,3.9929,257.80006092165604,259.74273758426807
IFE/rhino21.aca,999,16-42-42,2026-04-30,16:42:42,2026-04-30T16:42:42,372.8700000000001,0.076,56.111000000000004,1458.4019666566396,681.5737566890812
IFE/rhino21.aca,1000,16-43-42,2026-04-30,16:43:42,2026-04-30T16:43:42,372.8700000000001,0.119,13.1148,785.1240366293277,475.7040731450086
IFE/rhino21.aca,1001,16-44-43,2026-04-30,16:44:43,2026-04-30T16:44:43,372.8700000000001,0.16199999999999998,7.848800000000001,531.9303047728179,379.1232339514792
IFE/rhino21.aca,1002,16-45-46,2026-04-30,16:45:46,2026-04-30T16:45:46,372.8700000000001,0.20500000000000002,5.7872,397.5701103287847,323.05923461473674
IFE/rhino21.aca,1003,16-46-50,2026-04-30,16:46:50,2026-04-30T16:46:50,372.8700000000001,0.248,4.6835,314.6659930321977,286.4367834350908
IFE/rhino21.aca,1004,16-47-54,2026-04-30,16:47:54,2026-04-30T16:47:54,372.8700000000001,0.291,3.9929,258.68809364041044,260.6374621573407
IFE/rhino21.aca,1005,16-48-55,2026-04-30,16:48:55,2026-04-30T16:48:55,374.15000000000015,0.076,56.111000000000004,1463.4084153316157,683.9134847673993
IFE/rhino21.aca,1006,16-49-57,2026-04-30,16:49:57,2026-04-30T16:49:57,374.15000000000015,0.119,13.1148,787.8192354032748,477.33708522328226
IFE/rhino21.aca,1007,16-50-58,2026-04-30,16:50:58,2026-04-30T16:50:58,374.15000000000015,0.16199999999999998,7.848800000000001,533.75633204794,380.4247002519543
IFE/rhino21.aca,1008,16-51-59,2026-04-30,16:51:59,2026-04-30T16:51:59,374.15000000000015,0.20500000000000002,5.7872,398.9349016534241,324.16824263444107
IFE/rhino21.aca,1009,16-53-00,2026-04-30,16:53:00,2026-04-30T16:53:00,374.15000000000015,0.248,4.6835,315.7461884651166,287.4200727391302
IFE/rhino21.aca,1010,16-54-02,2026-04-30,16:54:02,2026-04-30T16:54:02,374.15000000000015,0.291,3.9929,259.5761263591867,261.5321867304135
IFE/rhino21.aca,1011,16-54-58,2026-04-30,16:54:58,2026-04-30T16:54:58,375.4300000000002,0.076,56.111000000000004,1468.414864005841,686.2532128457174
IFE/rhino21.aca,1012,16-55-57,2026-04-30,16:55:57,2026-04-30T16:55:57,375.4300000000002,0.119,13.1148,790.5144341775056,478.9700973015558
IFE/rhino21.aca,1013,16-57-00,2026-04-30,16:57:00,2026-04-30T16:57:00,375.4300000000002,0.16199999999999998,7.848800000000001,535.5823593231253,381.72616655242933
IFE/rhino21.aca,1014,16-58-04,2026-04-30,16:58:04,2026-04-30T16:58:04,375.4300000000002,0.20500000000000002,5.7872,400.2996929781213,325.2772506541452
IFE/rhino21.aca,1015,16-59-07,2026-04-30,16:59:07,2026-04-30T16:59:07,375.4300000000002,0.248,4.6835,316.82638389803435,288.4033620431695
IFE/rhino21.aca,1016,17-00-07,2026-04-30,17:00:07,2026-04-30T17:00:07,375.4300000000002,0.291,3.9929,260.46415907797166,262.42691130348624
IFE/rhino21.aca,1017,17-01-09,2026-04-30,17:01:09,2026-04-30T17:01:09,376.71000000000015,0.076,56.111000000000004,1473.4213126808609,688.592940924035
IFE/rhino21.aca,1018,17-02-18,2026-04-30,17:02:18,2026-04-30T17:02:18,376.71000000000015,0.119,13.1148,793.2096329515313,480.60310937982945
IFE/rhino21.aca,1019,17-03-21,2026-04-30,17:03:21,2026-04-30T17:03:21,376.71000000000015,0.16199999999999998,7.848800000000001,537.4083865984372,383.0276328529043
IFE/rhino21.aca,1020,17-04-23,2026-04-30,17:04:23,2026-04-30T17:04:23,376.71000000000015,0.20500000000000002,5.7872,401.664484302764,326.38625867384934
IFE/rhino21.aca,1021,17-05-06,2026-04-30,17:05:06,2026-04-30T17:05:06,376.71000000000015,0.248,4.6835,317.9065793309652,289.38665134720884
IFE/rhino21.aca,1022,17-05-49,2026-04-30,17:05:49,2026-04-30T17:05:49,376.71000000000015,0.291,3.9929,261.35219179680354,263.3216358765589
IFE/rhino21.aca,1023,17-06-31,2026-04-30,17:06:31,2026-04-30T17:06:31,377.9900000000001,0.076,56.111000000000004,1478.4277613556974,690.9326690023527
IFE/rhino21.aca,1024,17-07-12,2026-04-30,17:07:12,2026-04-30T17:07:12,377.9900000000001,0.119,13.1148,795.9048317255744,482.23612145810273
IFE/rhino21.aca,1025,17-07-52,2026-04-30,17:07:52,2026-04-30T17:07:52,377.9900000000001,0.16199999999999998,7.848800000000001,539.2344138734894,384.32909915337905
IFE/rhino21.aca,1026,17-08-33,2026-04-30,17:08:33,2026-04-30T17:08:33,377.9900000000001,0.20500000000000002,5.7872,403.0292756273673,327.49526669355316
IFE/rhino21.aca,1027,17-09-13,2026-04-30,17:09:13,2026-04-30T17:09:13,377.9900000000001,0.248,4.6835,318.98677476386985,290.3699406512478
IFE/rhino21.aca,1028,17-09-54,2026-04-30,17:09:54,2026-04-30T17:09:54,377.9900000000001,0.291,3.9929,262.2402245156212,264.2163604496312
IFE/rhino21.aca,1029,17-10-34,2026-04-30,17:10:34,2026-04-30T17:10:34,379.27000000000015,0.076,56.111000000000004,1483.4342100299095,693.2723970806708
IFE/rhino21.aca,1030,17-11-15,2026-04-30,17:11:15,2026-04-30T17:11:15,379.27000000000015,0.119,13.1148,798.6000304996436,483.86913353637635
IFE/rhino21.aca,1031,17-11-54,2026-04-30,17:11:54,2026-04-30T17:11:54,379.27000000000015,0.16199999999999998,7.848800000000001,541.0604411489192,385.63056545385416
IFE/rhino21.aca,1032,17-12-34,2026-04-30,17:12:34,2026-04-30T17:12:34,379.27000000000015,0.20500000000000002,5.7872,404.3940669520656,328.60427471325727
IFE/rhino21.aca,1033,17-13-18,2026-04-30,17:13:18,2026-04-30T17:13:18,379.27000000000015,0.248,4.6835,320.0669701968967,291.35322995528725
IFE/rhino21.aca,1034,17-14-03,2026-04-30,17:14:03,2026-04-30T17:14:03,379.27000000000015,0.291,3.9929,263.128257234368,265.11108502270406
IFE/rhino21.aca,1035,17-14-42,2026-04-30,17:14:42,2026-04-30T17:14:42,380.5500000000002,0.076,56.111000000000004,1488.440658705274,695.6121251589886
IFE/rhino21.aca,1036,17-15-22,2026-04-30,17:15:22,2026-04-30T17:15:22,380.5500000000002,0.119,13.1148,801.295229273595,485.50214561465003
IFE/rhino21.aca,1037,17-16-01,2026-04-30,17:16:01,2026-04-30T17:16:01,380.5500000000002,0.16199999999999998,7.848800000000001,542.8864684240805,386.9320317543293
IFE/rhino21.aca,1038,17-16-40,2026-04-30,17:16:40,2026-04-30T17:16:40,380.5500000000002,0.20500000000000002,5.7872,405.758858276717,329.7132827329616
IFE/rhino21.aca,1039,17-17-19,2026-04-30,17:17:19,2026-04-30T17:17:19,380.5500000000002,0.248,4.6835,321.1471656297916,292.3365192593266
IFE/rhino21.aca,1040,17-17-58,2026-04-30,17:17:58,2026-04-30T17:17:58,380.5500000000002,0.291,3.9929,264.0162899531846,266.0058095957768
IFE/rhino22.aca,1041,17-18-38,2026-04-30,17:18:38,2026-04-30T17:18:38,381.83000000000015,0.076,56.111000000000004,1493.4471073795953,697.9518532373063
IFE/rhino22.aca,1042,17-19-18,2026-04-30,17:19:18,2026-04-30T17:19:18,381.83000000000015,0.119,13.1148,803.990428047721,487.13515769292354
IFE/rhino22.aca,1043,17-19-58,2026-04-30,17:19:58,2026-04-30T17:19:58,381.83000000000015,0.16199999999999998,7.848800000000001,544.7124956993117,388.23349805480416
IFE/rhino22.aca,1044,17-20-37,2026-04-30,17:20:37,2026-04-30T17:20:37,381.83000000000015,0.20500000000000002,5.7872,407.1236496013509,330.8222907526657
IFE/rhino22.aca,1045,17-21-17,2026-04-30,17:21:17,2026-04-30T17:21:17,381.83000000000015,0.248,4.6835,322.2273610627573,293.3198085633638
IFE/rhino22.aca,1046,17-21-57,2026-04-30,17:21:57,2026-04-30T17:21:57,381.83000000000015,0.291,3.9929,264.90432267208746,266.9005341688494
IFE/rhino22.aca,1047,17-22-36,2026-04-30,17:22:36,2026-04-30T17:22:36,383.1100000000001,0.076,56.111000000000004,1498.4535560541874,700.2915813156242
IFE/rhino22.aca,1048,17-23-15,2026-04-30,17:23:15,2026-04-30T17:23:15,383.1100000000001,0.119,13.1148,806.6856268219301,488.7681697711971
IFE/rhino22.aca,1049,17-23-54,2026-04-30,17:23:54,2026-04-30T17:23:54,383.1100000000001,0.16199999999999998,7.848800000000001,546.5385229744381,389.53496435527927
IFE/rhino22.aca,1050,17-24-33,2026-04-30,17:24:33,2026-04-30T17:24:33,383.1100000000001,0.20500000000000002,5.7872,408.48844092599245,331.93129877236987
IFE/rhino22.aca,1051,17-25-13,2026-04-30,17:25:13,2026-04-30T17:25:13,383.1100000000001,0.248,4.6835,323.30755649564236,294.30309786740315
IFE/rhino22.aca,1052,17-25-51,2026-04-30,17:25:51,2026-04-30T17:25:51,383.1100000000001,0.291,3.9929,265.7923553908211,267.7952587419221
IFE/rhino22.aca,1053,17-26-30,2026-04-30,17:26:30,2026-04-30T17:26:30,384.39000000000016,0.076,56.111000000000004,1503.460004729098,702.631309393942
IFE/rhino22.aca,1054,17-27-10,2026-04-30,17:27:10,2026-04-30T17:27:10,384.39000000000016,0.119,13.1148,809.3808255957483,490.4011818494706
IFE/rhino22.aca,1055,17-27-51,2026-04-30,17:27:51,2026-04-30T17:27:51,384.39000000000016,0.16199999999999998,7.848800000000001,548.3645502497653,390.83643065575416
IFE/rhino22.aca,1056,17-28-32,2026-04-30,17:28:32,2026-04-30T17:28:32,384.39000000000016,0.20500000000000002,5.7872,409.8532322506122,333.04030679207403
IFE/rhino22.aca,1057,17-29-12,2026-04-30,17:29:12,2026-04-30T17:29:12,384.39000000000016,0.248,4.6835,324.38775192864193,295.2863871714424
IFE/rhino22.aca,1058,17-29-52,2026-04-30,17:29:52,2026-04-30T17:29:52,384.39000000000016,0.291,3.9929,266.68038810959297,268.6899833149947
IFE/rhino22.aca,1059,17-30-32,2026-04-30,17:30:32,2026-04-30T17:30:32,385.6700000000002,0.076,56.111000000000004,1508.4664534032622,704.9710374722597
IFE/rhino22.aca,1060,17-31-12,2026-04-30,17:31:12,2026-04-30T17:31:12,385.6700000000002,0.119,13.1148,812.0760243698962,492.03419392774424
IFE/rhino22.aca,1061,17-31-52,2026-04-30,17:31:52,2026-04-30T17:31:52,385.6700000000002,0.16199999999999998,7.848800000000001,550.1905775248481,392.1378969562294
IFE/rhino22.aca,1062,17-32-31,2026-04-30,17:32:31,2026-04-30T17:32:31,385.6700000000002,0.20500000000000002,5.7872,411.2180235753127,334.14931481177825
IFE/rhino22.aca,1063,17-33-10,2026-04-30,17:33:10,2026-04-30T17:33:10,385.6700000000002,0.248,4.6835,325.4679473616099,296.2696764754818
IFE/rhino22.aca,1064,17-33-51,2026-04-30,17:33:51,2026-04-30T17:33:51,385.6700000000002,0.291,3.9929,267.5684208283703,269.5847078880673
IFE/rhino22.aca,1065,17-34-31,2026-04-30,17:34:31,2026-04-30T17:34:31,386.95000000000016,0.076,56.111000000000004,1513.4729020779414,707.3107655505771
IFE/rhino22.aca,1066,17-35-11,2026-04-30,17:35:11,2026-04-30T17:35:11,386.95000000000016,0.119,13.1148,814.7712231439436,493.66720600601695
IFE/rhino22.aca,1067,17-35-50,2026-04-30,17:35:50,2026-04-30T17:35:50,386.95000000000016,0.16199999999999998,7.848800000000001,552.0166048000377,393.4393632567035
IFE/rhino22.aca,1068,17-36-30,2026-04-30,17:36:30,2026-04-30T17:36:30,386.95000000000016,0.20500000000000002,5.7872,412.58281489992044,335.25832283148156
IFE/rhino22.aca,1069,17-37-10,2026-04-30,17:37:10,2026-04-30T17:37:10,386.95000000000016,0.248,4.6835,326.54814279452114,297.2529657795203
IFE/rhino22.aca,1070,17-37-49,2026-04-30,17:37:49,2026-04-30T17:37:49,386.95000000000016,0.291,3.9929,268.45645354724365,270.47943246113925
IFE/rhino22.aca,1071,17-38-29,2026-04-30,17:38:29,2026-04-30T17:38:29,388.23000000000013,0.076,56.111000000000004,1518.4793507529043,709.6504936288948
IFE/rhino22.aca,1072,17-39-10,2026-04-30,17:39:10,2026-04-30T17:39:10,388.23000000000013,0.119,13.1148,817.4664219180173,495.3002180842907
IFE/rhino22.aca,1073,17-39-50,2026-04-30,17:39:50,2026-04-30T17:39:50,388.23000000000013,0.16199999999999998,7.848800000000001,553.8426320752624,394.7408295571786
IFE/rhino22.aca,1074,17-40-30,2026-04-30,17:40:30,2026-04-30T17:40:30,388.23000000000013,0.20500000000000002,5.7872,413.94760622462746,336.3673308511857
IFE/rhino22.aca,1075,17-41-12,2026-04-30,17:41:12,2026-04-30T17:41:12,388.23000000000013,0.248,4.6835,327.62833822740396,298.2362550835596
IFE/rhino22.aca,1076,17-41-53,2026-04-30,17:41:53,2026-04-30T17:41:53,388.23000000000013,0.291,3.9929,269.3444862660068,271.374157034212
IFE/rhino22.aca,1077,17-42-33,2026-04-30,17:42:33,2026-04-30T17:42:33,389.51000000000016,0.076,56.111000000000004,1523.4857994274048,711.9902217072129
IFE/rhino22.aca,1078,17-43-12,2026-04-30,17:43:12,2026-04-30T17:43:12,389.51000000000016,0.119,13.1148,820.1616206921259,496.9332301625644
IFE/rhino22.aca,1079,17-43-52,2026-04-30,17:43:52,2026-04-30T17:43:52,389.51000000000016,0.16199999999999998,7.848800000000001,555.6686593505176,396.0422958576536
IFE/rhino22.aca,1080,17-44-32,2026-04-30,17:44:32,2026-04-30T17:44:32,389.51000000000016,0.20500000000000002,5.7872,415.312397549197,337.47633887089
IFE/rhino22.aca,1081,17-45-16,2026-04-30,17:45:16,2026-04-30T17:45:16,389.51000000000016,0.248,4.6835,328.7085336603959,299.219544387599
IFE/rhino22.aca,1082,17-45-57,2026-04-30,17:45:57,2026-04-30T17:45:57,389.51000000000016,0.291,3.9929,270.23251898486706,272.2688816072847
IFE/rhino22.aca,1083,17-46-39,2026-04-30,17:46:39,2026-04-30T17:46:39,390.7900000000002,0.076,56.111000000000004,1528.4922481024157,714.3299497855307
IFE/rhino22.aca,1084,17-47-19,2026-04-30,17:47:19,2026-04-30T17:47:19,390.7900000000002,0.119,13.1148,822.8568194661144,498.5662422408379
IFE/rhino22.aca,1085,17-48-00,2026-04-30,17:48:00,2026-04-30T17:48:00,390.7900000000002,0.16199999999999998,7.848800000000001,557.4946866256571,397.3437621581286
IFE/rhino22.aca,1086,17-48-40,2026-04-30,17:48:40,2026-04-30T17:48:40,390.7900000000002,0.20500000000000002,5.7872,416.67718887388764,338.58534689059405
IFE/rhino22.aca,1087,17-49-21,2026-04-30,17:49:21,2026-04-30T17:49:21,390.7900000000002,0.248,4.6835,329.78872909335075,300.20283369163826
IFE/rhino22.aca,1088,17-50-01,2026-04-30,17:50:01,2026-04-30T17:50:01,390.7900000000002,0.291,3.9929,271.1205517035898,273.1636061803573
IFE/rhino22.aca,1089,17-50-42,2026-04-30,17:50:42,2026-04-30T17:50:42,392.07000000000016,0.076,56.111000000000004,1533.4986967766847,716.6696778638484
IFE/rhino22.aca,1090,17-51-22,2026-04-30,17:51:22,2026-04-30T17:51:22,392.07000000000016,0.119,13.1148,825.5520182402491,500.19925431911156
IFE/rhino22.aca,1091,17-52-03,2026-04-30,17:52:03,2026-04-30T17:52:03,392.07000000000016,0.16199999999999998,7.848800000000001,559.3207139010541,398.6452284586038
IFE/rhino22.aca,1092,17-52-43,2026-04-30,17:52:43,2026-04-30T17:52:43,392.07000000000016,0.20500000000000002,5.7872,418.0419801985128,339.6943549102983
IFE/rhino22.aca,1093,17-53-23,2026-04-30,17:53:23,2026-04-30T17:53:23,392.07000000000016,0.248,4.6835,330.8689245262925,301.1861229956777
IFE/rhino22.aca,1094,17-54-04,2026-04-30,17:54:04,2026-04-30T17:54:04,392.07000000000016,0.291,3.9929,272.0085844224228,274.05833075343014
IFE/rhino22.aca,1095,17-54-44,2026-04-30,17:54:44,2026-04-30T17:54:44,393.35000000000014,0.076,56.111000000000004,1538.5051454515299,719.0094059421665
IFE/rhino22.aca,1096,17-55-25,2026-04-30,17:55:25,2026-04-30T17:55:25,393.35000000000014,0.119,13.1148,828.2472170143708,501.83226639738496
IFE/rhino22.aca,1097,17-56-06,2026-04-30,17:56:06,2026-04-30T17:56:06,393.35000000000014,0.16199999999999998,7.848800000000001,561.1467411761805,399.9466947590787
IFE/rhino22.aca,1098,17-56-47,2026-04-30,17:56:47,2026-04-30T17:56:47,393.35000000000014,0.20500000000000002,5.7872,419.40677152319256,340.8033629300023
IFE/rhino22.aca,1099,17-57-26,2026-04-30,17:57:26,2026-04-30T17:57:26,393.35000000000014,0.248,4.6835,331.9491199591972,302.16941229971695
IFE/rhino22.aca,1100,17-58-08,2026-04-30,17:58:08,2026-04-30T17:58:08,393.35000000000014,0.291,3.9929,272.8966171412427,274.95305532650275
IFE/rhino22.aca,1101,17-58-47,2026-04-30,17:58:47,2026-04-30T17:58:47,394.63000000000017,0.076,56.111000000000004,1543.5115941262964,721.3491340204844
IFE/rhino22.aca,1102,17-59-28,2026-04-30,17:59:28,2026-04-30T17:59:28,394.63000000000017,0.119,13.1148,830.9424157883004,503.46527847565864
IFE/rhino22.aca,1103,18-00-09,2026-04-30,18:00:09,2026-04-30T18:00:09,394.63000000000017,0.16199999999999998,7.848800000000001,562.9727684513484,401.2481610595537
IFE/rhino22.aca,1104,18-00-48,2026-04-30,18:00:48,2026-04-30T18:00:48,394.63000000000017,0.20500000000000002,5.7872,420.7715628477807,341.9123709497064
IFE/rhino22.aca,1105,18-01-29,2026-04-30,18:01:29,2026-04-30T18:01:29,394.63000000000017,0.248,4.6835,333.0293153921499,303.1527016037562
IFE/rhino22.aca,1106,18-02-09,2026-04-30,18:02:09,2026-04-30T18:02:09,394.63000000000017,0.291,3.9929,273.78464986005383,275.84777989957536
IFE/rhino22.aca,1107,18-02-49,2026-04-30,18:02:49,2026-04-30T18:02:49,395.9100000000002,0.076,56.111000000000004,1548.518042800871,723.6888620988018
IFE/rhino22.aca,1108,18-03-30,2026-04-30,18:03:30,2026-04-30T18:03:30,395.9100000000002,0.119,13.1148,833.6376145624178,505.0982905539322
IFE/rhino22.aca,1109,18-04-10,2026-04-30,18:04:10,2026-04-30T18:04:10,395.9100000000002,0.16199999999999998,7.848800000000001,564.7987957265381,402.5496273600287
IFE/rhino22.aca,1110,18-04-50,2026-04-30,18:04:50,2026-04-30T18:04:50,395.9100000000002,0.20500000000000002,5.7872,422.1363541724615,343.02137896941065
IFE/rhino22.aca,1111,18-05-30,2026-04-30,18:05:30,2026-04-30T18:05:30,395.9100000000002,0.248,4.6835,334.1095108251331,304.13599090779553
IFE/rhino22.aca,1112,18-06-11,2026-04-30,18:06:11,2026-04-30T18:06:11,395.9100000000002,0.291,3.9929,274.67268257880386,276.74250447264797
IFE/rhino22.aca,1113,18-06-50,2026-04-30,18:06:50,2026-04-30T18:06:50,397.19000000000017,0.076,56.111000000000004,1553.524491475559,726.0285901771197
IFE/rhino22.aca,1114,18-07-32,2026-04-30,18:07:32,2026-04-30T18:07:32,397.19000000000017,0.119,13.1148,836.3328133364739,506.7313026322056
IFE/rhino22.aca,1115,18-08-11,2026-04-30,18:08:11,2026-04-30T18:08:11,397.19000000000017,0.16199999999999998,7.848800000000001,566.6248230017561,403.8510936605025
IFE/rhino22.aca,1116,18-08-50,2026-04-30,18:08:50,2026-04-30T18:08:50,397.19000000000017,0.20500000000000002,5.7872,423.5011454970812,344.13038698911464
IFE/rhino22.aca,1117,18-09-30,2026-04-30,18:09:30,2026-04-30T18:09:30,397.19000000000017,0.248,4.6835,335.1897062580738,305.1192802118346
IFE/rhino22.aca,1118,18-10-10,2026-04-30,18:10:10,2026-04-30T18:10:10,397.19000000000017,0.291,0.0,275.56071529767394,277.63722904572046
IFE/rhino22.aca,1119,18-10-51,2026-04-30,18:10:51,2026-04-30T18:10:51,398.47000000000014,0.076,56.111000000000004,1558.5309401497536,728.3683182554375
IFE/rhino22.aca,1120,18-11-31,2026-04-30,18:11:31,2026-04-30T18:11:31,398.47000000000014,0.119,13.1148,839.0280121105759,508.3643147104792
IFE/rhino23.aca,1121,18-12-12,2026-04-30,18:12:12,2026-04-30T18:12:12,398.47000000000014,0.16199999999999998,7.848800000000001,568.4508502769764,405.1525599609774
IFE/rhino23.aca,1122,18-12-52,2026-04-30,18:12:52,2026-04-30T18:12:52,398.47000000000014,0.20500000000000002,5.7872,424.86593682171514,345.23939500881875
IFE/rhino23.aca,1123,18-13-38,2026-04-30,18:13:38,2026-04-30T18:13:38,398.47000000000014,0.248,4.6835,336.2699016910134,306.10256951587394
IFE/rhino23.aca,1124,18-14-18,2026-04-30,18:14:18,2026-04-30T18:14:18,398.47000000000014,0.291,3.9929,276.44874801643056,278.53195361878426
IFE/rhino23.aca,1125,18-14-57,2026-04-30,18:14:57,2026-04-30T18:14:57,399.75000000000017,0.076,56.111000000000004,1563.5373888247864,730.7080463337554
IFE/rhino23.aca,1126,18-15-38,2026-04-30,18:15:38,2026-04-30T18:15:38,399.75000000000017,0.119,13.1148,841.7232108846583,509.9973267887526
IFE/rhino23.aca,1127,18-16-19,2026-04-30,18:16:19,2026-04-30T18:16:19,399.75000000000017,0.16199999999999998,7.848800000000001,570.2768775521115,406.45402626145255
IFE/rhino23.aca,1128,18-16-58,2026-04-30,18:16:58,2026-04-30T18:16:58,399.75000000000017,0.20500000000000002,5.7872,426.2307281464015,346.34840302852297
IFE/rhino23.aca,1129,18-17-39,2026-04-30,18:17:39,2026-04-30T18:17:39,399.75000000000017,0.248,4.6835,337.35009712402496,307.08585881991337
IFE/rhino23.aca,1130,18-18-19,2026-04-30,18:18:19,2026-04-30T18:18:19,399.75000000000017,0.291,3.9929,277.3367807352439,279.42667819185704
IFE/rhino23.aca,1131,18-19-00,2026-04-30,18:19:00,2026-04-30T18:19:00,401.0300000000002,0.076,56.111000000000004,1568.5438374991863,733.0477744120735
IFE/rhino23.aca,1132,18-19-40,2026-04-30,18:19:40,2026-04-30T18:19:40,401.0300000000002,0.119,13.1148,844.418409658649,511.63033886702635
IFE/rhino23.aca,1133,18-20-19,2026-04-30,18:20:19,2026-04-30T18:20:19,401.0300000000002,0.16199999999999998,7.848800000000001,572.1029048274256,407.75549256192767
IFE/rhino23.aca,1134,18-20-58,2026-04-30,18:20:58,2026-04-30T18:20:58,401.0300000000002,0.20500000000000002,5.7872,427.59551947106155,347.4574110482272
IFE/rhino23.aca,1135,18-21-38,2026-04-30,18:21:38,2026-04-30T18:21:38,401.0300000000002,0.248,4.6835,338.43029255688816,308.06914812395263
IFE/rhino23.aca,1136,18-22-20,2026-04-30,18:22:20,2026-04-30T18:22:20,401.0300000000002,0.291,3.9929,278.2248134539961,280.32140276492964
IFE/rhino23.aca,1137,18-23-01,2026-04-30,18:23:01,2026-04-30T18:23:01,402.3100000000002,0.076,56.111000000000004,1573.5502861742498,735.3875024903912
IFE/rhino23.aca,1138,18-23-42,2026-04-30,18:23:42,2026-04-30T18:23:42,402.3100000000002,0.119,13.1148,847.1136084328558,513.2633509452289
IFE/rhino23.aca,1139,18-24-23,2026-04-30,18:24:23,2026-04-30T18:24:23,402.3100000000002,0.16199999999999998,7.848800000000001,573.9289321026743,409.05695886240255
IFE/rhino23.aca,1140,18-25-05,2026-04-30,18:25:05,2026-04-30T18:25:05,402.3100000000002,0.20500000000000002,5.7872,428.9603107956824,348.5664190679313
IFE/rhino23.aca,1141,18-25-45,2026-04-30,18:25:45,2026-04-30T18:25:45,402.3100000000002,0.248,4.6835,339.510487989807,309.05243742799195
IFE/rhino23.aca,1142,18-26-26,2026-04-30,18:26:26,2026-04-30T18:26:26,402.3100000000002,0.291,3.9929,279.11284617282035,281.21612733800225
IFE/rhino23.aca,1143,18-27-07,2026-04-30,18:27:07,2026-04-30T18:27:07,403.59000000000015,0.076,56.111000000000004,1578.5567348489378,737.727230568709
IFE/rhino23.aca,1144,18-27-48,2026-04-30,18:27:48,2026-04-30T18:27:48,403.59000000000015,0.119,13.1148,849.808807206864,514.8963630235025
IFE/rhino23.aca,1145,18-28-28,2026-04-30,18:28:28,2026-04-30T18:28:28,403.59000000000015,0.16199999999999998,7.848800000000001,575.7549593779338,410.35842516287744
IFE/rhino23.aca,1146,18-29-09,2026-04-30,18:29:09,2026-04-30T18:29:09,403.59000000000015,0.20500000000000002,5.7872,430.3251021202661,349.67542708763517
IFE/rhino23.aca,1147,18-29-49,2026-04-30,18:29:49,2026-04-30T18:29:49,403.59000000000015,0.248,4.6835,340.5906834227673,310.0357267320311
IFE/rhino23.aca,1148,18-30-28,2026-04-30,18:30:28,2026-04-30T18:30:28,403.59000000000015,0.291,3.9929,280.00087889162387,282.1108519110749
IFE/rhino23.aca,1149,18-31-09,2026-04-30,18:31:09,2026-04-30T18:31:09,404.8700000000002,0.076,56.111000000000004,1583.5631835238134,740.0669586470267
IFE/rhino23.aca,1150,18-31-51,2026-04-30,18:31:51,2026-04-30T18:31:51,404.8700000000002,0.119,13.1148,852.5040059809508,516.5293751017759
IFE/rhino23.aca,1151,18-32-31,2026-04-30,18:32:31,2026-04-30T18:32:31,404.8700000000002,0.16199999999999998,7.848800000000001,577.5809866530996,411.65989146335255
IFE/rhino23.aca,1152,18-33-11,2026-04-30,18:33:11,2026-04-30T18:33:11,404.8700000000002,0.20500000000000002,5.7872,431.6898934449415,350.7844351073394
IFE/rhino23.aca,1153,18-33-52,2026-04-30,18:33:52,2026-04-30T18:33:52,404.8700000000002,0.248,4.6835,341.6708788556971,311.0190160360705
IFE/rhino23.aca,1154,18-34-32,2026-04-30,18:34:32,2026-04-30T18:34:32,404.8700000000002,0.291,3.9929,280.88891161044046,283.00557648414764
IFE/rhino23.aca,1155,18-35-12,2026-04-30,18:35:12,2026-04-30T18:35:12,406.1500000000002,0.076,56.111000000000004,1588.5696321980256,742.4066867253448
IFE/rhino23.aca,1156,18-35-52,2026-04-30,18:35:52,2026-04-30T18:35:52,406.1500000000002,0.119,13.1148,855.1992047550768,518.1623871800497
IFE/rhino23.aca,1157,18-36-33,2026-04-30,18:36:33,2026-04-30T18:36:33,406.1500000000002,0.16199999999999998,7.848800000000001,579.4070139282151,412.96135776382755
IFE/rhino23.aca,1158,18-37-14,2026-04-30,18:37:14,2026-04-30T18:37:14,406.1500000000002,0.20500000000000002,5.7872,433.0546847696245,351.89344312704367
IFE/rhino23.aca,1159,18-37-55,2026-04-30,18:37:55,2026-04-30T18:37:55,406.1500000000002,0.248,4.6835,342.7510742886814,312.00230534010984
IFE/rhino23.aca,1160,18-38-37,2026-04-30,18:38:37,2026-04-30T18:38:37,406.1500000000002,0.291,3.9929,281.77694432926694,283.9003010572203
IFE/rhino23.aca,1161,18-39-19,2026-04-30,18:39:19,2026-04-30T18:39:19,407.4300000000002,0.076,56.111000000000004,1593.576080873015,744.7464148036622
IFE/rhino23.aca,1162,18-40-00,2026-04-30,18:40:00,2026-04-30T18:40:00,407.4300000000002,0.119,13.1148,857.8944035290893,519.7953992583231
IFE/rhino23.aca,1163,18-40-42,2026-04-30,18:40:42,2026-04-30T18:40:42,407.4300000000002,0.16199999999999998,7.848800000000001,581.233041203636,414.26282406430244
IFE/rhino23.aca,1164,18-41-22,2026-04-30,18:41:22,2026-04-30T18:41:22,407.4300000000002,0.20500000000000002,5.7872,434.41947609424096,353.0024511467476
IFE/rhino23.aca,1165,18-42-04,2026-04-30,18:42:04,2026-04-30T18:42:04,407.4300000000002,0.248,4.6835,343.8312697216199,312.98559464414905
IFE/rhino23.aca,1166,18-42-43,2026-04-30,18:42:43,2026-04-30T18:42:43,407.4300000000002,0.291,3.9929,282.6649770480355,284.79502563029286
IFE/rhino23.aca,1167,18-43-25,2026-04-30,18:43:25,2026-04-30T18:43:25,408.71000000000015,0.076,56.111000000000004,1598.5825295474672,747.0861428819803
IFE/rhino23.aca,1168,18-44-06,2026-04-30,18:44:06,2026-04-30T18:44:06,408.71000000000015,0.119,13.1148,860.5896023030713,521.4284113365966
IFE/rhino23.aca,1169,18-44-47,2026-04-30,18:44:47,2026-04-30T18:44:47,408.71000000000015,0.16199999999999998,7.848800000000001,583.0590684786555,415.56429036477743
IFE/rhino23.aca,1170,18-45-27,2026-04-30,18:45:27,2026-04-30T18:45:27,408.71000000000015,0.20500000000000002,5.7872,435.78426741898073,354.1114591664517
IFE/rhino23.aca,1171,18-46-07,2026-04-30,18:46:07,2026-04-30T18:46:07,408.71000000000015,0.248,4.6835,344.91146515454966,313.96888394818825
IFE/rhino23.aca,1172,18-46-47,2026-04-30,18:46:47,2026-04-30T18:46:47,408.71000000000015,0.291,3.9929,283.55300976683355,285.6897502033655
IFE/rhino23.aca,1173,18-47-32,2026-04-30,18:47:32,2026-04-30T18:47:32,409.9900000000002,0.076,56.111000000000004,1603.588978222068,749.4258709602981
IFE/rhino23.aca,1174,18-48-18,2026-04-30,18:48:18,2026-04-30T18:48:18,409.9900000000002,0.119,13.1148,863.2848010772126,523.0614234148701
IFE/rhino23.aca,1175,18-49-05,2026-04-30,18:49:05,2026-04-30T18:49:05,409.9900000000002,0.16199999999999998,7.848800000000001,584.8850957539544,416.86575666525255
IFE/rhino23.aca,1176,18-49-46,2026-04-30,18:49:46,2026-04-30T18:49:46,409.9900000000002,0.20500000000000002,5.7872,437.14905874360704,355.2204671861558
IFE/rhino23.aca,1177,18-50-27,2026-04-30,18:50:27,2026-04-30T18:50:27,409.9900000000002,0.248,4.6835,345.99166058748926,314.95217325222757
IFE/rhino23.aca,1178,18-51-06,2026-04-30,18:51:06,2026-04-30T18:51:06,409.9900000000002,0.291,3.9929,284.44104248566765,286.5844747764381
IFE/rhino23.aca,1179,18-51-47,2026-04-30,18:51:47,2026-04-30T18:51:47,411.2700000000002,0.076,56.111000000000004,1608.5954268966248,751.7655990386161
IFE/rhino23.aca,1180,18-52-27,2026-04-30,18:52:27,2026-04-30T18:52:27,411.2700000000002,0.119,13.1148,865.9799998512011,524.6944354931438
IFE/rhino23.aca,1181,18-53-07,2026-04-30,18:53:07,2026-04-30T18:53:07,411.2700000000002,0.16199999999999998,7.848800000000001,586.7111230291418,418.16722296572743
IFE/rhino23.aca,1182,18-53-49,2026-04-30,18:53:49,2026-04-30T18:53:49,411.2700000000002,0.20500000000000002,5.7872,438.51385006813723,356.32947520586004
IFE/rhino23.aca,1183,18-54-33,2026-04-30,18:54:33,2026-04-30T18:54:33,411.2700000000002,0.248,4.6835,347.071856020443,315.9354625562669
IFE/rhino23.aca,1184,18-55-17,2026-04-30,18:55:17,2026-04-30T18:55:17,411.2700000000002,0.291,3.9929,285.32907520442643,287.47919934951085
IFE/rhino23.aca,1185,18-56-02,2026-04-30,18:56:02,2026-04-30T18:56:02,412.5500000000002,0.076,56.111000000000004,1613.6018755711557,754.105327116934
IFE/rhino23.aca,1186,18-56-41,2026-04-30,18:56:41,2026-04-30T18:56:41,412.5500000000002,0.119,13.1148,868.6751986252377,526.3274475714172
IFE/rhino23.aca,1187,18-57-20,2026-04-30,18:57:20,2026-04-30T18:57:20,412.5500000000002,0.16199999999999998,7.848800000000001,588.5371503043273,419.4686892662026
IFE/rhino23.aca,1188,18-58-00,2026-04-30,18:58:00,2026-04-30T18:58:00,412.5500000000002,0.20500000000000002,5.7872,439.87864139280936,357.43848322556414
IFE/rhino23.aca,1189,18-58-38,2026-04-30,18:58:38,2026-04-30T18:58:38,412.5500000000002,0.248,4.6835,348.15205145337933,316.9187518603062
IFE/rhino23.aca,1190,18-59-18,2026-04-30,18:59:18,2026-04-30T18:59:18,412.5500000000002,0.291,3.9929,286.2171079232627,288.3739239225835
IFE/rhino23.aca,1191,18-59-58,2026-04-30,18:59:58,2026-04-30T18:59:58,413.83000000000015,0.076,56.111000000000004,1618.6083242453285,756.4450551952518
IFE/rhino23.aca,1192,19-00-39,2026-04-30,19:00:39,2026-04-30T19:00:39,413.83000000000015,0.119,13.1148,871.370397399427,527.9604596496908
IFE/rhino23.aca,1193,19-01-18,2026-04-30,19:01:18,2026-04-30T19:01:18,413.83000000000015,0.16199999999999998,7.848800000000001,590.3631775795693,420.77015556667743
IFE/rhino23.aca,1194,19-01-58,2026-04-30,19:01:58,2026-04-30T19:01:58,413.83000000000015,0.20500000000000002,5.7872,441.24343271744436,358.54749124526825
IFE/rhino23.aca,1195,19-02-37,2026-04-30,19:02:37,2026-04-30T19:02:37,413.83000000000015,0.248,4.6835,349.23224688628943,317.9020411643455
IFE/rhino23.aca,1196,19-03-18,2026-04-30,19:03:18,2026-04-30T19:03:18,413.83000000000015,0.291,3.9929,287.10514064205637,289.2686484956562
IFE/rhino23.aca,1197,19-03-58,2026-04-30,19:03:58,2026-04-30T19:03:58,415.1100000000002,0.076,56.111000000000004,1623.6147729205054,758.7847832735695
IFE/rhino23.aca,1198,19-04-38,2026-04-30,19:04:38,2026-04-30T19:04:38,415.1100000000002,0.119,13.1148,874.0655961733282,529.5934717279645
IFE/rhino23.aca,1199,19-05-18,2026-04-30,19:05:18,2026-04-30T19:05:18,415.1100000000002,0.16199999999999998,7.848800000000001,592.1892048547874,422.07162186715254
IFE/rhino23.aca,1200,19-05-58,2026-04-30,19:05:58,2026-04-30T19:05:58,415.1100000000002,0.20500000000000002,5.7872,442.6082240422147,359.65649926497247
IFE/rhino24.aca,1201,19-06-38,2026-04-30,19:06:38,2026-04-30T19:06:38,415.1100000000002,0.248,4.6835,350.3124423192421,318.88533046838484
IFE/rhino24.aca,1202,19-07-17,2026-04-30,19:07:17,2026-04-30T19:07:17,415.1100000000002,0.291,3.9929,287.9931733608708,290.1633730687289
IFE/rhino24.aca,1203,19-07-57,2026-04-30,19:07:57,2026-04-30T19:07:57,416.3900000000002,0.076,56.111000000000004,1628.6212215950231,761.1245113518519
IFE/rhino24.aca,1204,19-08-37,2026-04-30,19:08:37,2026-04-30T19:08:37,416.3900000000002,0.119,13.1148,876.7607949473538,531.2264838062381
IFE/rhino24.aca,1205,19-09-16,2026-04-30,19:09:16,2026-04-30T19:09:16,416.3900000000002,0.16199999999999998,7.848800000000001,594.0152321299662,423.37308816762754
IFE/rhino24.aca,1206,19-09-56,2026-04-30,19:09:56,2026-04-30T19:09:56,416.3900000000002,0.20500000000000002,5.7872,443.9730153666882,360.76550728467663
IFE/rhino24.aca,1207,19-10-37,2026-04-30,19:10:37,2026-04-30T19:10:37,416.3900000000002,0.248,4.6835,351.3926377521457,319.86861977242415
IFE/rhino24.aca,1208,19-11-17,2026-04-30,19:11:17,2026-04-30T19:11:17,416.3900000000002,0.291,3.9929,288.8812060796416,291.0580976418015
IFE/rhino24.aca,1209,19-11-56,2026-04-30,19:11:56,2026-04-30T19:11:56,417.6700000000002,0.076,56.111000000000004,1633.6276702701696,763.46423943017
IFE/rhino24.aca,1210,19-12-36,2026-04-30,19:12:36,2026-04-30T19:12:36,417.6700000000002,0.119,13.1148,879.4559937214996,532.8594958845115
IFE/rhino24.aca,1211,19-13-20,2026-04-30,19:13:20,2026-04-30T19:13:20,417.6700000000002,0.16199999999999998,7.848800000000001,595.8412594051318,424.67455446810254
IFE/rhino24.aca,1212,19-14-05,2026-04-30,19:14:05,2026-04-30T19:14:05,417.6700000000002,0.20500000000000002,5.7872,445.33780669152185,361.8745153043806
IFE/rhino24.aca,1213,19-14-45,2026-04-30,19:14:45,2026-04-30T19:14:45,417.6700000000002,0.248,4.6835,352.4728331851147,320.85190907646324
IFE/rhino24.aca,1214,19-15-25,2026-04-30,19:15:25,2026-04-30T19:15:25,417.6700000000002,0.291,3.9929,289.769238798468,291.95282221487406
IFE/rhino24.aca,1215,19-16-07,2026-04-30,19:16:07,2026-04-30T19:16:07,418.95000000000016,0.076,56.111000000000004,1638.634118944718,765.8039675084874
IFE/rhino24.aca,1216,19-16-52,2026-04-30,19:16:52,2026-04-30T19:16:52,418.95000000000016,0.119,13.1148,882.1511924956845,534.4925079627851
IFE/rhino24.aca,1217,19-17-36,2026-04-30,19:17:36,2026-04-30T19:17:36,418.95000000000016,0.16199999999999998,7.848800000000001,597.6672866804395,425.97602076857754
IFE/rhino24.aca,1218,19-18-22,2026-04-30,19:18:22,2026-04-30T19:18:22,418.95000000000016,0.20500000000000002,5.7872,446.70259801599093,362.9835233240848
IFE/rhino24.aca,1219,19-19-08,2026-04-30,19:19:08,2026-04-30T19:19:08,418.95000000000016,0.248,4.6835,353.5530286180794,321.8351983805027
IFE/rhino24.aca,1220,19-19-53,2026-04-30,19:19:53,2026-04-30T19:19:53,418.95000000000016,0.291,3.9929,290.65727151723,292.8475467879467
IFE/rhino24.aca,1221,19-20-38,2026-04-30,19:20:38,2026-04-30T19:20:38,420.2300000000002,0.076,56.111000000000004,1643.6405676193185,768.1436955868053
IFE/rhino24.aca,1222,19-21-22,2026-04-30,19:21:22,2026-04-30T19:21:22,420.2300000000002,0.119,13.1148,884.8463912697036,536.1255200410587
IFE/rhino24.aca,1223,19-22-04,2026-04-30,19:22:04,2026-04-30T19:22:04,420.2300000000002,0.16199999999999998,7.848800000000001,599.4933139556837,427.27748706905265
IFE/rhino24.aca,1224,19-22-46,2026-04-30,19:22:46,2026-04-30T19:22:46,420.2300000000002,0.20500000000000002,5.7872,448.0673893407482,364.0925313437889
IFE/rhino24.aca,1225,19-23-25,2026-04-30,19:23:25,2026-04-30T19:23:25,420.2300000000002,0.248,4.6835,354.63322405100155,322.8184876845419
IFE/rhino24.aca,1226,19-24-03,2026-04-30,19:24:03,2026-04-30T19:24:03,420.2300000000002,0.291,3.9929,291.54530423599647,293.74227136101933
IFE/rhino24.aca,1227,19-24-43,2026-04-30,19:24:43,2026-04-30T19:24:43,421.5100000000002,0.076,56.111000000000004,1648.6470162940545,770.4834236651232
IFE/rhino24.aca,1228,19-25-21,2026-04-30,19:25:21,2026-04-30T19:25:21,421.5100000000002,0.119,13.1148,887.5415900435939,537.7585321193321
IFE/rhino24.aca,1229,19-26-01,2026-04-30,19:26:01,2026-04-30T19:26:01,421.5100000000002,0.16199999999999998,7.848800000000001,601.3193412308952,428.57895336952754
IFE/rhino24.aca,1230,19-26-41,2026-04-30,19:26:41,2026-04-30T19:26:41,421.5100000000002,0.20500000000000002,5.7872,449.4321806653199,365.2015393634931
IFE/rhino24.aca,1231,19-27-21,2026-04-30,19:27:21,2026-04-30T19:27:21,421.5100000000002,0.248,4.6835,355.7134194839673,323.8017769885813
IFE/rhino24.aca,1232,19-28-01,2026-04-30,19:28:01,2026-04-30T19:28:01,421.5100000000002,0.291,3.9929,292.43333695485455,294.636995934092
IFE/rhino24.aca,1233,19-28-41,2026-04-30,19:28:41,2026-04-30T19:28:41,422.7900000000002,0.076,56.111000000000004,1653.6534649685157,772.8231517434415
IFE/rhino24.aca,1234,19-29-24,2026-04-30,19:29:24,2026-04-30T19:29:24,422.7900000000002,0.119,13.1148,890.2367888179426,539.3915441976058
IFE/rhino24.aca,1235,19-30-04,2026-04-30,19:30:04,2026-04-30T19:30:04,422.7900000000002,0.16199999999999998,7.848800000000001,603.1453685061264,429.88041967000254
IFE/rhino24.aca,1236,19-30-44,2026-04-30,19:30:44,2026-04-30T19:30:44,422.7900000000002,0.20500000000000002,5.7872,450.7969719900269,366.3105473831971
IFE/rhino24.aca,1237,19-31-24,2026-04-30,19:31:24,2026-04-30T19:31:24,422.7900000000002,0.248,4.6835,356.79361491691014,324.78506629262057
IFE/rhino24.aca,1238,19-32-04,2026-04-30,19:32:04,2026-04-30T19:32:04,422.7900000000002,0.291,3.9929,293.32136967365585,295.5317205071647
IFE/rhino24.aca,1239,19-32-44,2026-04-30,19:32:44,2026-04-30T19:32:44,424.07000000000016,0.076,56.111000000000004,1658.6599136434002,775.1628798217591
IFE/rhino24.aca,1240,19-33-25,2026-04-30,19:33:25,2026-04-30T19:33:25,424.07000000000016,0.119,13.1148,892.9319875919267,541.0245562758794
IFE/rhino24.aca,1241,19-34-05,2026-04-30,19:34:05,2026-04-30T19:34:05,424.07000000000016,0.16199999999999998,7.848800000000001,604.9713957813598,431.18188597047754
IFE/rhino24.aca,1242,19-34-45,2026-04-30,19:34:45,2026-04-30T19:34:45,424.07000000000016,0.20500000000000002,5.7872,452.1617633146969,367.4195554029013
IFE/rhino24.aca,1243,19-35-26,2026-04-30,19:35:26,2026-04-30T19:35:26,424.07000000000016,0.248,4.6835,357.87381034986066,325.7683555966599
IFE/rhino24.aca,1244,19-36-06,2026-04-30,19:36:06,2026-04-30T19:36:06,424.07000000000016,0.291,3.9929,294.20940239246704,296.4264450802374
IFE/rhino24.aca,1245,19-36-47,2026-04-30,19:36:47,2026-04-30T19:36:47,425.3500000000002,0.076,56.111000000000004,1663.6663623180095,777.5026079000768
IFE/rhino24.aca,1246,19-37-27,2026-04-30,19:37:27,2026-04-30T19:37:27,425.3500000000002,0.119,13.1148,895.6271863660374,542.6575683541529
IFE/rhino24.aca,1247,19-38-07,2026-04-30,19:38:07,2026-04-30T19:38:07,425.3500000000002,0.16199999999999998,7.848800000000001,606.7974230564381,432.4833522709524
IFE/rhino24.aca,1248,19-38-46,2026-04-30,19:38:46,2026-04-30T19:38:46,425.3500000000002,0.20500000000000002,5.7872,453.5265546392708,368.5285634226053
IFE/rhino24.aca,1249,19-39-27,2026-04-30,19:39:27,2026-04-30T19:39:27,425.3500000000002,0.248,4.6835,358.9540057827653,326.75164490069903
IFE/rhino24.aca,1250,19-40-07,2026-04-30,19:40:07,2026-04-30T19:40:07,425.3500000000002,0.291,3.9929,295.0974351113011,297.32116965330994
IFE/rhino24.aca,1251,19-40-47,2026-04-30,19:40:47,2026-04-30T19:40:47,426.6300000000002,0.076,56.111000000000004,1668.6728109929202,779.8423359783947
IFE/rhino24.aca,1252,19-41-27,2026-04-30,19:41:27,2026-04-30T19:41:27,426.6300000000002,0.119,13.1148,898.3223851399583,544.2905804324264
IFE/rhino24.aca,1253,19-42-07,2026-04-30,19:42:07,2026-04-30T19:42:07,426.6300000000002,0.16199999999999998,7.848800000000001,608.6234503317806,433.78481857142765
IFE/rhino24.aca,1254,19-42-47,2026-04-30,19:42:47,2026-04-30T19:42:47,426.6300000000002,0.20500000000000002,5.7872,454.89134596393853,369.63757144230897
IFE/rhino24.aca,1255,19-43-28,2026-04-30,19:43:28,2026-04-30T19:43:28,426.6300000000002,0.248,4.6835,360.0342012157977,327.73493420473835
IFE/rhino24.aca,1256,19-44-09,2026-04-30,19:44:09,2026-04-30T19:44:09,426.6300000000002,0.291,3.9929,295.9854678300959,298.2158942263826
IFE/rhino24.aca,1257,19-44-49,2026-04-30,19:44:49,2026-04-30T19:44:49,427.9100000000002,0.076,56.111000000000004,1673.6792596673156,782.1820640567125
IFE/rhino24.aca,1258,19-45-30,2026-04-30,19:45:30,2026-04-30T19:45:30,427.9100000000002,0.119,13.1148,901.0175839140408,545.9235925106999
IFE/rhino24.aca,1259,19-46-13,2026-04-30,19:46:13,2026-04-30T19:46:13,427.9100000000002,0.16199999999999998,7.848800000000001,610.449477606931,435.08628487190254
IFE/rhino24.aca,1260,19-46-57,2026-04-30,19:46:57,2026-04-30T19:46:57,427.9100000000002,0.20500000000000002,5.7872,456.25613728858445,370.7465794620131
IFE/rhino24.aca,1261,19-47-39,2026-04-30,19:47:39,2026-04-30T19:47:39,427.9100000000002,0.248,4.6835,361.11439664872086,328.71822350877767
IFE/rhino24.aca,1262,19-48-21,2026-04-30,19:48:21,2026-04-30T19:48:21,427.9100000000002,0.291,3.9929,296.8735005488328,299.1106187994552
IFE/rhino24.aca,1263,19-49-05,2026-04-30,19:49:05,2026-04-30T19:49:05,429.19000000000017,0.076,56.111000000000004,1678.68570834165,784.5217921350302
IFE/rhino24.aca,1264,19-49-47,2026-04-30,19:49:47,2026-04-30T19:49:47,429.19000000000017,0.119,13.1148,903.712782688169,547.5566045889736
IFE/rhino24.aca,1265,19-50-29,2026-04-30,19:50:29,2026-04-30T19:50:29,429.19000000000017,0.16199999999999998,7.848800000000001,612.2755048820509,436.38775117237753
IFE/rhino24.aca,1266,19-51-10,2026-04-30,19:51:10,2026-04-30T19:51:10,429.19000000000017,0.20500000000000002,5.7872,457.62092861328273,371.8555874817173
IFE/rhino24.aca,1267,19-51-51,2026-04-30,19:51:51,2026-04-30T19:51:51,429.19000000000017,0.248,4.6835,362.1945920816288,329.70151281281693
IFE/rhino24.aca,1268,19-52-30,2026-04-30,19:52:30,2026-04-30T19:52:30,429.19000000000017,0.291,3.9929,297.7615332676975,300.00534337252793
IFE/rhino24.aca,1269,19-53-11,2026-04-30,19:53:11,2026-04-30T19:53:11,430.4700000000002,0.076,56.111000000000004,1683.6921570161503,786.8615202133481
IFE/rhino24.aca,1270,19-53-52,2026-04-30,19:53:52,2026-04-30T19:53:52,430.4700000000002,0.119,13.1148,906.4079814622862,549.189616667247
IFE/rhino24.aca,1271,19-54-33,2026-04-30,19:54:33,2026-04-30T19:54:33,430.4700000000002,0.16199999999999998,7.848800000000001,614.1015321574305,437.6892174728524
IFE/rhino24.aca,1272,19-55-13,2026-04-30,19:55:13,2026-04-30T19:55:13,430.4700000000002,0.20500000000000002,5.7872,458.98571993790245,372.9645955014213
IFE/rhino24.aca,1273,19-55-54,2026-04-30,19:55:54,2026-04-30T19:55:54,430.4700000000002,0.248,4.6835,363.2747875145771,330.6848021168562
IFE/rhino24.aca,1274,19-56-35,2026-04-30,19:56:35,2026-04-30T19:56:35,430.4700000000002,0.291,3.9929,298.6495659865162,300.9000679456004
IFE/rhino24.aca,1275,19-57-16,2026-04-30,19:57:16,2026-04-30T19:57:16,431.7500000000002,0.076,56.111000000000004,1688.698605691637,789.2012482916662
IFE/rhino24.aca,1276,19-57-57,2026-04-30,19:57:57,2026-04-30T19:57:57,431.7500000000002,0.119,13.1148,909.1031802361438,550.8226287455207
IFE/rhino24.aca,1277,19-58-37,2026-04-30,19:58:37,2026-04-30T19:58:37,431.7500000000002,0.16199999999999998,7.848800000000001,615.9275594325306,438.9906837733274
IFE/rhino24.aca,1278,19-59-18,2026-04-30,19:59:18,2026-04-30T19:59:18,431.7500000000002,0.20500000000000002,5.7872,460.35051126259424,374.0736035211255
IFE/rhino24.aca,1279,19-59-58,2026-04-30,19:59:58,2026-04-30T19:59:58,431.7500000000002,0.248,4.6835,364.35498294750033,331.6680914208955
IFE/rhino24.aca,1280,20-00-40,2026-04-30,20:00:40,2026-04-30T20:00:40,431.7500000000002,0.291,3.9929,299.53759870526085,301.79479251867315
IFE/rhino25.aca,1281,20-01-20,2026-04-30,20:01:20,2026-04-30T20:01:20,433.0300000000002,0.076,56.111000000000004,1693.7050543658886,791.5409763699838
IFE/rhino25.aca,1282,20-02-00,2026-04-30,20:02:00,2026-04-30T20:02:00,433.0300000000002,0.119,13.1148,911.7983790103397,552.455640823794
IFE/rhino25.aca,1283,20-02-51,2026-04-30,20:02:51,2026-04-30T20:02:51,433.0300000000002,0.16199999999999998,7.848800000000001,617.7535867077793,440.29215007380253
IFE/rhino25.aca,1284,20-03-31,2026-04-30,20:03:31,2026-04-30T20:03:31,433.0300000000002,0.20500000000000002,5.7872,461.7153025872511,375.1826115408296
IFE/rhino25.aca,1285,20-04-12,2026-04-30,20:04:12,2026-04-30T20:04:12,433.0300000000002,0.248,4.6835,365.43517838048683,332.65138072493477
IFE/rhino25.aca,1286,20-04-53,2026-04-30,20:04:53,2026-04-30T20:04:53,433.0300000000002,0.291,3.9929,300.4256314241069,302.6895170917458
IFE/rhino25.aca,1287,20-05-34,2026-04-30,20:05:34,2026-04-30T20:05:34,434.3100000000002,0.076,56.111000000000004,1698.7115030406683,793.8807044483017
IFE/rhino25.aca,1288,20-06-14,2026-04-30,20:06:14,2026-04-30T20:06:14,434.3100000000002,0.119,13.1148,914.493577784433,554.0886529020678
IFE/rhino25.aca,1289,20-06-55,2026-04-30,20:06:55,2026-04-30T20:06:55,434.3100000000002,0.16199999999999998,7.848800000000001,619.5796139829647,441.59361637427753
IFE/rhino25.aca,1290,20-07-35,2026-04-30,20:07:35,2026-04-30T20:07:35,434.3100000000002,0.20500000000000002,5.7872,463.0800939118511,376.29161956053383
IFE/rhino25.aca,1291,20-08-16,2026-04-30,20:08:16,2026-04-30T20:08:16,434.3100000000002,0.248,4.6835,366.515373813398,333.63467002897414
IFE/rhino25.aca,1292,20-08-57,2026-04-30,20:08:57,2026-04-30T20:08:57,434.3100000000002,0.291,3.9929,301.31366414288095,303.5842416648185
IFE/rhino25.aca,1293,20-09-38,2026-04-30,20:09:38,2026-04-30T20:09:38,435.5900000000002,0.076,56.111000000000004,1703.7179517153388,796.2204325266198
IFE/rhino25.aca,1294,20-10-19,2026-04-30,20:10:19,2026-04-30T20:10:19,435.5900000000002,0.119,13.1148,917.1887765585176,555.7216649803413
IFE/rhino25.aca,1295,20-10-59,2026-04-30,20:10:59,2026-04-30T20:10:59,435.5900000000002,0.16199999999999998,7.848800000000001,621.405641258257,442.89508267475253
IFE/rhino25.aca,1296,20-11-40,2026-04-30,20:11:40,2026-04-30T20:11:40,435.5900000000002,0.20500000000000002,5.7872,464.4448852363901,377.40062758023794
IFE/rhino25.aca,1297,20-12-20,2026-04-30,20:12:20,2026-04-30T20:12:20,435.5900000000002,0.248,4.6835,367.59556924636274,334.61795933301346
IFE/rhino25.aca,1298,20-13-03,2026-04-30,20:13:03,2026-04-30T20:13:03,435.5900000000002,0.291,3.9929,302.2016968616648,304.47896623789114
IFE/rhino25.aca,1299,20-13-49,2026-04-30,20:13:49,2026-04-30T20:13:49,436.87000000000023,0.076,56.111000000000004,1708.7244003900269,798.5601606049374
IFE/rhino25.aca,1300,20-14-29,2026-04-30,20:14:29,2026-04-30T20:14:29,436.87000000000023,0.119,13.1148,919.8839753326763,557.3546770586148
IFE/rhino25.aca,1301,20-15-10,2026-04-30,20:15:10,2026-04-30T20:15:10,436.87000000000023,0.16199999999999998,7.848800000000001,623.2316685333201,444.19654897522764
IFE/rhino25.aca,1302,20-15-50,2026-04-30,20:15:50,2026-04-30T20:15:50,436.87000000000023,0.20500000000000002,5.7872,465.80967656114956,378.50963559994204
IFE/rhino25.aca,1303,20-16-31,2026-04-30,20:16:31,2026-04-30T20:16:31,436.87000000000023,0.248,4.6835,368.6757646793285,335.60124863705266
IFE/rhino25.aca,1304,20-17-11,2026-04-30,20:17:11,2026-04-30T20:17:11,436.87000000000023,0.291,3.9929,303.08972958045854,305.3736908109638
IFE/rhino25.aca,1305,20-17-51,2026-04-30,20:17:51,2026-04-30T20:17:51,438.1500000000002,0.076,56.111000000000004,1713.7308490650946,800.8998886832553
IFE/rhino25.aca,1306,20-18-32,2026-04-30,20:18:32,2026-04-30T20:18:32,438.1500000000002,0.119,13.1148,922.579174106547,558.9876891368884
IFE/rhino25.aca,1307,20-19-12,2026-04-30,20:19:12,2026-04-30T20:19:12,438.1500000000002,0.16199999999999998,7.848800000000001,625.0576958087149,445.4980152757025
IFE/rhino25.aca,1308,20-19-53,2026-04-30,20:19:53,2026-04-30T20:19:53,438.1500000000002,0.20500000000000002,5.7872,467.1744678857518,379.61864361964615
IFE/rhino25.aca,1309,20-20-34,2026-04-30,20:20:34,2026-04-30T20:20:34,438.1500000000002,0.248,4.6835,369.7559601122037,336.584537941092
IFE/rhino25.aca,1310,20-21-15,2026-04-30,20:21:15,2026-04-30T20:21:15,438.1500000000002,0.291,3.9929,303.97776229927183,306.2684153840365
IFE/rhino25.aca,1311,20-21-55,2026-04-30,20:21:55,2026-04-30T20:21:55,439.4300000000002,0.076,56.111000000000004,1718.737297738975,803.239616761573
IFE/rhino25.aca,1312,20-22-36,2026-04-30,20:22:36,2026-04-30T20:22:36,439.4300000000002,0.119,13.1148,925.2743728806424,560.620701215162
IFE/rhino25.aca,1313,20-23-18,2026-04-30,20:23:18,2026-04-30T20:23:18,439.4300000000002,0.16199999999999998,7.848800000000001,626.8837230839156,446.7994815761774
IFE/rhino25.aca,1314,20-23-59,2026-04-30,20:23:59,2026-04-30T20:23:59,439.4300000000002,0.20500000000000002,5.7872,468.53925921045663,380.72765163935026
IFE/rhino25.aca,1315,20-24-40,2026-04-30,20:24:40,2026-04-30T20:24:40,439.4300000000002,0.248,4.6835,370.836155545164,337.56782724513124
IFE/rhino25.aca,1316,20-25-19,2026-04-30,20:25:19,2026-04-30T20:25:19,439.4300000000002,0.291,3.9929,304.86579501807864,307.16313995710914
IFE/rhino25.aca,1317,20-25-59,2026-04-30,20:25:59,2026-04-30T20:25:59,440.7100000000002,0.076,56.111000000000004,1723.7437464139207,805.5793448398908
IFE/rhino25.aca,1318,20-26-40,2026-04-30,20:26:40,2026-04-30T20:26:40,440.7100000000002,0.119,13.1148,927.9695716547227,562.2537132934355
IFE/rhino25.aca,1319,20-27-22,2026-04-30,20:27:22,2026-04-30T20:27:22,440.7100000000002,0.16199999999999998,7.848800000000001,628.7097503590179,448.10094787665236
IFE/rhino25.aca,1320,20-28-03,2026-04-30,20:28:03,2026-04-30T20:28:03,440.7100000000002,0.20500000000000002,5.7872,469.9040505351353,381.8366596590544
IFE/rhino25.aca,1321,20-28-44,2026-04-30,20:28:44,2026-04-30T20:28:44,440.7100000000002,0.248,4.6835,371.9163509780927,338.5511165491705
IFE/rhino25.aca,1322,20-29-25,2026-04-30,20:29:25,2026-04-30T20:29:25,440.7100000000002,0.291,3.9929,305.75382773690944,308.0578645301817
IFE/rhino25.aca,1323,20-30-06,2026-04-30,20:30:06,2026-04-30T20:30:06,441.99000000000024,0.076,56.111000000000004,1728.7501950884775,807.9190729182089
IFE/rhino25.aca,1324,20-30-47,2026-04-30,20:30:47,2026-04-30T20:30:47,441.99000000000024,0.119,13.1148,930.6647704288007,563.886725371709
IFE/rhino25.aca,1325,20-31-28,2026-04-30,20:31:28,2026-04-30T20:31:28,441.99000000000024,0.16199999999999998,7.848800000000001,630.5357776342032,449.40241417712764
IFE/rhino25.aca,1326,20-32-09,2026-04-30,20:32:09,2026-04-30T20:32:09,441.99000000000024,0.20500000000000002,5.7872,471.26884185972887,382.9456676787586
IFE/rhino25.aca,1327,20-32-50,2026-04-30,20:32:50,2026-04-30T20:32:50,441.99000000000024,0.248,4.6835,372.99654641102353,339.5344058532098
IFE/rhino25.aca,1328,20-33-31,2026-04-30,20:33:31,2026-04-30T20:33:31,441.99000000000024,0.291,3.9929,306.64186045571296,308.95258910325435
IFE/rhino25.aca,1329,20-34-14,2026-04-30,20:34:14,2026-04-30T20:34:14,443.2700000000002,0.076,56.111000000000004,1733.7566437637463,810.2588009965266
IFE/rhino25.aca,1330,20-34-57,2026-04-30,20:34:57,2026-04-30T20:34:57,443.2700000000002,0.119,13.1148,933.3599692028089,565.5197374499826
IFE/rhino25.aca,1331,20-35-39,2026-04-30,20:35:39,2026-04-30T20:35:39,443.2700000000002,0.16199999999999998,7.848800000000001,632.3618049094999,450.7038804776025
IFE/rhino25.aca,1332,20-36-20,2026-04-30,20:36:20,2026-04-30T20:36:20,443.2700000000002,0.20500000000000002,5.7872,472.6336331843704,384.0546756984627
IFE/rhino25.aca,1333,20-37-01,2026-04-30,20:37:01,2026-04-30T20:37:01,443.2700000000002,0.248,4.6835,374.07674184400565,340.5176951572491
IFE/rhino25.aca,1334,20-37-42,2026-04-30,20:37:42,2026-04-30T20:37:42,443.2700000000002,0.291,3.9929,307.5298931745132,309.84731367632696
IFE/rhino25.aca,1335,20-38-24,2026-04-30,20:38:24,2026-04-30T20:38:24,444.5500000000002,0.076,56.111000000000004,1738.7630924380064,812.5985290748445
IFE/rhino25.aca,1336,20-39-05,2026-04-30,20:39:05,2026-04-30T20:39:05,444.5500000000002,0.119,13.1148,936.0551679769153,567.1527495282562
IFE/rhino25.aca,1337,20-39-47,2026-04-30,20:39:47,2026-04-30T20:39:47,444.5500000000002,0.16199999999999998,7.848800000000001,634.1878321847028,452.0053467780597
IFE/rhino25.aca,1338,20-40-28,2026-04-30,20:40:28,2026-04-30T20:40:28,444.5500000000002,0.20500000000000002,5.7872,473.9984245088766,385.16368371816685
IFE/rhino25.aca,1339,20-41-08,2026-04-30,20:41:08,2026-04-30T20:41:08,444.5500000000002,0.248,4.6835,375.1569372769027,341.50098446128845
IFE/rhino25.aca,1340,20-41-48,2026-04-30,20:41:48,2026-04-30T20:41:48,444.5500000000002,0.291,3.9929,308.41792589329816,310.7420382493997
IFE/rhino25.aca,1341,20-42-29,2026-04-30,20:42:29,2026-04-30T20:42:29,445.8300000000002,0.076,56.111000000000004,1743.769541112546,814.9382571531623
IFE/rhino25.aca,1342,20-43-11,2026-04-30,20:43:11,2026-04-30T20:43:11,445.8300000000002,0.119,13.1148,938.750366750943,568.7857616065297
IFE/rhino25.aca,1343,20-43-57,2026-04-30,20:43:57,2026-04-30T20:43:57,445.8300000000002,0.16199999999999998,7.848800000000001,636.0138594598968,453.3068130785347
IFE/rhino25.aca,1344,20-45-05,2026-04-30,20:45:05,2026-04-30T20:45:05,445.8300000000002,0.20500000000000002,5.7872,475.3632158337714,386.272691737871
IFE/rhino25.aca,1345,20-45-51,2026-04-30,20:45:51,2026-04-30T20:45:51,445.8300000000002,0.248,4.6835,376.2371327099023,342.48427376532777
IFE/rhino25.aca,1346,20-46-36,2026-04-30,20:46:36,2026-04-30T20:46:36,445.8300000000002,0.291,3.9929,309.30595861209514,311.63676282247235
IFE/rhino25.aca,1347,20-47-18,2026-04-30,20:47:18,2026-04-30T20:47:18,447.11000000000024,0.076,56.111000000000004,1748.7759897870462,817.2779852314802
IFE/rhino25.aca,1348,20-48-01,2026-04-30,20:48:01,2026-04-30T20:48:01,447.11000000000024,0.119,13.1148,941.4455655249621,570.4187736848035
IFE/rhino25.aca,1349,20-48-44,2026-04-30,20:48:44,2026-04-30T20:48:44,447.11000000000024,0.16199999999999998,7.848800000000001,637.8398867350909,454.6082793790098
IFE/rhino25.aca,1350,20-49-27,2026-04-30,20:49:27,2026-04-30T20:49:27,447.11000000000024,0.20500000000000002,5.7872,476.7280071582929,387.38169975757523
IFE/rhino25.aca,1351,20-50-10,2026-04-30,20:50:10,2026-04-30T20:50:10,447.11000000000024,0.248,4.6835,377.3173281428255,343.4675630693671
IFE/rhino25.aca,1352,20-50-52,2026-04-30,20:50:52,2026-04-30T20:50:52,447.11000000000024,0.291,3.9929,310.1939913308976,312.5314873955431
IFE/rhino25.aca,1353,20-51-34,2026-04-30,20:51:34,2026-04-30T20:51:34,448.3900000000002,0.076,56.111000000000004,1753.7824384619526,819.6177133097981
IFE/rhino25.aca,1354,20-52-17,2026-04-30,20:52:17,2026-04-30T20:52:17,448.3900000000002,0.119,13.1148,944.1407642991056,572.0517857630769
IFE/rhino25.aca,1355,20-53-00,2026-04-30,20:53:00,2026-04-30T20:53:00,448.3900000000002,0.16199999999999998,7.848800000000001,639.6659140104072,455.9097456794847
IFE/rhino25.aca,1356,20-53-43,2026-04-30,20:53:43,2026-04-30T20:53:43,448.3900000000002,0.20500000000000002,5.7872,478.09279848296717,388.4907077772792
IFE/rhino25.aca,1357,20-54-27,2026-04-30,20:54:27,2026-04-30T20:54:27,448.3900000000002,0.248,4.6835,378.3975235757367,344.45085237340624
IFE/rhino25.aca,1358,20-55-10,2026-04-30,20:55:10,2026-04-30T20:55:10,448.3900000000002,0.291,3.9929,311.0820240496978,313.4262119686156
IFE/rhino25.aca,1359,20-55-51,2026-04-30,20:55:51,2026-04-30T20:55:51,449.6700000000002,0.076,56.111000000000004,1758.7888871364964,821.9574413881157
IFE/rhino25.aca,1360,20-56-34,2026-04-30,20:56:34,2026-04-30T20:56:34,449.6700000000002,0.119,13.1148,946.8359630731487,573.6847978413502
IFE/rhino26.aca,1361,20-57-16,2026-04-30,20:57:16,2026-04-30T20:57:16,449.6700000000002,0.16199999999999998,7.848800000000001,641.4919412855837,457.21121197995967
IFE/rhino26.aca,1362,20-57-58,2026-04-30,20:57:58,2026-04-30T20:57:58,449.6700000000002,0.20500000000000002,5.7872,479.4575898075433,389.5997157969833
IFE/rhino26.aca,1363,20-58-40,2026-04-30,20:58:40,2026-04-30T20:58:40,449.6700000000002,0.248,4.6835,379.4777190086937,345.4341416774455
IFE/rhino26.aca,1364,20-59-23,2026-04-30,20:59:23,2026-04-30T20:59:23,449.6700000000002,0.291,3.9929,311.9700567684707,314.3209365416881
IFE/rhino26.aca,1365,21-00-07,2026-04-30,21:00:07,2026-04-30T21:00:07,450.9500000000002,0.076,56.111000000000004,1763.795335810713,824.2971694664334
IFE/rhino26.aca,1366,21-00-52,2026-04-30,21:00:52,2026-04-30T21:00:52,450.9500000000002,0.119,13.1148,949.5311618472573,575.3178099196239
IFE/rhino26.aca,1367,21-01-35,2026-04-30,21:01:35,2026-04-30T21:01:35,450.9500000000002,0.16199999999999998,7.848800000000001,643.3179685607254,458.51267828043467
IFE/rhino26.aca,1368,21-02-17,2026-04-30,21:02:17,2026-04-30T21:02:17,450.9500000000002,0.20500000000000002,5.7872,480.8223811322634,390.70872381668744
IFE/rhino26.aca,1369,21-03-02,2026-04-30,21:03:02,2026-04-30T21:03:02,450.9500000000002,0.248,4.6835,380.55791444165624,346.41743098148487
IFE/rhino26.aca,1370,21-03-45,2026-04-30,21:03:45,2026-04-30T21:03:45,450.9500000000002,0.291,3.9929,312.85808948733103,315.21566111476085
IFE/rhino26.aca,1371,21-04-28,2026-04-30,21:04:28,2026-04-30T21:04:28,452.23000000000025,0.076,56.111000000000004,1768.8017844860515,826.6368975447516
IFE/rhino26.aca,1372,21-05-11,2026-04-30,21:05:11,2026-04-30T21:05:11,452.23000000000025,0.119,13.1148,952.2263606213222,576.9508219978976
IFE/rhino26.aca,1373,21-05-53,2026-04-30,21:05:53,2026-04-30T21:05:53,452.23000000000025,0.16199999999999998,7.848800000000001,645.1439958359719,459.81414458090967
IFE/rhino26.aca,1374,21-06-36,2026-04-30,21:06:36,2026-04-30T21:06:36,452.23000000000025,0.20500000000000002,5.7872,482.18717245686787,391.81773183639166
IFE/rhino26.aca,1375,21-07-19,2026-04-30,21:07:19,2026-04-30T21:07:19,452.23000000000025,0.248,4.6835,381.63810987457947,347.40072028552413
IFE/rhino26.aca,1376,21-08-01,2026-04-30,21:08:01,2026-04-30T21:08:01,452.23000000000025,0.291,3.9929,313.7461222060996,316.11038568783357
IFE/rhino26.aca,1377,21-08-44,2026-04-30,21:08:44,2026-04-30T21:08:44,453.5100000000002,0.076,56.111000000000004,1773.8082331602855,828.9766256230695
IFE/rhino26.aca,1378,21-09-26,2026-04-30,21:09:26,2026-04-30T21:09:26,453.5100000000002,0.119,13.1148,954.9215593954941,578.5838340761711
IFE/rhino26.aca,1379,21-10-09,2026-04-30,21:10:09,2026-04-30T21:10:09,453.5100000000002,0.16199999999999998,7.848800000000001,646.9700231112117,461.11561088138484
IFE/rhino26.aca,1380,21-10-51,2026-04-30,21:10:51,2026-04-30T21:10:51,453.5100000000002,0.20500000000000002,5.7872,483.5519637815443,392.92673985609565
IFE/rhino26.aca,1381,21-11-33,2026-04-30,21:11:33,2026-04-30T21:11:33,453.5100000000002,0.248,4.6835,382.71830530752777,348.38400958956345
IFE/rhino26.aca,1382,21-12-16,2026-04-30,21:12:16,2026-04-30T21:12:16,453.5100000000002,0.291,3.9929,314.63415492488787,317.00511026090624
IFE/rhino26.aca,1383,21-13-00,2026-04-30,21:13:00,2026-04-30T21:13:00,454.7900000000002,0.076,56.111000000000004,1778.8146818353794,831.316353701387
IFE/rhino26.aca,1384,21-13-49,2026-04-30,21:13:49,2026-04-30T21:13:49,454.7900000000002,0.119,13.1148,957.6167581694062,580.2168461544445
IFE/rhino26.aca,1385,21-14-31,2026-04-30,21:14:31,2026-04-30T21:14:31,454.7900000000002,0.16199999999999998,7.848800000000001,648.7960503865281,462.41707718185967
IFE/rhino26.aca,1386,21-15-14,2026-04-30,21:15:14,2026-04-30T21:15:14,454.7900000000002,0.20500000000000002,5.7872,484.9167551061531,394.03574787579987
IFE/rhino26.aca,1387,21-15-56,2026-04-30,21:15:56,2026-04-30T21:15:56,454.7900000000002,0.248,4.6835,383.79850074047715,349.36729889360277
IFE/rhino26.aca,1388,21-16-39,2026-04-30,21:16:39,2026-04-30T21:16:39,454.7900000000002,0.291,3.9929,315.5221876437263,317.89983483397884
IFE/rhino26.aca,1389,21-17-21,2026-04-30,21:17:21,2026-04-30T21:17:21,456.0700000000002,0.076,56.111000000000004,1783.8211305100326,833.6560817797051
IFE/rhino26.aca,1390,21-18-03,2026-04-30,21:18:03,2026-04-30T21:18:03,456.0700000000002,0.119,13.1148,960.3119569436742,581.8498582327184
IFE/rhino26.aca,1391,21-18-45,2026-04-30,21:18:45,2026-04-30T21:18:45,456.0700000000002,0.16199999999999998,7.848800000000001,650.622077661661,463.7185434823348
IFE/rhino26.aca,1392,21-19-28,2026-04-30,21:19:28,2026-04-30T21:19:28,456.0700000000002,0.20500000000000002,5.7872,486.2815464307205,395.14475589550415
IFE/rhino26.aca,1393,21-20-11,2026-04-30,21:20:11,2026-04-30T21:20:11,456.0700000000002,0.248,4.6835,384.8786961734069,350.35058819764214
IFE/rhino26.aca,1394,21-20-53,2026-04-30,21:20:53,2026-04-30T21:20:53,456.0700000000002,0.291,3.9929,316.41022036254617,318.7945594070515
IFE/rhino26.aca,1395,21-21-36,2026-04-30,21:21:36,2026-04-30T21:21:36,457.35000000000025,0.076,56.111000000000004,1788.8275791841618,835.995809858023
IFE/rhino26.aca,1396,21-22-18,2026-04-30,21:22:18,2026-04-30T21:22:18,457.35000000000025,0.119,13.1148,963.0071557175273,583.482870310992
IFE/rhino26.aca,1397,21-23-00,2026-04-30,21:23:00,2026-04-30T21:23:00,457.35000000000025,0.16199999999999998,7.848800000000001,652.4481049367962,465.0200097828098
IFE/rhino26.aca,1398,21-23-43,2026-04-30,21:23:43,2026-04-30T21:23:43,457.35000000000025,0.20500000000000002,5.7872,487.6463377555585,396.2537639152082
IFE/rhino26.aca,1399,21-24-26,2026-04-30,21:24:26,2026-04-30T21:24:26,457.35000000000025,0.248,4.6835,385.9588916064011,351.3338775016814
IFE/rhino26.aca,1400,21-25-08,2026-04-30,21:25:08,2026-04-30T21:25:08,457.35000000000025,0.291,3.9929,317.29825308130165,319.6892839801242
IFE/rhino26.aca,1401,21-25-50,2026-04-30,21:25:50,2026-04-30T21:25:50,458.6300000000002,0.076,56.111000000000004,1793.834027858985,838.3355379363409
IFE/rhino26.aca,1402,21-26-32,2026-04-30,21:26:32,2026-04-30T21:26:32,458.6300000000002,0.119,13.1148,965.7023544916403,585.1158823892654
IFE/rhino26.aca,1403,21-27-14,2026-04-30,21:27:14,2026-04-30T21:27:14,458.6300000000002,0.16199999999999998,7.848800000000001,654.2741322120994,466.3214760832848
IFE/rhino26.aca,1404,21-27-57,2026-04-30,21:27:57,2026-04-30T21:27:57,458.6300000000002,0.20500000000000002,5.7872,489.0111290801782,397.3627719349123
IFE/rhino26.aca,1405,21-28-39,2026-04-30,21:28:39,2026-04-30T21:28:39,458.6300000000002,0.248,4.6835,387.0390870392959,352.3171668057206
IFE/rhino26.aca,1406,21-29-22,2026-04-30,21:29:22,2026-04-30T21:29:22,458.6300000000002,0.291,3.9929,318.18628580011716,320.5840085531968
IFE/rhino26.aca,1407,21-30-05,2026-04-30,21:30:05,2026-04-30T21:30:05,459.9100000000002,0.076,56.111000000000004,1798.8404765335029,840.6752660146585
IFE/rhino26.aca,1408,21-30-48,2026-04-30,21:30:48,2026-04-30T21:30:48,459.9100000000002,0.119,13.1148,968.3975532656223,586.7488944675388
IFE/rhino26.aca,1409,21-31-31,2026-04-30,21:31:31,2026-04-30T21:31:31,459.9100000000002,0.16199999999999998,7.848800000000001,656.1001594871668,467.6229423837598
IFE/rhino26.aca,1410,21-32-13,2026-04-30,21:32:13,2026-04-30T21:32:13,459.9100000000002,0.20500000000000002,5.7872,490.375920404739,398.4717799546164
IFE/rhino26.aca,1411,21-32-56,2026-04-30,21:32:56,2026-04-30T21:32:56,459.9100000000002,0.248,4.6835,388.11928247220055,353.30045610975986
IFE/rhino26.aca,1412,21-33-38,2026-04-30,21:33:38,2026-04-30T21:33:38,459.9100000000002,0.291,3.9929,319.07431851895126,321.4787331262694
IFE/rhino26.aca,1413,21-34-20,2026-04-30,21:34:20,2026-04-30T21:34:20,461.1900000000002,0.076,56.111000000000004,1803.8469252088282,843.0149940929764
IFE/rhino26.aca,1414,21-35-03,2026-04-30,21:35:03,2026-04-30T21:35:03,461.1900000000002,0.119,13.1148,971.0927520397985,588.3819065458124
IFE/rhino26.aca,1415,21-35-46,2026-04-30,21:35:46,2026-04-30T21:35:46,461.1900000000002,0.16199999999999998,7.848800000000001,657.9261867625377,468.92440868423466
IFE/rhino26.aca,1416,21-36-29,2026-04-30,21:36:29,2026-04-30T21:36:29,461.1900000000002,0.20500000000000002,5.7872,491.7407117294286,399.5807879743205
IFE/rhino26.aca,1417,21-37-12,2026-04-30,21:37:12,2026-04-30T21:37:12,461.1900000000002,0.248,4.6835,389.19947790516744,354.28374541379924
IFE/rhino26.aca,1418,21-37-55,2026-04-30,21:37:55,2026-04-30T21:37:55,461.1900000000002,0.291,3.9929,319.962351237734,322.373457699342
IFE/rhino26.aca,1419,21-38-37,2026-04-30,21:38:37,2026-04-30T21:38:37,462.47000000000025,0.076,56.111000000000004,1808.8533738831932,845.3547221712944
IFE/rhino26.aca,1420,21-39-21,2026-04-30,21:39:21,2026-04-30T21:39:21,462.47000000000025,0.119,13.1148,973.7879508137761,590.014918624086
IFE/rhino26.aca,1421,21-40-04,2026-04-30,21:40:04,2026-04-30T21:40:04,462.47000000000025,0.16199999999999998,7.848800000000001,659.7522140376532,470.2258749847099
IFE/rhino26.aca,1422,21-40-47,2026-04-30,21:40:47,2026-04-30T21:40:47,462.47000000000025,0.20500000000000002,5.7872,493.10550305405707,400.6897959940247
IFE/rhino26.aca,1423,21-41-30,2026-04-30,21:41:30,2026-04-30T21:41:30,462.47000000000025,0.248,4.6835,390.2796733381016,355.26703471783856
IFE/rhino26.aca,1424,21-42-13,2026-04-30,21:42:13,2026-04-30T21:42:13,462.47000000000025,0.291,3.9929,320.85038395652884,323.2681822724148
IFE/rhino26.aca,1425,21-42-56,2026-04-30,21:42:56,2026-04-30T21:42:56,463.7500000000002,0.076,56.111000000000004,1813.85982255758,847.6944502496121
IFE/rhino26.aca,1426,21-43-38,2026-04-30,21:43:38,2026-04-30T21:43:38,463.7500000000002,0.119,13.1148,976.4831495878934,591.6479307023594
IFE/rhino26.aca,1427,21-44-21,2026-04-30,21:44:21,2026-04-30T21:44:21,463.7500000000002,0.16199999999999998,7.848800000000001,661.5782413129585,471.5273412851848
IFE/rhino26.aca,1428,21-45-03,2026-04-30,21:45:03,2026-04-30T21:45:03,463.7500000000002,0.20500000000000002,5.7872,494.4702943787139,401.7988040137287
IFE/rhino26.aca,1429,21-45-47,2026-04-30,21:45:47,2026-04-30T21:45:47,463.7500000000002,0.248,4.6835,391.3598687710193,356.25032402187776
IFE/rhino26.aca,1430,21-46-29,2026-04-30,21:46:29,2026-04-30T21:46:29,463.7500000000002,0.291,3.9929,321.73841667538034,324.1629068454873
IFE/rhino26.aca,1431,21-47-12,2026-04-30,21:47:12,2026-04-30T21:47:12,465.0300000000002,0.076,56.111000000000004,1818.8662712327568,850.0341783279298
IFE/rhino26.aca,1432,21-47-55,2026-04-30,21:47:55,2026-04-30T21:47:55,465.0300000000002,0.119,13.1148,979.1783483617903,593.280942780633
IFE/rhino26.aca,1433,21-48-38,2026-04-30,21:48:38,2026-04-30T21:48:38,465.0300000000002,0.16199999999999998,7.848800000000001,663.404268588205,472.82880758565966
IFE/rhino26.aca,1434,21-49-21,2026-04-30,21:49:21,2026-04-30T21:49:21,465.0300000000002,0.20500000000000002,5.7872,495.8350857033882,402.90781203343295
IFE/rhino26.aca,1435,21-50-04,2026-04-30,21:50:04,2026-04-30T21:50:04,465.0300000000002,0.248,4.6835,392.4400642039676,357.23361332591696
IFE/rhino26.aca,1436,21-50-47,2026-04-30,21:50:47,2026-04-30T21:50:47,465.0300000000002,0.291,3.9929,322.6264493941468,325.05763141855994
IFE/rhino26.aca,1437,21-51-29,2026-04-30,21:51:29,2026-04-30T21:51:29,466.31000000000023,0.076,56.111000000000004,1823.8727199074624,852.3739064062479
IFE/rhino26.aca,1438,21-52-12,2026-04-30,21:52:12,2026-04-30T21:52:12,466.31000000000023,0.119,13.1148,981.8735471360189,594.9139548589067
IFE/rhino26.aca,1439,21-52-55,2026-04-30,21:52:55,2026-04-30T21:52:55,466.31000000000023,0.16199999999999998,7.848800000000001,665.2302958634231,474.13027388613466
IFE/rhino26.aca,1440,21-53-38,2026-04-30,21:53:38,2026-04-30T21:53:38,466.31000000000023,0.20500000000000002,5.7872,497.1998770280232,404.01682005313705
IFE/rhino27.aca,1441,21-54-22,2026-04-30,21:54:22,2026-04-30T21:54:22,466.31000000000023,0.248,4.6835,393.52025963691375,358.21690262995634
IFE/rhino27.aca,1442,21-55-06,2026-04-30,21:55:06,2026-04-30T21:55:06,466.31000000000023,0.291,3.9929,323.5144821129732,325.95235599163266
IFE/rhino27.aca,1443,21-55-49,2026-04-30,21:55:49,2026-04-30T21:55:49,467.59000000000026,0.076,56.111000000000004,1828.879168582207,854.7136344845576
IFE/rhino27.aca,1444,21-56-34,2026-04-30,21:56:34,2026-04-30T21:56:34,467.59000000000026,0.119,13.1148,984.5687459100293,596.5469669371803
IFE/rhino27.aca,1445,21-57-17,2026-04-30,21:57:17,2026-04-30T21:57:17,467.59000000000026,0.16199999999999998,7.848800000000001,667.056323138508,475.4317401866099
IFE/rhino27.aca,1446,21-58-01,2026-04-30,21:58:01,2026-04-30T21:58:01,467.59000000000026,0.20500000000000002,5.7872,498.56466835272147,405.1258280728413
IFE/rhino27.aca,1447,21-58-44,2026-04-30,21:58:44,2026-04-30T21:58:44,467.59000000000026,0.248,4.6835,394.60045506986864,359.2001919339957
IFE/rhino27.aca,1448,21-59-29,2026-04-30,21:59:29,2026-04-30T21:59:29,467.59000000000026,0.291,3.9929,324.40251483177997,326.8470805647053
IFE/rhino27.aca,1449,22-00-13,2026-04-30,22:00:13,2026-04-30T22:00:13,468.87000000000023,0.076,56.111000000000004,1833.8856172564804,857.0533625628752
IFE/rhino27.aca,1450,22-00-56,2026-04-30,22:00:56,2026-04-30T22:00:56,468.87000000000023,0.119,13.1148,987.2639446840418,598.1799790154535
IFE/rhino27.aca,1451,22-01-41,2026-04-30,22:01:41,2026-04-30T22:01:41,468.87000000000023,0.16199999999999998,7.848800000000001,668.8823504136737,476.7332064870848
IFE/rhino27.aca,1452,22-02-26,2026-04-30,22:02:26,2026-04-30T22:02:26,468.87000000000023,0.20500000000000002,5.7872,499.92945967723864,406.2348360925432
IFE/rhino27.aca,1453,22-03-11,2026-04-30,22:03:11,2026-04-30T22:03:11,468.87000000000023,0.248,4.6835,395.6806505028606,360.18348123803486
IFE/rhino27.aca,1454,22-03-55,2026-04-30,22:03:55,2026-04-30T22:03:55,468.87000000000023,0.291,3.9929,325.29054755053875,327.74180513777793
IFE/rhino27.aca,1455,22-04-38,2026-04-30,22:04:38,2026-04-30T22:04:38,470.1500000000002,0.076,56.111000000000004,1838.8920659311727,859.3930906411931
IFE/rhino27.aca,1456,22-05-22,2026-04-30,22:05:22,2026-04-30T22:05:22,470.1500000000002,0.119,13.1148,989.9591434580609,599.8129910937271
IFE/rhino27.aca,1457,22-06-06,2026-04-30,22:06:06,2026-04-30T22:06:06,470.1500000000002,0.16199999999999998,7.848800000000001,670.7083776889245,478.0346727875597
IFE/rhino27.aca,1458,22-06-50,2026-04-30,22:06:50,2026-04-30T22:06:50,470.1500000000002,0.20500000000000002,5.7872,501.29425100197625,407.34384411224744
IFE/rhino27.aca,1459,22-07-34,2026-04-30,22:07:34,2026-04-30T22:07:34,470.1500000000002,0.248,4.6835,396.7608459357707,361.1667705420743
IFE/rhino27.aca,1460,22-08-17,2026-04-30,22:08:17,2026-04-30T22:08:17,470.1500000000002,0.291,3.9929,326.178580269351,328.6365297108506
IFE/rhino27.aca,1461,22-09-00,2026-04-30,22:09:00,2026-04-30T22:09:00,471.43000000000023,0.076,56.111000000000004,1843.8985146056336,861.7328187195111
IFE/rhino27.aca,1462,22-09-44,2026-04-30,22:09:44,2026-04-30T22:09:44,471.43000000000023,0.119,13.1148,992.6543422322654,601.4460031720007
IFE/rhino27.aca,1463,22-10-28,2026-04-30,22:10:28,2026-04-30T22:10:28,471.43000000000023,0.16199999999999998,7.848800000000001,672.5344049643587,479.33613908803466
IFE/rhino27.aca,1464,22-11-15,2026-04-30,22:11:15,2026-04-30T22:11:15,471.43000000000023,0.20500000000000002,5.7872,502.6590423267029,408.45285213195154
IFE/rhino27.aca,1465,22-12-04,2026-04-30,22:12:04,2026-04-30T22:12:04,471.43000000000023,0.248,4.6835,397.8410413687343,362.15005984611355
IFE/rhino27.aca,1466,22-12-52,2026-04-30,22:12:52,2026-04-30T22:12:52,471.43000000000023,0.291,3.9929,327.06661298809667,329.5312542839233
IFE/rhino27.aca,1467,22-13-41,2026-04-30,22:13:41,2026-04-30T22:13:41,472.71000000000026,0.076,56.111000000000004,1848.9049632805181,864.0725467978289
IFE/rhino27.aca,1468,22-14-27,2026-04-30,22:14:27,2026-04-30T22:14:27,472.71000000000026,0.119,13.1148,995.3495410062496,603.0790152502739
IFE/rhino27.aca,1469,22-15-10,2026-04-30,22:15:10,2026-04-30T22:15:10,472.71000000000026,0.16199999999999998,7.848800000000001,674.3604322394197,480.6376053885096
IFE/rhino27.aca,1470,22-15-53,2026-04-30,22:15:53,2026-04-30T22:15:53,472.71000000000026,0.20500000000000002,5.7872,504.0238336512528,409.5618601516555
IFE/rhino27.aca,1471,22-16-37,2026-04-30,22:16:37,2026-04-30T22:16:37,472.71000000000026,0.248,4.6835,398.9212368016673,363.13334915015275
IFE/rhino27.aca,1472,22-17-20,2026-04-30,22:17:20,2026-04-30T22:17:20,472.71000000000026,0.291,3.9929,327.9546457069406,330.4259788569959
IFE/rhino27.aca,1473,22-18-04,2026-04-30,22:18:04,2026-04-30T22:18:04,473.99000000000024,0.076,56.111000000000004,1853.911411955324,866.4122748761465
IFE/rhino27.aca,1474,22-18-47,2026-04-30,22:18:47,2026-04-30T22:18:47,473.99000000000024,0.119,13.1148,998.0447397803931,604.7120273285477
IFE/rhino27.aca,1475,22-19-31,2026-04-30,22:19:31,2026-04-30T22:19:31,473.99000000000024,0.16199999999999998,7.848800000000001,676.1864595146595,481.93907168898477
IFE/rhino27.aca,1476,22-20-15,2026-04-30,22:20:15,2026-04-30T22:20:15,473.99000000000024,0.20500000000000002,5.7872,505.3886249759424,410.67086817135976
IFE/rhino27.aca,1477,22-20-59,2026-04-30,22:20:59,2026-04-30T22:20:59,473.99000000000024,0.248,4.6835,400.0014322345567,364.11663845419207
IFE/rhino27.aca,1478,22-21-43,2026-04-30,22:21:43,2026-04-30T22:21:43,473.99000000000024,0.291,3.9929,328.84267842573644,331.32070343006853
IFE/rhino27.aca,1479,22-22-27,2026-04-30,22:22:27,2026-04-30T22:22:27,475.2700000000002,0.076,56.111000000000004,1858.9178606297544,868.7520029544644
IFE/rhino27.aca,1480,22-23-10,2026-04-30,22:23:10,2026-04-30T22:23:10,475.2700000000002,0.119,13.1148,1000.7399385544516,606.3450394068212
IFE/rhino27.aca,1481,22-23-54,2026-04-30,22:23:54,2026-04-30T22:23:54,475.2700000000002,0.16199999999999998,7.848800000000001,678.0124867898797,483.24053798945977
IFE/rhino27.aca,1482,22-24-38,2026-04-30,22:24:38,2026-04-30T22:24:38,475.2700000000002,0.20500000000000002,5.7872,506.753416300573,411.779876191064
IFE/rhino27.aca,1483,22-25-23,2026-04-30,22:25:23,2026-04-30T22:25:23,475.2700000000002,0.248,4.6835,401.0816276675279,365.0999277582314
IFE/rhino27.aca,1484,22-26-06,2026-04-30,22:26:06,2026-04-30T22:26:06,475.2700000000002,0.291,3.9929,329.7307111445618,332.21542800314114
IFE/rhino27.aca,1485,22-26-52,2026-04-30,22:26:52,2026-04-30T22:26:52,476.5500000000003,0.076,56.111000000000004,1863.9243093044993,871.0917310327827
IFE/rhino27.aca,1486,22-27-38,2026-04-30,22:27:38,2026-04-30T22:27:38,476.5500000000003,0.119,13.1148,1003.4351373284378,607.978051485095
IFE/rhino27.aca,1487,22-28-22,2026-04-30,22:28:22,2026-04-30T22:28:22,476.5500000000003,0.16199999999999998,7.848800000000001,679.8385140651153,484.5420042899349
IFE/rhino27.aca,1488,22-29-06,2026-04-30,22:29:06,2026-04-30T22:29:06,476.5500000000003,0.20500000000000002,5.7872,508.1182076251709,412.8888842107682
IFE/rhino27.aca,1489,22-29-50,2026-04-30,22:29:50,2026-04-30T22:29:50,476.5500000000003,0.248,4.6835,402.1618231005494,366.08321706227076
IFE/rhino27.aca,1490,22-30-34,2026-04-30,22:30:34,2026-04-30T22:30:34,476.5500000000003,0.291,3.9929,330.6187438633839,333.11015257621386
IFE/rhino27.aca,1491,22-31-19,2026-04-30,22:31:19,2026-04-30T22:31:19,477.83000000000027,0.076,56.111000000000004,1868.9307579790213,873.4314591111003
IFE/rhino27.aca,1492,22-32-03,2026-04-30,22:32:03,2026-04-30T22:32:03,477.83000000000027,0.119,13.1148,1006.1303361025333,609.6110635633684
IFE/rhino27.aca,1493,22-32-47,2026-04-30,22:32:47,2026-04-30T22:32:47,477.83000000000027,0.16199999999999998,7.848800000000001,681.664541340436,485.8434705904099
IFE/rhino27.aca,1494,22-33-31,2026-04-30,22:33:31,2026-04-30T22:33:31,477.83000000000027,0.20500000000000002,5.7872,509.48299894983427,413.9978922304722
IFE/rhino27.aca,1495,22-34-16,2026-04-30,22:34:16,2026-04-30T22:34:16,477.83000000000027,0.248,4.6835,403.2420185334191,367.06650636631
IFE/rhino27.aca,1496,22-35-00,2026-04-30,22:35:00,2026-04-30T22:35:00,477.83000000000027,0.291,3.9929,331.5067765821535,334.0048771492866
IFE/rhino27.aca,1497,22-35-45,2026-04-30,22:35:45,2026-04-30T22:35:45,479.11000000000024,0.076,56.111000000000004,1873.9372066538533,875.7711871894178
IFE/rhino27.aca,1498,22-36-30,2026-04-30,22:36:30,2026-04-30T22:36:30,479.11000000000024,0.119,13.1148,1008.8255348764869,611.2440756416418
IFE/rhino27.aca,1499,22-37-14,2026-04-30,22:37:14,2026-04-30T22:37:14,479.11000000000024,0.16199999999999998,7.848800000000001,683.490568615414,487.1449368908846
IFE/rhino27.aca,1500,22-37-59,2026-04-30,22:37:59,2026-04-30T22:37:59,479.11000000000024,0.20500000000000002,5.7872,510.84779027448894,415.1069002501762
IFE/rhino27.aca,1501,22-38-44,2026-04-30,22:38:44,2026-04-30T22:38:44,479.11000000000024,0.248,4.6835,404.3222139663445,368.0497956703491
IFE/rhino27.aca,1502,22-39-28,2026-04-30,22:39:28,2026-04-30T22:39:28,479.11000000000024,0.291,3.9929,332.39480930097017,334.89960172235897
IFE/rhino27.aca,1503,22-40-12,2026-04-30,22:40:12,2026-04-30T22:40:12,480.3900000000002,0.076,56.111000000000004,1878.9436553284147,878.1109152677359
IFE/rhino27.aca,1504,22-40-56,2026-04-30,22:40:56,2026-04-30T22:40:56,480.3900000000002,0.119,13.1148,1011.5207336506239,612.8770877199154
IFE/rhino27.aca,1505,22-41-40,2026-04-30,22:41:40,2026-04-30T22:41:40,480.3900000000002,0.16199999999999998,7.848800000000001,685.316595890787,488.44640319135976
IFE/rhino27.aca,1506,22-42-25,2026-04-30,22:42:25,2026-04-30T22:42:25,480.3900000000002,0.20500000000000002,5.7872,512.2125815990737,416.2159082698805
IFE/rhino27.aca,1507,22-43-10,2026-04-30,22:43:10,2026-04-30T22:43:10,480.3900000000002,0.248,4.6835,405.4024093992677,369.0330849743885
IFE/rhino27.aca,1508,22-43-54,2026-04-30,22:43:54,2026-04-30T22:43:54,480.3900000000002,0.291,3.9929,333.28284201977476,335.7943262954317
IFE/rhino27.aca,1509,22-44-39,2026-04-30,22:44:39,2026-04-30T22:44:39,481.6700000000003,0.076,56.111000000000004,1883.9501040035218,880.4506433460538
IFE/rhino27.aca,1510,22-45-23,2026-04-30,22:45:23,2026-04-30T22:45:23,481.6700000000003,0.119,13.1148,1014.2159324249267,614.510099798189
IFE/rhino27.aca,1511,22-46-08,2026-04-30,22:46:08,2026-04-30T22:46:08,481.6700000000003,0.16199999999999998,7.848800000000001,687.1426231660705,489.74786949183465
IFE/rhino27.aca,1512,22-46-52,2026-04-30,22:46:52,2026-04-30T22:46:52,481.6700000000003,0.20500000000000002,5.7872,513.577372923748,417.3249162895846
IFE/rhino27.aca,1513,22-47-37,2026-04-30,22:47:37,2026-04-30T22:47:37,481.6700000000003,0.248,4.6835,406.4826048322422,370.0163742784278
IFE/rhino27.aca,1514,22-48-23,2026-04-30,22:48:23,2026-04-30T22:48:23,481.6700000000003,0.291,3.9929,334.1708747385313,336.6890508685044
IFE/rhino27.aca,1515,22-49-08,2026-04-30,22:49:08,2026-04-30T22:49:08,482.9500000000003,0.076,56.111000000000004,1888.9565526780964,882.7903714243716
IFE/rhino27.aca,1516,22-49-52,2026-04-30,22:49:52,2026-04-30T22:49:52,482.9500000000003,0.119,13.1148,1016.911131198972,616.1431118764627
IFE/rhino27.aca,1517,22-50-36,2026-04-30,22:50:36,2026-04-30T22:50:36,482.9500000000003,0.16199999999999998,7.848800000000001,688.9686504411227,491.0493357923097
IFE/rhino27.aca,1518,22-51-21,2026-04-30,22:51:21,2026-04-30T22:51:21,482.9500000000003,0.20500000000000002,5.7872,514.942164248407,418.4339243092887
IFE/rhino27.aca,1519,22-52-06,2026-04-30,22:52:06,2026-04-30T22:52:06,482.9500000000003,0.248,4.6835,407.5628002651938,370.99966358246706
IFE/rhino27.aca,1520,22-52-50,2026-04-30,22:52:50,2026-04-30T22:52:50,482.9500000000003,0.291,3.9929,335.0589074573316,337.58377544157713
IFE/rhino28.aca,1521,22-53-34,2026-04-30,22:53:34,2026-04-30T22:53:34,484.23000000000025,0.076,56.111000000000004,1893.9630013522954,885.1300995026895
IFE/rhino28.aca,1522,22-54-19,2026-04-30,22:54:19,2026-04-30T22:54:19,484.23000000000025,0.119,13.1148,1019.6063299727335,617.7761239547361
IFE/rhino28.aca,1523,22-55-03,2026-04-30,22:55:03,2026-04-30T22:55:03,484.23000000000025,0.16199999999999998,7.848800000000001,690.7946777163713,492.35080209278476
IFE/rhino28.aca,1524,22-55-48,2026-04-30,22:55:48,2026-04-30T22:55:48,484.23000000000025,0.20500000000000002,5.7872,516.3069555731075,419.5429323289927
IFE/rhino28.aca,1525,22-56-33,2026-04-30,22:56:33,2026-04-30T22:56:33,484.23000000000025,0.248,4.6835,408.6429956981585,371.9829528865065
IFE/rhino28.aca,1526,22-57-17,2026-04-30,22:57:17,2026-04-30T22:57:17,484.23000000000025,0.291,3.9929,335.94694017618093,338.4785000146498
IFE/rhino28.aca,1527,22-58-03,2026-04-30,22:58:03,2026-04-30T22:58:03,485.5100000000002,0.076,56.111000000000004,1898.9694500270052,887.4698275810074
IFE/rhino28.aca,1528,22-58-47,2026-04-30,22:58:47,2026-04-30T22:58:47,485.5100000000002,0.119,13.1148,1022.3015287468704,619.4091360330096
IFE/rhino28.aca,1529,22-59-32,2026-04-30,22:59:32,2026-04-30T22:59:32,485.5100000000002,0.16199999999999998,7.848800000000001,692.6207049915436,493.65226839325976
IFE/rhino28.aca,1530,23-00-18,2026-04-30,23:00:18,2026-04-30T23:00:18,485.5100000000002,0.20500000000000002,5.7872,517.6717468976618,420.65194034869694
IFE/rhino28.aca,1531,23-01-03,2026-04-30,23:01:03,2026-04-30T23:01:03,485.5100000000002,0.248,4.6835,409.72319113108495,372.9662421905457
IFE/rhino28.aca,1532,23-01-47,2026-04-30,23:01:47,2026-04-30T23:01:47,485.5100000000002,0.291,3.9929,336.83497289494187,339.3732245877224
IFE/rhino28.aca,1533,23-02-31,2026-04-30,23:02:31,2026-04-30T23:02:31,486.7900000000003,0.076,56.111000000000004,1903.975898702121,889.8095556593254
IFE/rhino28.aca,1534,23-03-16,2026-04-30,23:03:16,2026-04-30T23:03:16,486.7900000000003,0.119,13.1148,1024.9967275208678,621.0421481112833
IFE/rhino28.aca,1535,23-04-01,2026-04-30,23:04:01,2026-04-30T23:04:01,486.7900000000003,0.16199999999999998,7.848800000000001,694.4467322667311,494.95373469373476
IFE/rhino28.aca,1536,23-04-47,2026-04-30,23:04:47,2026-04-30T23:04:47,486.7900000000003,0.20500000000000002,5.7872,519.0365382222881,421.7609483684013
IFE/rhino28.aca,1537,23-05-32,2026-04-30,23:05:32,2026-04-30T23:05:32,486.7900000000003,0.248,4.6835,410.80338656408895,373.9495314945851
IFE/rhino28.aca,1538,23-06-16,2026-04-30,23:06:16,2026-04-30T23:06:16,486.7900000000003,0.291,3.9929,337.72300561377926,340.2679491607951
IFE/rhino28.aca,1539,23-07-02,2026-04-30,23:07:02,2026-04-30T23:07:02,488.0700000000003,0.076,56.111000000000004,1908.9823473763288,892.149283737572
IFE/rhino28.aca,1540,23-07-47,2026-04-30,23:07:47,2026-04-30T23:07:47,488.0700000000003,0.119,13.1148,1027.6919262949348,622.675160189486
IFE/rhino28.aca,1541,23-08-32,2026-04-30,23:08:32,2026-04-30T23:08:32,488.0700000000003,0.16199999999999998,7.848800000000001,696.2727595420213,496.2552009941388
IFE/rhino28.aca,1542,23-09-17,2026-04-30,23:09:17,2026-04-30T23:09:17,488.0700000000003,0.20500000000000002,5.7872,520.4013295469952,422.8699563880343
IFE/rhino28.aca,1543,23-10-02,2026-04-30,23:10:02,2026-04-30T23:10:02,488.0700000000003,0.248,4.6835,411.8835819969161,374.9328207985533
IFE/rhino28.aca,1544,23-10-47,2026-04-30,23:10:47,2026-04-30T23:10:47,488.0700000000003,0.291,3.9929,338.61103833255873,341.16267373379674
IFE/rhino28.aca,1545,23-11-32,2026-04-30,23:11:32,2026-04-30T23:11:32,489.35000000000025,0.076,56.111000000000004,1913.9887960510955,894.4890118158896
IFE/rhino28.aca,1546,23-12-17,2026-04-30,23:12:17,2026-04-30T23:12:17,489.35000000000025,0.119,13.1148,1030.3871250693119,624.3081722677593
IFE/rhino28.aca,1547,23-13-03,2026-04-30,23:13:03,2026-04-30T23:13:03,489.35000000000025,0.16199999999999998,7.848800000000001,698.0987868170996,497.5566672946137
IFE/rhino28.aca,1548,23-13-55,2026-04-30,23:13:55,2026-04-30T23:13:55,489.35000000000025,0.20500000000000002,5.7872,521.7661208717,423.9789644077383
IFE/rhino28.aca,1549,23-14-42,2026-04-30,23:14:42,2026-04-30T23:14:42,489.35000000000025,0.248,4.6835,412.96377742988955,375.91611010259237
IFE/rhino28.aca,1550,23-15-28,2026-04-30,23:15:28,2026-04-30T23:15:28,489.35000000000025,0.291,3.9929,339.49907105132405,342.05739830686935
IFE/rhino28.aca,1551,23-16-12,2026-04-30,23:16:12,2026-04-30T23:16:12,490.6300000000002,0.076,56.111000000000004,1918.9952447258925,896.8287398942074
IFE/rhino28.aca,1552,23-16-57,2026-04-30,23:16:57,2026-04-30T23:16:57,490.6300000000002,0.119,13.1148,1033.082323843213,625.9411843460327
IFE/rhino28.aca,1553,23-17-43,2026-04-30,23:17:43,2026-04-30T23:17:43,490.6300000000002,0.16199999999999998,7.848800000000001,699.9248140923701,498.8581335950886
IFE/rhino28.aca,1554,23-18-28,2026-04-30,23:18:28,2026-04-30T23:18:28,490.6300000000002,0.20500000000000002,5.7872,523.1309121963044,425.08797242744254
IFE/rhino28.aca,1555,23-19-13,2026-04-30,23:19:13,2026-04-30T23:19:13,490.6300000000002,0.248,4.6835,414.0439728628127,376.8993994066317
IFE/rhino28.aca,1556,23-19-58,2026-04-30,23:19:58,2026-04-30T23:19:58,490.6300000000002,0.291,3.9929,340.38710377017344,342.95212287994195
IFE/rhino28.aca,1557,23-20-41,2026-04-30,23:20:41,2026-04-30T23:20:41,491.9100000000003,0.076,56.111000000000004,1924.0016934003186,899.1684679725256
IFE/rhino28.aca,1558,23-21-26,2026-04-30,23:21:26,2026-04-30T23:21:26,491.9100000000003,0.119,13.1148,1035.777522617158,627.5741964243066
IFE/rhino28.aca,1559,23-22-11,2026-04-30,23:22:11,2026-04-30T23:22:11,491.9100000000003,0.16199999999999998,7.848800000000001,701.7508413675903,500.15959989556376
IFE/rhino28.aca,1560,23-22-56,2026-04-30,23:22:56,2026-04-30T23:22:56,491.9100000000003,0.20500000000000002,5.7872,524.495703520994,426.19698044714676
IFE/rhino28.aca,1561,23-23-41,2026-04-30,23:23:41,2026-04-30T23:23:41,491.9100000000003,0.248,4.6835,415.12416829580906,377.882688710671
IFE/rhino28.aca,1562,23-24-26,2026-04-30,23:24:26,2026-04-30T23:24:26,491.9100000000003,0.291,3.9929,341.27513648893546,343.8468474530147
IFE/rhino28.aca,1563,23-25-11,2026-04-30,23:25:11,2026-04-30T23:25:11,493.1900000000003,0.076,56.111000000000004,1929.008142075238,901.5081960508435
IFE/rhino28.aca,1564,23-25-55,2026-04-30,23:25:55,2026-04-30T23:25:55,493.1900000000003,0.119,13.1148,1038.4727213915655,629.2072085025799
IFE/rhino28.aca,1565,23-26-40,2026-04-30,23:26:40,2026-04-30T23:26:40,493.1900000000003,0.16199999999999998,7.848800000000001,703.5768686428652,501.4610661960386
IFE/rhino28.aca,1566,23-27-26,2026-04-30,23:27:26,2026-04-30T23:27:26,493.1900000000003,0.20500000000000002,5.7872,525.8604948455002,427.30598846685064
IFE/rhino28.aca,1567,23-28-12,2026-04-30,23:28:12,2026-04-30T23:28:12,493.1900000000003,0.248,4.6835,416.20436372879993,378.8659780147102
IFE/rhino28.aca,1568,23-28-56,2026-04-30,23:28:56,2026-04-30T23:28:56,493.1900000000003,0.291,3.9929,342.1631692078132,344.7415720260871
IFE/rhino28.aca,1569,23-29-42,2026-04-30,23:29:42,2026-04-30T23:29:42,494.47000000000025,0.076,56.111000000000004,1934.0145907497251,903.8479241291611
IFE/rhino28.aca,1570,23-30-27,2026-04-30,23:30:27,2026-04-30T23:30:27,494.47000000000025,0.119,13.1148,1041.167920165266,630.8402205808535
IFE/rhino28.aca,1571,23-31-13,2026-04-30,23:31:13,2026-04-30T23:31:13,494.47000000000025,0.16199999999999998,7.848800000000001,705.4028959180199,502.7625324965137
IFE/rhino28.aca,1572,23-31-58,2026-04-30,23:31:58,2026-04-30T23:31:58,494.47000000000025,0.20500000000000002,5.7872,527.2252861703033,428.41499648655486
IFE/rhino28.aca,1573,23-32-43,2026-04-30,23:32:43,2026-04-30T23:32:43,494.47000000000025,0.248,4.6835,417.2845591616686,379.8492673187495
IFE/rhino28.aca,1574,23-33-29,2026-04-30,23:33:29,2026-04-30T23:33:29,494.47000000000025,0.291,3.9929,343.0512019265785,345.6362965991598
IFE/rhino28.aca,1575,23-34-15,2026-04-30,23:34:15,2026-04-30T23:34:15,495.7500000000002,0.076,56.111000000000004,1939.0210394245528,906.187652207479
IFE/rhino28.aca,1576,23-34-59,2026-04-30,23:34:59,2026-04-30T23:34:59,495.7500000000002,0.119,13.1148,1043.8631189395383,632.473232659126
IFE/rhino28.aca,1577,23-35-45,2026-04-30,23:35:45,2026-04-30T23:35:45,495.7500000000002,0.16199999999999998,7.848800000000001,707.2289231933798,504.0639987969887
IFE/rhino28.aca,1578,23-36-31,2026-04-30,23:36:31,2026-04-30T23:36:31,495.7500000000002,0.20500000000000002,5.7872,528.5900774948335,429.5240045062591
IFE/rhino28.aca,1579,23-37-17,2026-04-30,23:37:17,2026-04-30T23:37:17,495.7500000000002,0.248,4.6835,418.36475459456125,380.83255662278884
IFE/rhino28.aca,1580,23-38-02,2026-04-30,23:38:02,2026-04-30T23:38:02,495.7500000000002,0.291,3.9929,343.9392346453809,346.5310211722326
IFE/rhino28.aca,1581,23-38-48,2026-04-30,23:38:48,2026-04-30T23:38:48,497.0300000000003,0.076,56.111000000000004,1944.0274880993588,908.5273802857971
IFE/rhino28.aca,1582,23-39-33,2026-04-30,23:39:33,2026-04-30T23:39:33,497.0300000000003,0.119,13.1148,1046.5583177136054,634.1062447373995
IFE/rhino28.aca,1583,23-40-18,2026-04-30,23:40:18,2026-04-30T23:40:18,497.0300000000003,0.16199999999999998,7.848800000000001,709.0549504684452,505.3654650974639
IFE/rhino28.aca,1584,23-41-03,2026-04-30,23:41:03,2026-04-30T23:41:03,497.0300000000003,0.20500000000000002,5.7872,529.9548688195231,430.6330125259633
IFE/rhino28.aca,1585,23-41-49,2026-04-30,23:41:49,2026-04-30T23:41:49,497.0300000000003,0.248,4.6835,419.4449500275652,381.8158459268282
IFE/rhino28.aca,1586,23-42-34,2026-04-30,23:42:34,2026-04-30T23:42:34,497.0300000000003,0.291,3.9929,344.82726736420193,347.42574574530533
IFE/rhino28.aca,1587,23-43-19,2026-04-30,23:43:19,2026-04-30T23:43:19,498.3100000000003,0.076,56.111000000000004,1949.0339367736974,910.8671083641152
IFE/rhino28.aca,1588,23-44-03,2026-04-30,23:44:03,2026-04-30T23:44:03,498.3100000000003,0.119,13.1148,1049.2535164878602,635.7392568156731
IFE/rhino28.aca,1589,23-44-49,2026-04-30,23:44:49,2026-04-30T23:44:49,498.3100000000003,0.16199999999999998,7.848800000000001,710.880977743768,506.66693139793466
IFE/rhino28.aca,1590,23-45-38,2026-04-30,23:45:38,2026-04-30T23:45:38,498.3100000000003,0.20500000000000002,5.7872,531.3196601441844,431.7420205456673
IFE/rhino28.aca,1591,23-46-27,2026-04-30,23:46:27,2026-04-30T23:46:27,498.3100000000003,0.248,4.6835,420.5251454605823,382.7991352308674
IFE/rhino28.aca,1592,23-47-10,2026-04-30,23:47:10,2026-04-30T23:47:10,498.3100000000003,0.291,3.9929,345.7153000829858,348.32047031837794
IFE/rhino28.aca,1593,23-47-55,2026-04-30,23:47:55,2026-04-30T23:47:55,499.59000000000026,0.076,56.111000000000004,1954.0403854486037,913.2068364424324
IFE/rhino28.aca,1594,23-48-41,2026-04-30,23:48:41,2026-04-30T23:48:41,499.59000000000026,0.119,13.1148,1051.9487152616086,637.3722688939465
IFE/rhino28.aca,1595,23-49-25,2026-04-30,23:49:25,2026-04-30T23:49:25,499.59000000000026,0.16199999999999998,7.848800000000001,712.7070050189468,507.96839769840955
IFE/rhino28.aca,1596,23-50-11,2026-04-30,23:50:11,2026-04-30T23:50:11,499.59000000000026,0.20500000000000002,5.7872,532.6844514688543,432.8510285653714
IFE/rhino28.aca,1597,23-50-56,2026-04-30,23:50:56,2026-04-30T23:50:56,499.59000000000026,0.248,4.6835,421.60534089342474,383.7824245349067
IFE/rhino28.aca,1598,23-51-41,2026-04-30,23:51:41,2026-04-30T23:51:41,499.59000000000026,0.291,3.9929,346.60333280179475,349.21519489145055
IFE/rhino28.aca,1599,23-52-27,2026-04-30,23:52:27,2026-04-30T23:52:27,500.87000000000023,0.076,56.111000000000004,1959.0468341230867,915.54656452075
IFE/rhino28.aca,1600,23-53-12,2026-04-30,23:53:12,2026-04-30T23:53:12,500.87000000000023,0.119,13.1148,1054.643914035833,639.0052809722201
IFE/rhino29.aca,1601,23-53-59,2026-04-30,23:53:59,2026-04-30T23:53:59,500.87000000000023,0.16199999999999998,7.848800000000001,714.5330322940841,509.2698639988845
IFE/rhino29.aca,1602,23-54-45,2026-04-30,23:54:45,2026-04-30T23:54:45,500.87000000000023,0.20500000000000002,5.7872,534.049242793426,433.9600365850755
IFE/rhino29.aca,1603,23-55-29,2026-04-30,23:55:29,2026-04-30T23:55:29,500.87000000000023,0.248,4.6835,422.68553632633046,384.7657138389459
IFE/rhino29.aca,1604,23-56-13,2026-04-30,23:56:13,2026-04-30T23:56:13,500.87000000000023,0.291,3.9929,347.4913655205808,350.1099194645231
IFE/rhino29.aca,1605,23-56-59,2026-04-30,23:56:59,2026-04-30T23:56:59,502.1500000000003,0.076,56.111000000000004,1964.0532827978489,917.8862925990686
IFE/rhino29.aca,1606,23-57-44,2026-04-30,23:57:44,2026-04-30T23:57:44,502.1500000000003,0.119,13.1148,1057.3391128099786,640.6382930504936
IFE/rhino29.aca,1607,23-58-29,2026-04-30,23:58:29,2026-04-30T23:58:29,502.1500000000003,0.16199999999999998,7.848800000000001,716.3590595692979,510.5713302993596
IFE/rhino29.aca,1608,23-59-14,2026-04-30,23:59:14,2026-04-30T23:59:14,502.1500000000003,0.20500000000000002,5.7872,535.4140341181024,435.0690446047785
IFE/rhino29.aca,1609,00-00-00,2026-05-01,00:00:00,2026-05-01T00:00:00,502.1500000000003,0.248,4.6835,423.76573175925586,385.7490031429852
IFE/rhino29.aca,1610,00-00-48,2026-05-01,00:00:48,2026-05-01T00:00:48,502.1500000000003,0.291,3.9929,348.3793982393778,351.00464403759577
IFE/rhino29.aca,1611,00-01-37,2026-05-01,00:01:37,2026-05-01T00:01:37,503.4300000000003,0.076,56.111000000000004,1969.059731472336,920.226020677386
IFE/rhino29.aca,1612,00-02-22,2026-05-01,00:02:22,2026-05-01T00:02:22,503.4300000000003,0.119,13.1148,1060.0343115839278,642.2713051287672
IFE/rhino29.aca,1613,00-03-09,2026-05-01,00:03:09,2026-05-01T00:03:09,503.4300000000003,0.16199999999999998,7.848800000000001,718.1850868445378,511.8727965998346
IFE/rhino29.aca,1614,00-03-55,2026-05-01,00:03:55,2026-05-01T00:03:55,503.4300000000003,0.20500000000000002,5.7872,536.7788254428378,436.1780526244826
IFE/rhino29.aca,1615,00-04-39,2026-05-01,00:04:39,2026-05-01T00:04:39,503.4300000000003,0.248,4.6835,424.8459271921987,386.7322924470245
IFE/rhino29.aca,1616,00-05-26,2026-05-01,00:05:26,2026-05-01T00:05:26,503.4300000000003,0.291,3.9929,349.26743095821837,351.89936861066843
IFE/rhino29.aca,1617,00-06-12,2026-05-01,00:06:12,2026-05-01T00:06:12,504.71000000000026,0.076,56.111000000000004,1974.0661801469148,922.5657487557039
IFE/rhino29.aca,1618,00-06-58,2026-05-01,00:06:58,2026-05-01T00:06:58,504.71000000000026,0.119,13.1148,1062.7295103581478,643.9043172070408
IFE/rhino29.aca,1619,00-07-43,2026-05-01,00:07:43,2026-05-01T00:07:43,504.71000000000026,0.16199999999999998,7.848800000000001,720.0111141197885,513.1742629002385
IFE/rhino29.aca,1620,00-08-28,2026-05-01,00:08:28,2026-05-01T00:08:28,504.71000000000026,0.20500000000000002,5.7872,538.1436167674685,437.28706064418674
IFE/rhino29.aca,1621,00-09-14,2026-05-01,00:09:14,2026-05-01T00:09:14,504.71000000000026,0.248,4.6835,425.9261226252158,387.71558175106384
IFE/rhino29.aca,1622,00-10-00,2026-05-01,00:10:00,2026-05-01T00:10:00,504.71000000000026,0.291,3.9929,350.15546367705355,352.79409318374104
IFE/rhino29.aca,1623,00-10-46,2026-05-01,00:10:46,2026-05-01T00:10:46,505.99000000000024,0.076,56.111000000000004,1979.072628821843,924.905476834022
IFE/rhino29.aca,1624,00-11-32,2026-05-01,00:11:32,2026-05-01T00:11:32,505.99000000000024,0.119,13.1148,1065.4247091320008,645.5373292853146
IFE/rhino29.aca,1625,00-12-17,2026-05-01,00:12:17,2026-05-01T00:12:17,505.99000000000024,0.16199999999999998,7.848800000000001,721.8371413950132,514.4757292007137
IFE/rhino29.aca,1626,00-13-04,2026-05-01,00:13:04,2026-05-01T00:13:04,505.99000000000024,0.20500000000000002,5.7872,539.5084080921558,438.3960686638911
IFE/rhino29.aca,1627,00-13-56,2026-05-01,00:13:56,2026-05-01T00:13:56,505.99000000000024,0.248,4.6835,427.00631805817613,388.6988710551033
IFE/rhino29.aca,1628,00-14-43,2026-05-01,00:14:43,2026-05-01T00:14:43,505.99000000000024,0.291,3.9929,351.0434963957872,353.68881775681376
IFE/rhino29.aca,1629,00-15-28,2026-05-01,00:15:28,2026-05-01T00:15:28,507.2700000000003,0.076,56.111000000000004,1984.079077496544,927.2452049123397
IFE/rhino29.aca,1630,00-16-13,2026-05-01,00:16:13,2026-05-01T00:16:13,507.2700000000003,0.119,13.1148,1068.1199079060812,647.170341363588
IFE/rhino29.aca,1631,00-16-59,2026-05-01,00:16:59,2026-05-01T00:16:59,507.2700000000003,0.16199999999999998,7.848800000000001,723.6631686702443,515.7771955011887
IFE/rhino29.aca,1632,00-17-44,2026-05-01,00:17:44,2026-05-01T00:17:44,507.2700000000003,0.20500000000000002,5.7872,540.8731994167035,439.505076683595
IFE/rhino29.aca,1633,00-18-29,2026-05-01,00:18:29,2026-05-01T00:18:29,507.2700000000003,0.248,4.6835,428.08651349118884,389.68216035914253
IFE/rhino29.aca,1634,00-19-15,2026-05-01,00:19:15,2026-05-01T00:19:15,507.2700000000003,0.291,3.9929,351.93152911458964,354.5835423298865
IFE/rhino29.aca,1635,00-20-01,2026-05-01,00:20:01,2026-05-01T00:20:01,508.5500000000003,0.076,56.111000000000004,1989.085526170839,929.5849329906576
IFE/rhino29.aca,1636,00-20-46,2026-05-01,00:20:46,2026-05-01T00:20:46,508.5500000000003,0.119,13.1148,1070.815106680122,648.8033534418614
IFE/rhino29.aca,1637,00-21-32,2026-05-01,00:21:32,2026-05-01T00:21:32,508.5500000000003,0.16199999999999998,7.848800000000001,725.489195945506,517.0786618016639
IFE/rhino29.aca,1638,00-22-18,2026-05-01,00:22:18,2026-05-01T00:22:18,508.5500000000003,0.20500000000000002,5.7872,542.2379907413626,440.6140847032992
IFE/rhino29.aca,1639,00-23-03,2026-05-01,00:23:03,2026-05-01T00:23:03,508.5500000000003,0.248,4.6835,429.16670892405307,390.6654496631818
IFE/rhino29.aca,1640,00-23-49,2026-05-01,00:23:49,2026-05-01T00:23:49,508.5500000000003,0.291,3.9929,352.8195618334215,355.47826690295904
IFE/rhino29.aca,1641,00-24-35,2026-05-01,00:24:35,2026-05-01T00:24:35,509.83000000000027,0.076,56.111000000000004,1994.0919748456581,931.9246610689752
IFE/rhino29.aca,1642,00-25-21,2026-05-01,00:25:21,2026-05-01T00:25:21,509.83000000000027,0.119,13.1148,1073.5103054541673,650.436365520135
IFE/rhino29.aca,1643,00-26-06,2026-05-01,00:26:06,2026-05-01T00:26:06,509.83000000000027,0.16199999999999998,7.848800000000001,727.3152232206106,518.3801281021384
IFE/rhino29.aca,1644,00-26-53,2026-05-01,00:26:53,2026-05-01T00:26:53,509.83000000000027,0.20500000000000002,5.7872,543.6027820659735,441.7230927230032
IFE/rhino29.aca,1645,00-27-38,2026-05-01,00:27:38,2026-05-01T00:27:38,509.83000000000027,0.248,4.6835,430.24690435694356,391.64873896722094
IFE/rhino29.aca,1646,00-28-24,2026-05-01,00:28:24,2026-05-01T00:28:24,509.83000000000027,0.291,3.9929,353.7075945522065,356.37299147603153
IFE/rhino29.aca,1647,00-29-37,2026-05-01,00:29:37,2026-05-01T00:29:37,511.11000000000024,0.076,56.111000000000004,1999.0984235202457,934.2643891472931
IFE/rhino29.aca,1648,00-30-41,2026-05-01,00:30:41,2026-05-01T00:30:41,511.11000000000024,0.119,13.1148,1076.2055042281077,652.0693775984084
IFE/rhino29.aca,1649,00-31-57,2026-05-01,00:31:57,2026-05-01T00:31:57,511.11000000000024,0.16199999999999998,7.848800000000001,729.141250495844,519.6815944026135
IFE/rhino29.aca,1650,00-33-13,2026-05-01,00:33:13,2026-05-01T00:33:13,511.11000000000024,0.20500000000000002,5.7872,544.967573390661,442.83210074270744
IFE/rhino29.aca,1651,00-34-31,2026-05-01,00:34:31,2026-05-01T00:34:31,511.11000000000024,0.248,4.6835,431.32709978989953,392.6320282712602
IFE/rhino29.aca,1652,00-35-24,2026-05-01,00:35:24,2026-05-01T00:35:24,511.11000000000024,0.291,3.9929,354.5956272709729,357.26771604910425
IFE/rhino29.aca,1653,00-36-16,2026-05-01,00:36:16,2026-05-01T00:36:16,512.3900000000003,0.076,56.111000000000004,2004.1048721948769,936.6041172256112
IFE/rhino29.aca,1654,00-37-02,2026-05-01,00:37:02,2026-05-01T00:37:02,512.3900000000003,0.119,13.1148,1078.9007030022797,653.7023896766823
IFE/rhino29.aca,1655,00-37-48,2026-05-01,00:37:48,2026-05-01T00:37:48,512.3900000000003,0.16199999999999998,7.848800000000001,730.967277771169,520.9830607030888
IFE/rhino29.aca,1656,00-38-34,2026-05-01,00:38:34,2026-05-01T00:38:34,512.3900000000003,0.20500000000000002,5.7872,546.3323647153047,443.94110876241166
IFE/rhino29.aca,1657,00-39-21,2026-05-01,00:39:21,2026-05-01T00:39:21,512.3900000000003,0.248,4.6835,432.4072952230061,393.61531757529974
IFE/rhino29.aca,1658,00-40-07,2026-05-01,00:40:07,2026-05-01T00:40:07,512.3900000000003,0.291,3.9929,355.4836599898179,358.1624406221771
IFE/rhino29.aca,1659,00-40-53,2026-05-01,00:40:53,2026-05-01T00:40:53,513.6700000000003,0.076,56.111000000000004,2009.1113208697527,938.9438453039288
IFE/rhino29.aca,1660,00-41-39,2026-05-01,00:41:39,2026-05-01T00:41:39,513.6700000000003,0.119,13.1148,1081.595901776338,655.3354017549559
IFE/rhino29.aca,1661,00-42-24,2026-05-01,00:42:24,2026-05-01T00:42:24,513.6700000000003,0.16199999999999998,7.848800000000001,732.7933050463282,522.2845270035635
IFE/rhino29.aca,1662,00-43-10,2026-05-01,00:43:10,2026-05-01T00:43:10,513.6700000000003,0.20500000000000002,5.7872,547.6971560400074,445.05011678211565
IFE/rhino29.aca,1663,00-43-55,2026-05-01,00:43:55,2026-05-01T00:43:55,513.6700000000003,0.248,4.6835,433.4874906559031,394.5986068793389
IFE/rhino29.aca,1664,00-44-41,2026-05-01,00:44:41,2026-05-01T00:44:41,513.6700000000003,0.291,3.9929,356.3716927086607,359.0571651952496
IFE/rhino29.aca,1665,00-45-27,2026-05-01,00:45:27,2026-05-01T00:45:27,514.9500000000003,0.076,56.111000000000004,2014.1177695441395,941.2835733822465
IFE/rhino29.aca,1666,00-46-14,2026-05-01,00:46:14,2026-05-01T00:46:14,514.9500000000003,0.119,13.1148,1084.2911005504182,656.9684138332291
IFE/rhino29.aca,1667,00-47-00,2026-05-01,00:47:00,2026-05-01T00:47:00,514.9500000000003,0.16199999999999998,7.848800000000001,734.619332321435,523.5859933040383
IFE/rhino29.aca,1668,00-47-46,2026-05-01,00:47:46,2026-05-01T00:47:46,514.9500000000003,0.20500000000000002,5.7872,549.0619473645551,446.1591248018197
IFE/rhino29.aca,1669,00-48-32,2026-05-01,00:48:32,2026-05-01T00:48:32,514.9500000000003,0.248,4.6835,434.5676860888416,395.58189618337803
IFE/rhino29.aca,1670,00-49-18,2026-05-01,00:49:18,2026-05-01T00:49:18,514.9500000000003,0.291,3.9929,357.25972542742164,359.9518897683222
IFE/rhino29.aca,1671,00-50-05,2026-05-01,00:50:05,2026-05-01T00:50:05,516.2300000000002,0.076,56.111000000000004,2019.1242182185263,943.6233014605646
IFE/rhino29.aca,1672,00-50-51,2026-05-01,00:50:51,2026-05-01T00:50:51,516.2300000000002,0.119,13.1148,1086.9862993244765,658.6014259115029
IFE/rhino29.aca,1673,00-51-38,2026-05-01,00:51:38,2026-05-01T00:51:38,516.2300000000002,0.16199999999999998,7.848800000000001,736.4453595966464,524.8874596045135
IFE/rhino29.aca,1674,00-52-23,2026-05-01,00:52:23,2026-05-01T00:52:23,516.2300000000002,0.20500000000000002,5.7872,550.4267386892359,447.2681328215241
IFE/rhino29.aca,1675,00-53-09,2026-05-01,00:53:09,2026-05-01T00:53:09,516.2300000000002,0.248,4.6835,435.64788152176914,396.5651854874169
IFE/rhino29.aca,1676,00-53-56,2026-05-01,00:53:56,2026-05-01T00:53:56,516.2300000000002,0.291,3.9929,358.1477581462077,360.8466143413949
IFE/rhino29.aca,1677,00-54-42,2026-05-01,00:54:42,2026-05-01T00:54:42,517.5100000000003,0.076,56.111000000000004,2024.1306668937118,945.9630295388824
IFE/rhino29.aca,1678,00-55-29,2026-05-01,00:55:29,2026-05-01T00:55:29,517.5100000000003,0.119,13.1148,1089.681498098976,660.2344379897764
IFE/rhino29.aca,1679,00-56-14,2026-05-01,00:56:14,2026-05-01T00:56:14,517.5100000000003,0.16199999999999998,7.848800000000001,738.2713868718907,526.1889259049885
IFE/rhino29.aca,1680,00-57-00,2026-05-01,00:57:00,2026-05-01T00:57:00,517.5100000000003,0.20500000000000002,5.7872,551.7915300137836,448.3771408412281
IFE/rhino3.aca,2375,15-46-58,2026-04-29,15:46:58,2026-04-29T15:46:58,40.07000000000001,0.20500000000000002,5.7872,42.72436592076228,34.717149491810545
IFE/rhino3.aca,2376,15-47-31,2026-04-29,15:47:31,2026-04-29T15:47:31,40.07000000000001,0.248,4.6835,33.8151804671852,30.781564385027135
IFE/rhino3.aca,2377,15-48-04,2026-04-29,15:48:04,2026-04-29T15:48:04,40.07000000000001,0.291,3.9929,27.799586751869175,28.009073158595065
IFE/rhino3.aca,2378,15-48-37,2026-04-29,15:48:37,2026-04-29T15:48:37,41.35000000000001,0.076,56.111000000000004,161.73175991967838,75.58418440500003
IFE/rhino3.aca,2379,15-49-09,2026-04-29,15:49:09,2026-04-29T15:49:09,41.35000000000001,0.119,13.1148,87.06755414655136,52.753944872328915
IFE/rhino3.aca,2380,15-49-42,2026-04-29,15:49:42,2026-04-29T15:49:42,41.35000000000001,0.16199999999999998,7.848800000000001,58.989240492268436,42.04346212860483
IFE/rhino3.aca,2381,15-50-14,2026-04-29,15:50:14,2026-04-29T15:50:14,41.35000000000001,0.20500000000000002,5.7872,44.08915724541216,35.826157511514666
IFE/rhino3.aca,2382,15-50-48,2026-04-29,15:50:48,2026-04-29T15:50:48,41.35000000000001,0.248,4.6835,34.89537590013092,31.76485368906642
IFE/rhino3.aca,2383,15-51-23,2026-04-29,15:51:23,2026-04-29T15:51:23,41.35000000000001,0.291,3.9929,28.68761947066914,28.903797731667716
IFE/rhino3.aca,2384,15-51-57,2026-04-29,15:51:57,2026-04-29T15:51:57,42.63,0.076,56.111000000000004,166.73820859437183,77.92391248331786
IFE/rhino3.aca,2385,15-52-31,2026-04-29,15:52:31,2026-04-29T15:52:31,42.63,0.119,13.1148,89.76275292060318,54.38695695060244
IFE/rhino3.aca,2386,15-53-05,2026-04-29,15:53:05,2026-04-29T15:53:05,42.63,0.16199999999999998,7.848800000000001,60.815267767489516,43.344928429079744
IFE/rhino3.aca,2387,15-53-40,2026-04-29,15:53:40,2026-04-29T15:53:40,42.63,0.20500000000000002,5.7872,45.45394857005658,36.935165531218786
IFE/rhino3.aca,2388,15-54-13,2026-04-29,15:54:13,2026-04-29T15:54:13,42.63,0.248,4.6835,35.97557133307528,32.74814299310015
IFE/rhino3.aca,2389,15-54-46,2026-04-29,15:54:46,2026-04-29T15:54:46,42.63,0.291,3.9929,29.575652189475797,29.798522304740228
IFE/rhino3.aca,2390,15-55-18,2026-04-29,15:55:18,2026-04-29T15:55:18,43.910000000000004,0.076,56.111000000000004,171.7446572690571,80.26364056163521
IFE/rhino3.aca,2391,15-55-52,2026-04-29,15:55:52,2026-04-29T15:55:52,43.910000000000004,0.119,13.1148,92.45795169465418,56.019969028876
IFE/rhino3.aca,2392,15-56-24,2026-04-29,15:56:24,2026-04-29T15:56:24,43.910000000000004,0.16199999999999998,7.848800000000001,62.641295042689855,44.64639472955476
IFE/rhino3.aca,2393,15-56-58,2026-04-29,15:56:58,2026-04-29T15:56:58,43.910000000000004,0.20500000000000002,5.7872,46.818739894704,38.04417355092293
IFE/rhino3.aca,2394,15-57-32,2026-04-29,15:57:32,2026-04-29T15:57:32,43.910000000000004,0.248,4.6835,37.055766766005306,33.731432297139435
IFE/rhino3.aca,2395,15-58-05,2026-04-29,15:58:05,2026-04-29T15:58:05,43.910000000000004,0.291,3.9929,30.463684908281767,30.693246877812875
IFE/rhino3.aca,2396,15-58-39,2026-04-29,15:58:39,2026-04-29T15:58:39,45.190000000000005,0.076,56.111000000000004,176.75110594369326,82.60336863995303
IFE/rhino3.aca,2397,15-59-12,2026-04-29,15:59:12,2026-04-29T15:59:12,45.190000000000005,0.119,13.1148,95.15315046872948,57.65298110714953
IFE/rhino3.aca,2398,15-59-48,2026-04-29,15:59:48,2026-04-29T15:59:48,45.190000000000005,0.16199999999999998,7.848800000000001,64.46732231789865,45.94786103002975
IFE/rhino3.aca,2399,16-00-25,2026-04-29,16:00:25,2026-04-29T16:00:25,45.190000000000005,0.20500000000000002,5.7872,48.18353121935252,39.15318157062705
IFE/rhino3.aca,2400,16-01-02,2026-04-29,16:01:02,2026-04-29T16:01:02,45.190000000000005,0.248,4.6835,38.135962198949116,34.71472160117874
IFE/rhino3.aca,2401,16-01-37,2026-04-29,16:01:37,2026-04-29T16:01:37,45.190000000000005,0.291,3.9929,31.351717627081598,31.587971450885448
IFE/rhino3.aca,2402,16-02-11,2026-04-29,16:02:11,2026-04-29T16:02:11,46.470000000000006,0.076,56.111000000000004,181.7575546183174,84.94309671827091
IFE/rhino3.aca,2403,16-02-44,2026-04-29,16:02:44,2026-04-29T16:02:44,46.470000000000006,0.119,13.1148,97.84834924281404,59.2859931854226
IFE/rhino3.aca,2404,16-03-18,2026-04-29,16:03:18,2026-04-29T16:03:18,46.470000000000006,0.16199999999999998,7.848800000000001,66.29334959312246,47.24932733050449
IFE/rhino3.aca,2405,16-03-52,2026-04-29,16:03:52,2026-04-29T16:03:52,46.470000000000006,0.20500000000000002,5.7872,49.548322543994615,40.26218959033118
IFE/rhino3.aca,2406,16-04-25,2026-04-29,16:04:25,2026-04-29T16:04:25,46.470000000000006,0.248,4.6835,39.216157631895655,35.69801090521801
IFE/rhino3.aca,2407,16-04-58,2026-04-29,16:04:58,2026-04-29T16:04:58,46.470000000000006,0.291,3.9929,32.23975034588334,32.48269602395365
IFE/rhino3.aca,2408,16-05-32,2026-04-29,16:05:32,2026-04-29T16:05:32,47.75000000000001,0.076,56.111000000000004,186.76400329299014,87.28282479658844
IFE/rhino3.aca,2409,16-06-06,2026-04-29,16:06:06,2026-04-29T16:06:06,47.75000000000001,0.119,13.1148,100.5435480168615,60.919005263696135
IFE/rhino3.aca,2410,16-06-38,2026-04-29,16:06:38,2026-04-29T16:06:38,47.75000000000001,0.16199999999999998,7.848800000000001,68.11937686834571,48.550793630979484
IFE/rhino3.aca,2411,16-07-12,2026-04-29,16:07:12,2026-04-29T16:07:12,47.75000000000001,0.20500000000000002,5.7872,50.91311386864531,41.37119761003532
IFE/rhino3.aca,2412,16-07-47,2026-04-29,16:07:47,2026-04-29T16:07:47,47.75000000000001,0.248,4.6835,40.29635306483483,36.68130020925706
IFE/rhino3.aca,2413,16-08-23,2026-04-29,16:08:23,2026-04-29T16:08:23,47.75000000000001,0.291,3.9929,33.12778306468304,33.377420597026315
IFE/rhino3.aca,2414,16-08-57,2026-04-29,16:08:57,2026-04-29T16:08:57,49.03000000000001,0.076,56.111000000000004,191.7704519676967,89.62255287490623
IFE/rhino3.aca,2415,16-09-30,2026-04-29,16:09:30,2026-04-29T16:09:30,49.03000000000001,0.119,13.1148,103.23874679093706,62.552017341969645
IFE/rhino3.aca,2416,16-10-06,2026-04-29,16:10:06,2026-04-29T16:10:06,49.03000000000001,0.16199999999999998,7.848800000000001,69.94540414354142,49.85225993145443
IFE/rhino3.aca,2417,16-10-40,2026-04-29,16:10:40,2026-04-29T16:10:40,49.03000000000001,0.20500000000000002,5.7872,52.27790519329178,42.48020562973938
IFE/rhino3.aca,2418,16-11-14,2026-04-29,16:11:14,2026-04-29T16:11:14,49.03000000000001,0.248,4.6835,41.37654849778492,37.664589513296285
IFE/rhino3.aca,2419,16-11-50,2026-04-29,16:11:50,2026-04-29T16:11:50,49.03000000000001,0.291,3.9929,34.015815783484776,34.272145170098895
IFE/rhino3.aca,2420,16-12-25,2026-04-29,16:12:25,2026-04-29T16:12:25,50.31000000000001,0.076,56.111000000000004,196.77690064233283,91.96228095322405
IFE/rhino3.aca,2421,16-13-00,2026-04-29,16:13:00,2026-04-29T16:13:00,50.31000000000001,0.119,13.1148,105.93394556498916,64.18502942023432
IFE/rhino3.aca,2422,16-13-40,2026-04-29,16:13:40,2026-04-29T16:13:40,50.31000000000001,0.16199999999999998,7.848800000000001,71.77143141876222,51.15372623192927
IFE/rhino3.aca,2423,16-14-17,2026-04-29,16:14:17,2026-04-29T16:14:17,50.31000000000001,0.20500000000000002,5.7872,53.64269651793374,43.58921364944351
IFE/rhino3.aca,2424,16-14-50,2026-04-29,16:14:50,2026-04-29T16:14:50,50.31000000000001,0.248,4.6835,42.45674393072477,38.64787881733557
IFE/rhino3.aca,2425,16-15-24,2026-04-29,16:15:24,2026-04-29T16:15:24,50.31000000000001,0.291,3.9929,34.90384850228433,35.166869743170416
IFE/rhino3.aca,2426,16-15-58,2026-04-29,16:15:58,2026-04-29T16:15:58,51.59000000000001,0.076,56.111000000000004,201.7833493169881,94.3020090315419
IFE/rhino3.aca,2427,16-16-32,2026-04-29,16:16:32,2026-04-29T16:16:32,51.59000000000001,0.119,13.1148,108.6291443390688,65.81804149850785
IFE/rhino3.aca,2428,16-17-07,2026-04-29,16:17:07,2026-04-29T16:17:07,51.59000000000001,0.16199999999999998,7.848800000000001,73.59745869399448,52.45519253240428
IFE/rhino3.aca,2429,16-17-43,2026-04-29,16:17:43,2026-04-29T16:17:43,51.59000000000001,0.20500000000000002,5.7872,55.00748784258485,44.69822166914763
IFE/rhino3.aca,2430,16-18-18,2026-04-29,16:18:18,2026-04-29T16:18:18,51.59000000000001,0.248,4.6835,43.53693936366285,39.631168121374856
IFE/rhino3.aca,2431,16-18-52,2026-04-29,16:18:52,2026-04-29T16:18:52,51.59000000000001,0.291,3.9929,35.791881221091806,36.061594316243074
IFE/rhino3.aca,2432,16-19-27,2026-04-29,16:19:27,2026-04-29T16:19:27,52.87000000000001,0.076,56.111000000000004,206.78979799170173,96.64173710985531
IFE/rhino3.aca,2433,16-20-01,2026-04-29,16:20:01,2026-04-29T16:20:01,52.87000000000001,0.119,13.1148,111.32434311312144,67.4510535767814
IFE/rhino3.aca,2434,16-20-36,2026-04-29,16:20:36,2026-04-29T16:20:36,52.87000000000001,0.16199999999999998,7.848800000000001,75.42348596920274,53.75665883287927
IFE/rhino3.aca,2435,16-21-11,2026-04-29,16:21:11,2026-04-29T16:21:11,52.87000000000001,0.20500000000000002,5.7872,56.37227916723323,45.80722968885174
IFE/rhino3.aca,2436,16-21-47,2026-04-29,16:21:47,2026-04-29T16:21:47,52.87000000000001,0.248,4.6835,44.61713479660311,40.61445742541413
IFE/rhino3.aca,2437,16-22-21,2026-04-29,16:22:21,2026-04-29T16:22:21,52.87000000000001,0.291,3.9929,36.67991393989096,36.95631888931571
IFE/rhino3.aca,2438,16-24-41,2026-04-29,16:24:41,2026-04-29T16:24:41,54.15,0.076,56.111000000000004,211.7962466663248,98.98146518817316
IFE/rhino3.aca,2439,16-25-14,2026-04-29,16:25:14,2026-04-29T16:25:14,54.15,0.119,13.1148,114.01954188719019,69.08406565505496
IFE/rhino3.aca,2440,16-25-47,2026-04-29,16:25:47,2026-04-29T16:25:47,54.15,0.16199999999999998,7.848800000000001,77.24951324441318,55.05812513335427
IFE/rhino3.aca,2441,16-26-18,2026-04-29,16:26:18,2026-04-29T16:26:18,54.15,0.20500000000000002,5.7872,57.737070491874235,46.916237708555805
IFE/rhino3.aca,2442,16-26-49,2026-04-29,16:26:49,2026-04-29T16:26:49,54.15,0.248,4.6835,45.69733022955088,41.59774672945342
IFE/rhino3.aca,2443,16-27-22,2026-04-29,16:27:22,2026-04-29T16:27:22,54.15,0.291,3.9929,37.567946658695156,37.85104346238836
IFE/rhino3.aca,2444,16-27-53,2026-04-29,16:27:53,2026-04-29T16:27:53,55.43,0.076,56.111000000000004,216.80269534096314,101.32119326649101
IFE/rhino3.aca,2445,16-28-23,2026-04-29,16:28:23,2026-04-29T16:28:23,55.43,0.119,13.1148,116.71474066126957,70.7170777333285
IFE/rhino3.aca,2446,16-28-55,2026-04-29,16:28:55,2026-04-29T16:28:55,55.43,0.16199999999999998,7.848800000000001,79.07554051963288,56.35959143382705
IFE/rhino3.aca,2447,16-29-25,2026-04-29,16:29:25,2026-04-29T16:29:25,55.43,0.20500000000000002,5.7872,59.101861816517705,48.02524572825993
IFE/rhino3.aca,2448,16-29-56,2026-04-29,16:29:56,2026-04-29T16:29:56,55.43,0.248,4.6835,46.77752566248596,42.58103603349271
IFE/rhino3.aca,2449,16-30-28,2026-04-29,16:30:28,2026-04-29T16:30:28,55.43,0.291,3.9929,38.45597937750195,38.74576803546101
IFE/rhino3.aca,2450,16-30-59,2026-04-29,16:30:59,2026-04-29T16:30:59,56.71,0.076,56.111000000000004,221.80914401566207,103.66092134480883
IFE/rhino3.aca,2451,16-31-32,2026-04-29,16:31:32,2026-04-29T16:31:32,56.71,0.119,13.1148,119.40993943531812,72.35008981160206
IFE/rhino3.aca,2452,16-32-03,2026-04-29,16:32:03,2026-04-29T16:32:03,56.71,0.16199999999999998,7.848800000000001,80.9015677948275,57.66105773430205
IFE/rhino3.aca,2453,16-32-34,2026-04-29,16:32:34,2026-04-29T16:32:34,56.71,0.20500000000000002,5.7872,60.466653141149166,49.13425374796407
IFE/rhino3.aca,2454,16-33-07,2026-04-29,16:33:07,2026-04-29T16:33:07,56.71,0.248,4.6835,47.85772109542991,43.56432533753201
IFE/rhino30.aca,1761,00-57-46,2026-05-01,00:57:46,2026-05-01T00:57:46,517.5100000000003,0.248,4.6835,436.728076954664,397.5484747914562
IFE/rhino30.aca,1762,00-58-32,2026-05-01,00:58:32,2026-05-01T00:58:32,517.5100000000003,0.291,3.9929,359.03579086496427,361.7413389144676
IFE/rhino30.aca,1763,00-59-19,2026-05-01,00:59:19,2026-05-01T00:59:19,518.7900000000003,0.076,56.111000000000004,2029.1371155682646,948.3027576172003
IFE/rhino30.aca,1764,01-00-06,2026-05-01,01:00:06,2026-05-01T01:00:06,518.7900000000003,0.119,13.1148,1092.3766968728858,661.8674500680502
IFE/rhino30.aca,1765,01-00-54,2026-05-01,01:00:54,2026-05-01T01:00:54,518.7900000000003,0.16199999999999998,7.848800000000001,740.0974141471786,527.4903922054636
IFE/rhino30.aca,1766,01-01-41,2026-05-01,01:01:41,2026-05-01T01:01:41,518.7900000000003,0.20500000000000002,5.7872,553.156321338399,449.4861488609325
IFE/rhino30.aca,1767,01-02-29,2026-05-01,01:02:29,2026-05-01T01:02:29,518.7900000000003,0.248,4.6835,437.8082723875632,398.5317640954956
IFE/rhino30.aca,1768,01-03-16,2026-05-01,01:03:16,2026-05-01T01:03:16,518.7900000000003,0.291,3.9929,359.9238235838213,362.6360634875403
IFE/rhino30.aca,1769,01-04-04,2026-05-01,01:04:04,2026-05-01T01:04:04,520.0700000000003,0.076,56.111000000000004,2034.1435642427255,950.642485695518
IFE/rhino30.aca,1770,01-04-51,2026-05-01,01:04:51,2026-05-01T01:04:51,520.0700000000003,0.119,13.1148,1095.0718956467608,663.5004621463233
IFE/rhino30.aca,1771,01-05-37,2026-05-01,01:05:37,2026-05-01T01:05:37,520.0700000000003,0.16199999999999998,7.848800000000001,741.9234414222854,528.7918585059385
IFE/rhino30.aca,1772,01-06-24,2026-05-01,01:06:24,2026-05-01T01:06:24,520.0700000000003,0.20500000000000002,5.7872,554.5211126632217,450.5951568806363
IFE/rhino30.aca,1773,01-07-10,2026-05-01,01:07:10,2026-05-01T01:07:10,520.0700000000003,0.248,4.6835,438.88846782056936,399.51505339953474
IFE/rhino30.aca,1774,01-07-57,2026-05-01,01:07:57,2026-05-01T01:07:57,520.0700000000003,0.291,3.9929,360.8118563026652,363.53078806061285
IFE/rhino30.aca,1775,01-08-43,2026-05-01,01:08:43,2026-05-01T01:08:43,521.3500000000003,0.076,56.111000000000004,2039.1500129173655,952.9822137738358
IFE/rhino30.aca,1776,01-09-29,2026-05-01,01:09:29,2026-05-01T01:09:29,521.3500000000003,0.119,13.1148,1097.767094420889,665.133474224597
IFE/rhino30.aca,1777,01-10-16,2026-05-01,01:10:16,2026-05-01T01:10:16,521.3500000000003,0.16199999999999998,7.848800000000001,743.7494686976104,530.0933248064135
IFE/rhino30.aca,1778,01-11-02,2026-05-01,01:11:02,2026-05-01T01:11:02,521.3500000000003,0.20500000000000002,5.7872,555.8859039877868,451.7041649003406
IFE/rhino30.aca,1779,01-11-48,2026-05-01,01:11:48,2026-05-01T01:11:48,521.3500000000003,0.248,4.6835,439.9686632533725,400.49834270357394
IFE/rhino30.aca,1780,01-12-34,2026-05-01,01:12:34,2026-05-01T01:12:34,521.3500000000003,0.291,3.9929,361.69988902141415,364.42551263368546
IFE/rhino30.aca,1781,01-13-25,2026-05-01,01:13:25,2026-05-01T01:13:25,522.6300000000003,0.076,56.111000000000004,2044.156461592119,955.3219418521535
IFE/rhino30.aca,1782,01-14-16,2026-05-01,01:14:16,2026-05-01T01:14:16,522.6300000000003,0.119,13.1148,1100.4622931948863,666.7664863028704
IFE/rhino30.aca,1783,01-15-01,2026-05-01,01:15:01,2026-05-01T01:15:01,522.6300000000003,0.16199999999999998,7.848800000000001,745.5754959725994,531.3947911068885
IFE/rhino30.aca,1784,01-15-47,2026-05-01,01:15:47,2026-05-01T01:15:47,522.6300000000003,0.20500000000000002,5.7872,557.2506953124066,452.8131729200446
IFE/rhino30.aca,1785,01-16-33,2026-05-01,01:16:33,2026-05-01T01:16:33,522.6300000000003,0.248,4.6835,441.04885868643976,401.48163200761326
IFE/rhino30.aca,1786,01-17-19,2026-05-01,01:17:19,2026-05-01T01:17:19,522.6300000000003,0.291,3.9929,362.587921740186,365.3202372067581
IFE/rhino30.aca,1787,01-18-06,2026-05-01,01:18:06,2026-05-01T01:18:06,523.9100000000003,0.076,56.111000000000004,2049.1629102667634,957.6616699304716
IFE/rhino30.aca,1788,01-18-53,2026-05-01,01:18:53,2026-05-01T01:18:53,523.9100000000003,0.119,13.1148,1103.157491968936,668.3994983811442
IFE/rhino30.aca,1789,01-19-40,2026-05-01,01:19:40,2026-05-01T01:19:40,523.9100000000003,0.16199999999999998,7.848800000000001,747.4015232480094,532.6962574073634
IFE/rhino30.aca,1790,01-20-27,2026-05-01,01:20:27,2026-05-01T01:20:27,523.9100000000003,0.20500000000000002,5.7872,558.6154866371311,453.9221809397487
IFE/rhino30.aca,1791,01-21-13,2026-05-01,01:21:13,2026-05-01T01:21:13,523.9100000000003,0.248,4.6835,442.1290541193979,402.4649213116526
IFE/rhino30.aca,1792,01-22-00,2026-05-01,01:22:00,2026-05-01T01:22:00,523.9100000000003,0.291,3.9929,363.475954459079,366.2149617798308
IFE/rhino30.aca,1793,01-22-47,2026-05-01,01:22:47,2026-05-01T01:22:47,525.1900000000003,0.076,56.111000000000004,2054.1693589415563,960.0013980087895
IFE/rhino30.aca,1794,01-23-34,2026-05-01,01:23:34,2026-05-01T01:23:34,525.1900000000003,0.119,13.1148,1105.8526907428416,670.0325104594176
IFE/rhino30.aca,1795,01-24-20,2026-05-01,01:24:20,2026-05-01T01:24:20,525.1900000000003,0.16199999999999998,7.848800000000001,749.2275505231707,533.9977237078386
IFE/rhino30.aca,1796,01-25-08,2026-05-01,01:25:08,2026-05-01T01:25:08,525.1900000000003,0.20500000000000002,5.7872,559.9802779616941,455.0311889594529
IFE/rhino30.aca,1797,01-25-55,2026-05-01,01:25:55,2026-05-01T01:25:55,525.1900000000003,0.248,4.6835,443.209249552356,403.4482106156919
IFE/rhino30.aca,1798,01-26-42,2026-05-01,01:26:42,2026-05-01T01:26:42,525.1900000000003,0.291,3.9929,364.36398717782686,367.1096863529034
IFE/rhino30.aca,1799,01-27-29,2026-05-01,01:27:29,2026-05-01T01:27:29,526.4700000000003,0.076,56.111000000000004,2059.175807616227,962.3411260871071
IFE/rhino30.aca,1800,01-28-16,2026-05-01,01:28:16,2026-05-01T01:28:16,526.4700000000003,0.119,13.1148,1108.5478895171532,671.6655225376912
IFE/rhino30.aca,1801,01-29-03,2026-05-01,01:29:03,2026-05-01T01:29:03,526.4700000000003,0.16199999999999998,7.848800000000001,751.0535777984369,535.2991900083135
IFE/rhino30.aca,1802,01-29-50,2026-05-01,01:29:50,2026-05-01T01:29:50,526.4700000000003,0.20500000000000002,5.7872,561.3450692864055,456.14019697915705
IFE/rhino30.aca,1803,01-30-37,2026-05-01,01:30:37,2026-05-01T01:30:37,526.4700000000003,0.248,4.6835,444.2894449852596,404.4314999197312
IFE/rhino30.aca,1804,01-31-24,2026-05-01,01:31:24,2026-05-01T01:31:24,526.4700000000003,0.291,3.9929,365.2520198966184,368.0044109259761
IFE/rhino30.aca,1805,01-32-11,2026-05-01,01:32:11,2026-05-01T01:32:11,527.7500000000003,0.076,56.111000000000004,2064.182256290683,964.680854165425
IFE/rhino30.aca,1806,01-32-58,2026-05-01,01:32:58,2026-05-01T01:32:58,527.7500000000003,0.119,13.1148,1111.2430882909844,673.298534615965
IFE/rhino30.aca,1807,01-33-45,2026-05-01,01:33:45,2026-05-01T01:33:45,527.7500000000003,0.16199999999999998,7.848800000000001,752.8796050736659,536.6006563087885
IFE/rhino30.aca,1808,01-34-30,2026-05-01,01:34:30,2026-05-01T01:34:30,527.7500000000003,0.20500000000000002,5.7872,562.7098606110645,457.2492049988613
IFE/rhino30.aca,1809,01-35-19,2026-05-01,01:35:19,2026-05-01T01:35:19,527.7500000000003,0.248,4.6835,445.3696404182767,405.4147892237705
IFE/rhino30.aca,1810,01-36-06,2026-05-01,01:36:06,2026-05-01T01:36:06,527.7500000000003,0.291,3.9929,366.1400526154437,368.89913549904884
IFE/rhino30.aca,1811,01-36-54,2026-05-01,01:36:54,2026-05-01T01:36:54,529.0300000000003,0.076,56.111000000000004,2069.188704965332,967.0205822437431
IFE/rhino30.aca,1812,01-37-40,2026-05-01,01:37:40,2026-05-01T01:37:40,529.0300000000003,0.119,13.1148,1113.9382870652175,674.9315466942385
IFE/rhino30.aca,1813,01-38-27,2026-05-01,01:38:27,2026-05-01T01:38:27,529.0300000000003,0.16199999999999998,7.848800000000001,754.7056323487966,537.9021226092638
IFE/rhino30.aca,1814,01-39-15,2026-05-01,01:39:15,2026-05-01T01:39:15,529.0300000000003,0.20500000000000002,5.7872,564.0746519357235,458.35821301856527
IFE/rhino30.aca,1815,01-40-02,2026-05-01,01:40:02,2026-05-01T01:40:02,529.0300000000003,0.248,4.6835,446.44983585117586,406.39807852780984
IFE/rhino30.aca,1816,01-40-48,2026-05-01,01:40:48,2026-05-01T01:40:48,529.0300000000003,0.291,3.9929,367.02808533425815,369.79386007212145
IFE/rhino30.aca,1817,01-41-36,2026-05-01,01:41:36,2026-05-01T01:41:36,530.3100000000003,0.076,56.111000000000004,2074.195153640103,969.3603103220607
IFE/rhino30.aca,1818,01-42-23,2026-05-01,01:42:23,2026-05-01T01:42:23,530.3100000000003,0.119,13.1148,1116.6334858392408,676.5645587725121
IFE/rhino30.aca,1819,01-43-10,2026-05-01,01:43:10,2026-05-01T01:43:10,530.3100000000003,0.16199999999999998,7.848800000000001,756.5316596239951,539.2035889097385
IFE/rhino30.aca,1820,01-43-56,2026-05-01,01:43:56,2026-05-01T01:43:56,530.3100000000003,0.20500000000000002,5.7872,565.4394432603324,459.46722103826926
IFE/rhino30.aca,1821,01-44-43,2026-05-01,01:44:43,2026-05-01T01:44:43,530.3100000000003,0.248,4.6835,447.53003128393976,407.38136783184905
IFE/rhino30.aca,1822,01-45-29,2026-05-01,01:45:29,2026-05-01T01:45:29,530.3100000000003,0.291,3.9929,367.916118053054,370.68858464519394
IFE/rhino30.aca,1823,01-46-16,2026-05-01,01:46:16,2026-05-01T01:46:16,531.5900000000003,0.076,56.111000000000004,2079.2016023147385,971.7000384003784
IFE/rhino30.aca,1824,01-47-03,2026-05-01,01:47:03,2026-05-01T01:47:03,531.5900000000003,0.119,13.1148,1119.3286846135918,678.1975708507853
IFE/rhino30.aca,1825,01-47-49,2026-05-01,01:47:49,2026-05-01T01:47:49,531.5900000000003,0.16199999999999998,7.848800000000001,758.3576868993092,540.5050552102134
IFE/rhino30.aca,1826,01-48-36,2026-05-01,01:48:36,2026-05-01T01:48:36,531.5900000000003,0.20500000000000002,5.7872,566.8042345850197,460.5762290579735
IFE/rhino30.aca,1827,01-49-24,2026-05-01,01:49:24,2026-05-01T01:49:24,531.5900000000003,0.248,4.6835,448.61022671694155,408.3646571358883
IFE/rhino30.aca,1828,01-50-10,2026-05-01,01:50:10,2026-05-01T01:50:10,531.5900000000003,0.291,3.9929,368.80415077184773,371.58330921826666
IFE/rhino30.aca,1829,01-50-57,2026-05-01,01:50:57,2026-05-01T01:50:57,532.8700000000003,0.076,56.111000000000004,2084.208050989553,974.0397664786965
IFE/rhino30.aca,1830,01-51-45,2026-05-01,01:51:45,2026-05-01T01:51:45,532.8700000000003,0.119,13.1148,1122.0238833874537,679.8305829290591
IFE/rhino30.aca,1831,01-52-32,2026-05-01,01:52:32,2026-05-01T01:52:32,532.8700000000003,0.16199999999999998,7.848800000000001,760.1837141746146,541.8065215106885
IFE/rhino30.aca,1832,01-53-19,2026-05-01,01:53:19,2026-05-01T01:53:19,532.8700000000003,0.20500000000000002,5.7872,568.1690259095806,461.6852370776777
IFE/rhino30.aca,1833,01-54-06,2026-05-01,01:54:06,2026-05-01T01:54:06,532.8700000000003,0.248,4.6835,449.6904221498429,409.3479464399277
IFE/rhino30.aca,1834,01-54-53,2026-05-01,01:54:53,2026-05-01T01:54:53,532.8700000000003,0.291,3.9929,369.6921834906349,372.4780337913394
IFE/rhino30.aca,1835,01-55-49,2026-05-01,01:55:49,2026-05-01T01:55:49,534.1500000000003,0.076,56.111000000000004,2089.214499664385,976.3794945570141
IFE/rhino30.aca,1836,01-56-41,2026-05-01,01:56:41,2026-05-01T01:56:41,534.1500000000003,0.119,13.1148,1124.7190821614336,681.4635950073326
IFE/rhino30.aca,1837,01-57-34,2026-05-01,01:57:34,2026-05-01T01:57:34,534.1500000000003,0.16199999999999998,7.848800000000001,762.009741449765,543.1079878111634
IFE/rhino30.aca,1838,01-58-27,2026-05-01,01:58:27,2026-05-01T01:58:27,534.1500000000003,0.20500000000000002,5.7872,569.5338172343334,462.7942450973818
IFE/rhino30.aca,1839,01-59-19,2026-05-01,01:59:19,2026-05-01T01:59:19,534.1500000000003,0.248,4.6835,450.7706175827836,410.33123574396683
IFE/rhino30.aca,1840,02-00-12,2026-05-01,02:00:12,2026-05-01T02:00:12,534.1500000000003,0.291,3.9929,370.5802162094875,373.372758364412
IFE/rhino31.aca,1841,02-01-03,2026-05-01,02:01:03,2026-05-01T02:01:03,535.4300000000003,0.076,56.111000000000004,2094.220948338737,978.7192226353322
IFE/rhino31.aca,1842,02-01-49,2026-05-01,02:01:49,2026-05-01T02:01:49,535.4300000000003,0.119,13.1148,1127.4142809352256,683.0966070856061
IFE/rhino31.aca,1843,02-02-37,2026-05-01,02:02:37,2026-05-01T02:02:37,535.4300000000003,0.16199999999999998,7.848800000000001,763.8357687248368,544.4094541116386
IFE/rhino31.aca,1844,02-03-25,2026-05-01,02:03:25,2026-05-01T02:03:25,535.4300000000003,0.20500000000000002,5.7872,570.8986085588352,463.903253117086
IFE/rhino31.aca,1845,02-04-13,2026-05-01,02:04:13,2026-05-01T02:04:13,535.4300000000003,0.248,4.6835,451.85081301589014,411.31452504800626
IFE/rhino31.aca,1846,02-05-00,2026-05-01,02:05:00,2026-05-01T02:05:00,535.4300000000003,0.291,3.9929,371.4682489282113,374.26748293748466
IFE/rhino31.aca,1847,02-05-47,2026-05-01,02:05:47,2026-05-01T02:05:47,536.7100000000003,0.076,56.111000000000004,2099.227397013635,981.0589507136499
IFE/rhino31.aca,1848,02-06-34,2026-05-01,02:06:34,2026-05-01T02:06:34,536.7100000000003,0.119,13.1148,1130.109479709406,684.7296191638798
IFE/rhino31.aca,1849,02-07-21,2026-05-01,02:07:21,2026-05-01T02:07:21,536.7100000000003,0.16199999999999998,7.848800000000001,765.6617960001662,545.7109204121135
IFE/rhino31.aca,1850,02-08-08,2026-05-01,02:08:08,2026-05-01T02:08:08,536.7100000000003,0.20500000000000002,5.7872,572.2633998835051,465.01226113679013
IFE/rhino31.aca,1851,02-08-56,2026-05-01,02:08:56,2026-05-01T02:08:56,536.7100000000003,0.248,4.6835,452.93100844874573,412.2978143520454
IFE/rhino31.aca,1852,02-09-43,2026-05-01,02:09:43,2026-05-01T02:09:43,536.7100000000003,0.291,3.9929,372.3562816470236,375.1622075105572
IFE/rhino31.aca,1853,02-10-30,2026-05-01,02:10:30,2026-05-01T02:10:30,537.9900000000004,0.076,56.111000000000004,2104.2338456882353,983.3986787919678
IFE/rhino31.aca,1854,02-11-17,2026-05-01,02:11:17,2026-05-01T02:11:17,537.9900000000004,0.119,13.1148,1132.804678483591,686.3626312421534
IFE/rhino31.aca,1855,02-12-04,2026-05-01,02:12:04,2026-05-01T02:12:04,537.9900000000004,0.16199999999999998,7.848800000000001,767.487823275345,547.0123867125885
IFE/rhino31.aca,1856,02-12-51,2026-05-01,02:12:51,2026-05-01T02:12:51,537.9900000000004,0.20500000000000002,5.7872,573.628191208197,466.1212691564941
IFE/rhino31.aca,1857,02-13-44,2026-05-01,02:13:44,2026-05-01T02:13:44,537.9900000000004,0.248,4.6835,454.01120388165145,413.2811036560847
IFE/rhino31.aca,1858,02-14-32,2026-05-01,02:14:32,2026-05-01T02:14:32,537.9900000000004,0.291,3.9929,373.24431436584126,376.05693208363
IFE/rhino31.aca,1859,02-15-19,2026-05-01,02:15:19,2026-05-01T02:15:19,539.2700000000003,0.076,56.111000000000004,2109.2402943628795,985.7384068702856
IFE/rhino31.aca,1860,02-16-06,2026-05-01,02:16:06,2026-05-01T02:16:06,539.2700000000003,0.119,13.1148,1135.499877257654,687.995643320427
IFE/rhino31.aca,1861,02-16-53,2026-05-01,02:16:53,2026-05-01T02:16:53,539.2700000000003,0.16199999999999998,7.848800000000001,769.3138505505478,548.3138530130636
IFE/rhino31.aca,1862,02-17-39,2026-05-01,02:17:39,2026-05-01T02:17:39,539.2700000000003,0.20500000000000002,5.7872,574.9929825329106,467.23027717619834
IFE/rhino31.aca,1863,02-18-27,2026-05-01,02:18:27,2026-05-01T02:18:27,539.2700000000003,0.248,4.6835,455.0913993146205,414.26439296012404
IFE/rhino31.aca,1864,02-19-14,2026-05-01,02:19:14,2026-05-01T02:19:14,539.2700000000003,0.291,3.9929,374.13234708469065,376.9516566567026
IFE/rhino31.aca,1865,02-20-01,2026-05-01,02:20:01,2026-05-01T02:20:01,540.5500000000003,0.076,56.111000000000004,2114.2467430376373,988.0781349486035
IFE/rhino31.aca,1866,02-20-47,2026-05-01,02:20:47,2026-05-01T02:20:47,540.5500000000003,0.119,13.1148,1138.195076031756,689.6286553987004
IFE/rhino31.aca,1867,02-21-35,2026-05-01,02:21:35,2026-05-01T02:21:35,540.5500000000003,0.16199999999999998,7.848800000000001,771.1398778258205,549.6153193135385
IFE/rhino31.aca,1868,02-22-21,2026-05-01,02:22:21,2026-05-01T02:22:21,540.5500000000003,0.20500000000000002,5.7872,576.3577738575347,468.33928519590245
IFE/rhino31.aca,1869,02-23-09,2026-05-01,02:23:09,2026-05-01T02:23:09,540.5500000000003,0.248,4.6835,456.1715947475262,415.24768226416336
IFE/rhino31.aca,1870,02-23-56,2026-05-01,02:23:56,2026-05-01T02:23:56,540.5500000000003,0.291,3.9929,375.0203798034494,377.8463812297752
IFE/rhino31.aca,1871,02-24-43,2026-05-01,02:24:43,2026-05-01T02:24:43,541.8300000000003,0.076,56.111000000000004,2119.2531917123692,990.4178630269214
IFE/rhino31.aca,1872,02-25-30,2026-05-01,02:25:30,2026-05-01T02:25:30,541.8300000000003,0.119,13.1148,1140.8902748059584,691.261667476974
IFE/rhino31.aca,1873,02-26-17,2026-05-01,02:26:17,2026-05-01T02:26:17,541.8300000000003,0.16199999999999998,7.848800000000001,772.9659051009883,550.9167856140136
IFE/rhino31.aca,1874,02-27-03,2026-05-01,02:27:03,2026-05-01T02:27:03,541.8300000000003,0.20500000000000002,5.7872,577.7225651820802,469.44829321560655
IFE/rhino31.aca,1875,02-27-50,2026-05-01,02:27:50,2026-05-01T02:27:50,541.8300000000003,0.248,4.6835,457.2517901805171,416.2309715682028
IFE/rhino31.aca,1876,02-28-37,2026-05-01,02:28:37,2026-05-01T02:28:37,541.8300000000003,0.291,3.9929,375.9084125222889,378.74110580284787
IFE/rhino31.aca,1877,02-29-25,2026-05-01,02:29:25,2026-05-01T02:29:25,543.1100000000004,0.076,56.111000000000004,2124.259640386961,992.757591105239
IFE/rhino31.aca,1878,02-30-12,2026-05-01,02:30:12,2026-05-01T02:30:12,543.1100000000004,0.119,13.1148,1143.585473579925,692.8946795552476
IFE/rhino31.aca,1879,02-31-00,2026-05-01,02:31:00,2026-05-01T02:31:00,543.1100000000004,0.16199999999999998,7.848800000000001,774.7919323762304,552.2182519144885
IFE/rhino31.aca,1880,02-31-46,2026-05-01,02:31:46,2026-05-01T02:31:46,543.1100000000004,0.20500000000000002,5.7872,579.087356506809,470.55730123531055
IFE/rhino31.aca,1881,02-32-34,2026-05-01,02:32:34,2026-05-01T02:32:34,543.1100000000004,0.248,4.6835,458.3319856135102,417.2142608722419
IFE/rhino31.aca,1882,02-33-21,2026-05-01,02:33:21,2026-05-01T02:33:21,543.1100000000004,0.291,3.9929,376.7964452410444,379.6358303759205
IFE/rhino31.aca,1883,02-34-09,2026-05-01,02:34:09,2026-05-01T02:34:09,544.3900000000003,0.076,56.111000000000004,2129.2660890614306,995.0973191835569
IFE/rhino31.aca,1884,02-34-55,2026-05-01,02:34:55,2026-05-01T02:34:55,544.3900000000003,0.119,13.1148,1146.280672353931,694.527691633517
IFE/rhino31.aca,1885,02-35-42,2026-05-01,02:35:42,2026-05-01T02:35:42,544.3900000000003,0.16199999999999998,7.848800000000001,776.6179596514266,553.5197182149635
IFE/rhino31.aca,1886,02-36-29,2026-05-01,02:36:29,2026-05-01T02:36:29,544.3900000000003,0.20500000000000002,5.7872,580.4521478314506,471.66630925501477
IFE/rhino31.aca,1887,02-37-17,2026-05-01,02:37:17,2026-05-01T02:37:17,544.3900000000003,0.248,4.6835,459.4121810464443,418.1975501762812
IFE/rhino31.aca,1888,02-38-04,2026-05-01,02:38:04,2026-05-01T02:38:04,544.3900000000003,0.291,3.9929,377.68447795983155,380.5305549489932
IFE/rhino31.aca,1889,02-38-52,2026-05-01,02:38:52,2026-05-01T02:38:52,545.6700000000003,0.076,56.111000000000004,2134.2725377366996,997.4370472618748
IFE/rhino31.aca,1890,02-39-40,2026-05-01,02:39:40,2026-05-01T02:39:40,545.6700000000003,0.119,13.1148,1148.9758711281333,696.1607037117907
IFE/rhino31.aca,1891,02-40-27,2026-05-01,02:40:27,2026-05-01T02:40:27,545.6700000000003,0.16199999999999998,7.848800000000001,778.4439869266338,554.8211845154387
IFE/rhino31.aca,1892,02-41-15,2026-05-01,02:41:15,2026-05-01T02:41:15,545.6700000000003,0.20500000000000002,5.7872,581.816939156007,472.775317274719
IFE/rhino31.aca,1893,02-42-01,2026-05-01,02:42:01,2026-05-01T02:42:01,545.6700000000003,0.248,4.6835,460.4923764793108,419.18083948032057
IFE/rhino31.aca,1894,02-42-49,2026-05-01,02:42:49,2026-05-01T02:42:49,545.6700000000003,0.291,3.9929,378.5725106786416,381.42527952206586
IFE/rhino31.aca,1895,02-43-36,2026-05-01,02:43:36,2026-05-01T02:43:36,546.9500000000003,0.076,56.111000000000004,2139.2789864104575,999.7767753401927
IFE/rhino31.aca,1896,02-44-24,2026-05-01,02:44:24,2026-05-01T02:44:24,546.9500000000003,0.119,13.1148,1151.6710699021264,697.793715790064
IFE/rhino31.aca,1897,02-45-11,2026-05-01,02:45:11,2026-05-01T02:45:11,546.9500000000003,0.16199999999999998,7.848800000000001,780.2700142018693,556.1226508159136
IFE/rhino31.aca,1898,02-45-59,2026-05-01,02:45:59,2026-05-01T02:45:59,546.9500000000003,0.20500000000000002,5.7872,583.1817304806639,473.8843252944231
IFE/rhino31.aca,1899,02-46-46,2026-05-01,02:46:46,2026-05-01T02:46:46,546.9500000000003,0.248,4.6835,461.57257191229075,420.1641287843597
IFE/rhino31.aca,1900,02-47-34,2026-05-01,02:47:34,2026-05-01T02:47:34,546.9500000000003,0.291,3.9929,379.4605433974266,382.3200040951385
IFE/rhino31.aca,1901,02-48-22,2026-05-01,02:48:22,2026-05-01T02:48:22,548.2300000000004,0.076,56.111000000000004,2144.2854350849143,1002.1165034185105
IFE/rhino31.aca,1902,02-49-11,2026-05-01,02:49:11,2026-05-01T02:49:11,548.2300000000004,0.119,13.1148,1154.366268676106,699.4267278683376
IFE/rhino31.aca,1903,02-49-58,2026-05-01,02:49:58,2026-05-01T02:49:58,548.2300000000004,0.16199999999999998,7.848800000000001,782.0960414770307,557.4241171163885
IFE/rhino31.aca,1904,02-50-47,2026-05-01,02:50:47,2026-05-01T02:50:47,548.2300000000004,0.20500000000000002,5.7872,584.5465218053578,474.9933333141274
IFE/rhino31.aca,1905,02-51-34,2026-05-01,02:51:34,2026-05-01T02:51:34,548.2300000000004,0.248,4.6835,462.6527673453209,421.1474180883992
IFE/rhino31.aca,1906,02-52-22,2026-05-01,02:52:22,2026-05-01T02:52:22,548.2300000000004,0.291,3.9929,380.3485761162072,383.21472866821125
IFE/rhino31.aca,1907,02-53-10,2026-05-01,02:53:10,2026-05-01T02:53:10,549.5100000000003,0.076,56.111000000000004,2149.2918837598163,1004.4562314968282
IFE/rhino31.aca,1908,02-53-58,2026-05-01,02:53:58,2026-05-01T02:53:58,549.5100000000003,0.119,13.1148,1157.0614674503217,701.059739946611
IFE/rhino31.aca,1909,02-54-44,2026-05-01,02:54:44,2026-05-01T02:54:44,549.5100000000003,0.16199999999999998,7.848800000000001,783.9220687521898,558.7255834168634
IFE/rhino31.aca,1910,02-55-32,2026-05-01,02:55:32,2026-05-01T02:55:32,549.5100000000003,0.20500000000000002,5.7872,585.9113131300998,476.1023413338313
IFE/rhino31.aca,1911,02-56-20,2026-05-01,02:56:20,2026-05-01T02:56:20,549.5100000000003,0.248,4.6835,463.7329627782332,422.13070739243824
IFE/rhino31.aca,1912,02-57-08,2026-05-01,02:57:08,2026-05-01T02:57:08,549.5100000000003,0.291,3.9929,381.2366088351035,384.10945324128363
IFE/rhino31.aca,1913,02-57-55,2026-05-01,02:57:55,2026-05-01T02:57:55,550.7900000000003,0.076,56.111000000000004,2154.298332434692,1006.7959595751458
IFE/rhino31.aca,1914,02-58-43,2026-05-01,02:58:43,2026-05-01T02:58:43,550.7900000000003,0.119,13.1148,1159.7566662243146,702.6927520248846
IFE/rhino31.aca,1915,02-59-32,2026-05-01,02:59:32,2026-05-01T02:59:32,550.7900000000003,0.16199999999999998,7.848800000000001,785.748096027434,560.0270497173383
IFE/rhino31.aca,1916,03-00-20,2026-05-01,03:00:20,2026-05-01T03:00:20,550.7900000000003,0.20500000000000002,5.7872,587.2761044547085,477.2113493535352
IFE/rhino31.aca,1917,03-01-09,2026-05-01,03:01:09,2026-05-01T03:01:09,550.7900000000003,0.248,4.6835,464.8131582109556,423.1139966964774
IFE/rhino31.aca,1918,03-01-58,2026-05-01,03:01:58,2026-05-01T03:01:58,550.7900000000003,0.291,3.9929,382.12464155387204,385.0041778143561
IFE/rhino31.aca,1919,03-02-47,2026-05-01,03:02:47,2026-05-01T03:02:47,552.0700000000003,0.076,56.111000000000004,2159.304781109786,1009.1356876534635
IFE/rhino31.aca,1920,03-03-36,2026-05-01,03:03:36,2026-05-01T03:03:36,552.0700000000003,0.119,13.1148,1162.451864998351,704.3257641031579
IFE/rhino32.aca,1921,03-04-25,2026-05-01,03:04:25,2026-05-01T03:04:25,552.0700000000003,0.16199999999999998,7.848800000000001,787.574123302746,561.3285160178132
IFE/rhino32.aca,1922,03-05-12,2026-05-01,03:05:12,2026-05-01T03:05:12,552.0700000000003,0.20500000000000002,5.7872,588.6408957793653,478.32035737323946
IFE/rhino32.aca,1923,03-06-00,2026-05-01,03:06:00,2026-05-01T03:06:00,552.0700000000003,0.248,4.6835,465.8933536441276,424.09728600051665
IFE/rhino32.aca,1924,03-06-48,2026-05-01,03:06:48,2026-05-01T03:06:48,552.0700000000003,0.291,3.9929,383.01267427265265,385.89890238742873
IFE/rhino32.aca,1925,03-07-36,2026-05-01,03:07:36,2026-05-01T03:07:36,553.3500000000004,0.076,56.111000000000004,2164.311229784046,1011.4754157317818
IFE/rhino32.aca,1926,03-08-24,2026-05-01,03:08:24,2026-05-01T03:08:24,553.3500000000004,0.119,13.1148,1165.1470637723965,705.9587761814316
IFE/rhino32.aca,1927,03-09-16,2026-05-01,03:09:16,2026-05-01T03:09:16,553.3500000000004,0.16199999999999998,7.848800000000001,789.4001505779291,562.6299823182885
IFE/rhino32.aca,1928,03-10-05,2026-05-01,03:10:05,2026-05-01T03:10:05,553.3500000000004,0.20500000000000002,5.7872,590.0056871039785,479.42936539294374
IFE/rhino32.aca,1929,03-10-54,2026-05-01,03:10:54,2026-05-01T03:10:54,553.3500000000004,0.248,4.6835,466.97354907694387,425.0805753045562
IFE/rhino32.aca,1930,03-11-43,2026-05-01,03:11:43,2026-05-01T03:11:43,553.3500000000004,0.291,3.9929,383.9007069914802,386.79362696050157
IFE/rhino32.aca,1931,03-12-31,2026-05-01,03:12:31,2026-05-01T03:12:31,554.6300000000003,0.076,56.111000000000004,2169.3176784585594,1013.8151438100995
IFE/rhino32.aca,1932,03-13-24,2026-05-01,03:13:24,2026-05-01T03:13:24,554.6300000000003,0.119,13.1148,1167.8422625464373,707.5917882597053
IFE/rhino32.aca,1933,03-14-17,2026-05-01,03:14:17,2026-05-01T03:14:17,554.6300000000003,0.16199999999999998,7.848800000000001,791.2261778531647,563.9314486187632
IFE/rhino32.aca,1934,03-15-05,2026-05-01,03:15:05,2026-05-01T03:15:05,554.6300000000003,0.20500000000000002,5.7872,591.3704784286659,480.5383734126476
IFE/rhino32.aca,1935,03-15-53,2026-05-01,03:15:53,2026-05-01T03:15:53,554.6300000000003,0.248,4.6835,468.0537445099195,426.06386460859534
IFE/rhino32.aca,1936,03-16-40,2026-05-01,03:16:40,2026-05-01T03:16:40,554.6300000000003,0.291,3.9929,384.78873971029026,387.688351533574
IFE/rhino32.aca,1937,03-17-28,2026-05-01,03:17:28,2026-05-01T03:17:28,555.9100000000003,0.076,56.111000000000004,2174.324127133614,1016.1548718884176
IFE/rhino32.aca,1938,03-18-17,2026-05-01,03:18:17,2026-05-01T03:18:17,555.9100000000003,0.119,13.1148,1170.53746132043,709.2248003379786
IFE/rhino32.aca,1939,03-19-04,2026-05-01,03:19:04,2026-05-01T03:19:04,555.9100000000003,0.16199999999999998,7.848800000000001,793.0522051283915,565.2329149192383
IFE/rhino32.aca,1940,03-19-52,2026-05-01,03:19:52,2026-05-01T03:19:52,555.9100000000003,0.20500000000000002,5.7872,592.735269753242,481.64738143235195
IFE/rhino32.aca,1941,03-20-40,2026-05-01,03:20:40,2026-05-01T03:20:40,555.9100000000003,0.248,4.6835,469.13393994296496,427.0471539126347
IFE/rhino32.aca,1942,03-21-27,2026-05-01,03:21:27,2026-05-01T03:21:27,555.9100000000003,0.291,3.9929,385.676772429037,388.5830761066469
IFE/rhino32.aca,1943,03-22-14,2026-05-01,03:22:14,2026-05-01T03:22:14,557.1900000000003,0.076,56.111000000000004,2179.3305758079355,1018.494599966735
IFE/rhino32.aca,1944,03-23-01,2026-05-01,03:23:01,2026-05-01T03:23:01,557.1900000000003,0.119,13.1148,1173.2326600947592,710.8578124162523
IFE/rhino32.aca,1945,03-23-49,2026-05-01,03:23:49,2026-05-01T03:23:49,557.1900000000003,0.16199999999999998,7.848800000000001,794.8782324035856,566.5343812197132
IFE/rhino32.aca,1946,03-24-35,2026-05-01,03:24:35,2026-05-01T03:24:35,557.1900000000003,0.20500000000000002,5.7872,594.1000610779141,482.7563894520558
IFE/rhino32.aca,1947,03-25-24,2026-05-01,03:25:24,2026-05-01T03:25:24,557.1900000000003,0.248,4.6835,470.21413537586415,428.0304432166738
IFE/rhino32.aca,1948,03-26-11,2026-05-01,03:26:11,2026-05-01T03:26:11,557.1900000000003,0.291,3.9929,386.5648051478471,389.4778006797194
IFE/rhino32.aca,1949,03-26-59,2026-05-01,03:26:59,2026-05-01T03:26:59,558.4700000000004,0.076,56.111000000000004,2184.3370244826847,1020.8343280450529
IFE/rhino32.aca,1950,03-27-47,2026-05-01,03:27:47,2026-05-01T03:27:47,558.4700000000004,0.119,13.1148,1175.927858868678,712.4908244945259
IFE/rhino32.aca,1951,03-28-35,2026-05-01,03:28:35,2026-05-01T03:28:35,558.4700000000004,0.16199999999999998,7.848800000000001,796.70425967876,567.8358475201883
IFE/rhino32.aca,1952,03-29-23,2026-05-01,03:29:23,2026-05-01T03:29:23,558.4700000000004,0.20500000000000002,5.7872,595.4648524026518,483.86539747176005
IFE/rhino32.aca,1953,03-30-11,2026-05-01,03:30:11,2026-05-01T03:30:11,558.4700000000004,0.248,4.6835,471.2943308087175,429.01373252071323
IFE/rhino32.aca,1954,03-31-00,2026-05-01,03:31:00,2026-05-01T03:31:00,558.4700000000004,0.291,3.9929,387.452837866644,390.372525252792
IFE/rhino32.aca,1955,03-31-48,2026-05-01,03:31:48,2026-05-01T03:31:48,559.7500000000003,0.076,56.111000000000004,2189.343473157346,1023.174056123371
IFE/rhino32.aca,1956,03-32-36,2026-05-01,03:32:36,2026-05-01T03:32:36,559.7500000000003,0.119,13.1148,1178.6230576427843,714.1238365727995
IFE/rhino32.aca,1957,03-33-23,2026-05-01,03:33:23,2026-05-01T03:33:23,559.7500000000003,0.16199999999999998,7.848800000000001,798.5302869540479,569.1373138206634
IFE/rhino32.aca,1958,03-34-11,2026-05-01,03:34:11,2026-05-01T03:34:11,559.7500000000003,0.20500000000000002,5.7872,596.8296437271601,484.9744054914644
IFE/rhino32.aca,1959,03-35-00,2026-05-01,03:35:00,2026-05-01T03:35:00,559.7500000000003,0.248,4.6835,472.37452624166906,429.99702182475266
IFE/rhino32.aca,1960,03-35-49,2026-05-01,03:35:49,2026-05-01T03:35:49,559.7500000000003,0.291,3.9929,388.34087058552393,391.26724982586484
IFE/rhino32.aca,1961,03-36-36,2026-05-01,03:36:36,2026-05-01T03:36:36,561.0300000000003,0.076,56.111000000000004,2194.3499218319644,1025.5137842015465
IFE/rhino32.aca,1962,03-37-25,2026-05-01,03:37:25,2026-05-01T03:37:25,561.0300000000003,0.119,13.1148,1181.3182564166987,715.7568486510727
IFE/rhino32.aca,1963,03-38-12,2026-05-01,03:38:12,2026-05-01T03:38:12,561.0300000000003,0.16199999999999998,7.848800000000001,800.3563142292005,570.4387801211384
IFE/rhino32.aca,1964,03-39-00,2026-05-01,03:39:00,2026-05-01T03:39:00,561.0300000000003,0.20500000000000002,5.7872,598.1944350517667,486.0834135111505
IFE/rhino32.aca,1965,03-39-48,2026-05-01,03:39:48,2026-05-01T03:39:48,561.0300000000003,0.248,4.6835,473.45472167462066,430.98031112879187
IFE/rhino32.aca,1966,03-40-37,2026-05-01,03:40:37,2026-05-01T03:40:37,561.0300000000003,0.291,3.9929,389.2289033042947,392.16197439893733
IFE/rhino32.aca,1967,03-41-24,2026-05-01,03:41:24,2026-05-01T03:41:24,562.3100000000003,0.076,56.111000000000004,2199.3563705067922,1027.8535122798644
IFE/rhino32.aca,1968,03-42-13,2026-05-01,03:42:13,2026-05-01T03:42:13,562.3100000000003,0.119,13.1148,1184.0134551909882,717.3898607293465
IFE/rhino32.aca,1969,03-43-01,2026-05-01,03:43:01,2026-05-01T03:43:01,562.3100000000003,0.16199999999999998,7.848800000000001,802.1823415044535,571.7402464216133
IFE/rhino32.aca,1970,03-43-49,2026-05-01,03:43:49,2026-05-01T03:43:49,562.3100000000003,0.20500000000000002,5.7872,599.5592263765044,487.19242153085474
IFE/rhino32.aca,1971,03-44-37,2026-05-01,03:44:37,2026-05-01T03:44:37,562.3100000000003,0.248,4.6835,474.53491710754827,431.9636004328311
IFE/rhino32.aca,1972,03-45-26,2026-05-01,03:45:26,2026-05-01T03:45:26,562.3100000000003,0.291,3.9929,390.1169360231528,393.05669897201
IFE/rhino32.aca,1973,03-46-14,2026-05-01,03:46:14,2026-05-01T03:46:14,563.5900000000004,0.076,56.111000000000004,2204.3628191815455,1030.1932403581827
IFE/rhino32.aca,1974,03-47-02,2026-05-01,03:47:02,2026-05-01T03:47:02,563.5900000000004,0.119,13.1148,1186.7086539649026,719.0228728076202
IFE/rhino32.aca,1975,03-47-50,2026-05-01,03:47:50,2026-05-01T03:47:50,563.5900000000004,0.16199999999999998,7.848800000000001,804.0083687796432,573.0417127220884
IFE/rhino32.aca,1976,03-48-39,2026-05-01,03:48:39,2026-05-01T03:48:39,563.5900000000004,0.20500000000000002,5.7872,600.92401770117,488.30142955055874
IFE/rhino32.aca,1977,03-49-27,2026-05-01,03:49:27,2026-05-01T03:49:27,563.5900000000004,0.248,4.6835,475.61511254060895,432.9468897368704
IFE/rhino32.aca,1978,03-50-15,2026-05-01,03:50:15,2026-05-01T03:50:15,563.5900000000004,0.291,3.9929,391.00496874190287,393.95142354508266
IFE/rhino32.aca,1979,03-51-03,2026-05-01,03:51:03,2026-05-01T03:51:03,564.8700000000003,0.076,56.111000000000004,2209.369267856177,1032.5329684365001
IFE/rhino32.aca,1980,03-51-52,2026-05-01,03:51:52,2026-05-01T03:51:52,564.8700000000003,0.119,13.1148,1189.4038527390526,720.6558848858938
IFE/rhino32.aca,1981,03-52-42,2026-05-01,03:52:42,2026-05-01T03:52:42,564.8700000000003,0.16199999999999998,7.848800000000001,805.8343960549616,574.3431790225634
IFE/rhino32.aca,1982,03-53-30,2026-05-01,03:53:30,2026-05-01T03:53:30,564.8700000000003,0.20500000000000002,5.7872,602.2888090257395,489.410437570263
IFE/rhino32.aca,1983,03-54-18,2026-05-01,03:54:18,2026-05-01T03:54:18,564.8700000000003,0.248,4.6835,476.69530797347977,433.9301790409098
IFE/rhino32.aca,1984,03-55-07,2026-05-01,03:55:07,2026-05-01T03:55:07,564.8700000000003,0.291,3.9929,391.8930014606802,394.8461481181553
IFE/rhino32.aca,1985,03-55-54,2026-05-01,03:55:54,2026-05-01T03:55:54,566.1500000000003,0.076,56.111000000000004,2214.3757165305988,1034.872696514818
IFE/rhino32.aca,1986,03-56-43,2026-05-01,03:56:43,2026-05-01T03:56:43,566.1500000000003,0.119,13.1148,1192.0990515131766,722.288896964167
IFE/rhino32.aca,1987,03-57-30,2026-05-01,03:57:30,2026-05-01T03:57:30,566.1500000000003,0.16199999999999998,7.848800000000001,807.660423330112,575.6446453230383
IFE/rhino32.aca,1988,03-58-19,2026-05-01,03:58:19,2026-05-01T03:58:19,566.1500000000003,0.20500000000000002,5.7872,603.6536003503963,490.51944558996706
IFE/rhino32.aca,1989,03-59-07,2026-05-01,03:59:07,2026-05-01T03:59:07,566.1500000000003,0.248,4.6835,477.7755034063637,434.913468344949
IFE/rhino32.aca,1990,03-59-55,2026-05-01,03:59:55,2026-05-01T03:59:55,566.1500000000003,0.291,3.9929,392.7810341794728,395.74087269122793
IFE/rhino32.aca,1991,04-00-46,2026-05-01,04:00:46,2026-05-01T04:00:46,567.4300000000003,0.076,56.111000000000004,2219.382165205505,1037.212424593136
IFE/rhino32.aca,1992,04-01-35,2026-05-01,04:01:35,2026-05-01T04:01:35,567.4300000000003,0.119,13.1148,1194.7942502870253,723.9219090424406
IFE/rhino32.aca,1993,04-02-24,2026-05-01,04:02:24,2026-05-01T04:02:24,567.4300000000003,0.16199999999999998,7.848800000000001,809.486450605352,576.9461116235134
IFE/rhino32.aca,1994,04-03-12,2026-05-01,04:03:12,2026-05-01T04:03:12,567.4300000000003,0.20500000000000002,5.7872,605.0183916749986,491.6284536096713
IFE/rhino32.aca,1995,04-04-01,2026-05-01,04:04:01,2026-05-01T04:04:01,567.4300000000003,0.248,4.6835,478.8556988394419,435.8967576489862
IFE/rhino32.aca,1996,04-04-50,2026-05-01,04:04:50,2026-05-01T04:04:50,567.4300000000003,0.291,3.9929,393.66906689822065,396.6355972643005
IFE/rhino32.aca,1997,04-05-37,2026-05-01,04:05:37,2026-05-01T04:05:37,568.7100000000004,0.076,56.111000000000004,2224.388613880123,1039.5521526714538
IFE/rhino32.aca,1998,04-06-26,2026-05-01,04:06:26,2026-05-01T04:06:26,568.7100000000004,0.119,13.1148,1197.4894490610836,725.5549211207144
IFE/rhino32.aca,1999,04-07-14,2026-05-01,04:07:14,2026-05-01T04:07:14,568.7100000000004,0.16199999999999998,7.848800000000001,811.3124778803387,578.2475779239883
IFE/rhino32.aca,2000,04-08-02,2026-05-01,04:08:02,2026-05-01T04:08:02,568.7100000000004,0.20500000000000002,5.7872,606.3831829996925,492.7374616293754
IFE/rhino33.aca,2001,04-08-51,2026-05-01,04:08:51,2026-05-01T04:08:51,568.7100000000004,0.248,4.6835,479.9358942724786,436.8800469530256
IFE/rhino33.aca,2002,04-09-40,2026-05-01,04:09:40,2026-05-01T04:09:40,568.7100000000004,0.291,3.9929,394.5570996170765,397.5303218373733
IFE/rhino33.aca,2003,04-10-28,2026-05-01,04:10:28,2026-05-01T04:10:28,569.9900000000004,0.076,56.111000000000004,2229.395062554977,1041.8918807497712
IFE/rhino33.aca,2004,04-11-17,2026-05-01,04:11:17,2026-05-01T04:11:17,569.9900000000004,0.119,13.1148,1200.184647835164,727.1879331989878
IFE/rhino33.aca,2005,04-12-05,2026-05-01,04:12:05,2026-05-01T04:12:05,569.9900000000004,0.16199999999999998,7.848800000000001,813.1385051556114,579.5490442244632
IFE/rhino33.aca,2006,04-12-54,2026-05-01,04:12:54,2026-05-01T04:12:54,569.9900000000004,0.20500000000000002,5.7872,607.7479743243559,493.8464696490794
IFE/rhino33.aca,2007,04-13-48,2026-05-01,04:13:48,2026-05-01T04:13:48,569.9900000000004,0.248,4.6835,481.0160897052403,437.86333625706465
IFE/rhino33.aca,2008,04-14-37,2026-05-01,04:14:37,2026-05-01T04:14:37,569.9900000000004,0.291,3.9929,395.4451323358659,398.4250464104458
IFE/rhino33.aca,2009,04-15-25,2026-05-01,04:15:25,2026-05-01T04:15:25,571.2700000000003,0.076,56.111000000000004,2234.401511229621,1044.2316088280897
IFE/rhino33.aca,2010,04-16-14,2026-05-01,04:16:14,2026-05-01T04:16:14,571.2700000000003,0.119,13.1148,1202.8798466093751,728.8209452772614
IFE/rhino33.aca,2011,04-17-02,2026-05-01,04:17:02,2026-05-01T04:17:02,571.2700000000003,0.16199999999999998,7.848800000000001,814.9645324308731,580.8505105249385
IFE/rhino33.aca,2012,04-17-50,2026-05-01,04:17:50,2026-05-01T04:17:50,571.2700000000003,0.20500000000000002,5.7872,609.1127656490193,494.9554776687837
IFE/rhino33.aca,2013,04-18-39,2026-05-01,04:18:39,2026-05-01T04:18:39,571.2700000000003,0.248,4.6835,482.0962851381395,438.84662556110413
IFE/rhino33.aca,2014,04-19-28,2026-05-01,04:19:28,2026-05-01T04:19:28,571.2700000000003,0.291,3.9929,396.33316505475887,399.31977098351865
IFE/rhino33.aca,2015,04-20-17,2026-05-01,04:20:17,2026-05-01T04:20:17,572.5500000000003,0.076,56.111000000000004,2239.407959903986,1046.5713369064074
IFE/rhino33.aca,2016,04-21-06,2026-05-01,04:21:06,2026-05-01T04:21:06,572.5500000000003,0.119,13.1148,1205.5750453832807,730.4539573555351
IFE/rhino33.aca,2017,04-21-55,2026-05-01,04:21:55,2026-05-01T04:21:55,572.5500000000003,0.16199999999999998,7.848800000000001,816.7905597061151,582.1519768254133
IFE/rhino33.aca,2018,04-22-43,2026-05-01,04:22:43,2026-05-01T04:22:43,572.5500000000003,0.20500000000000002,5.7872,610.4775569735211,496.0644856884877
IFE/rhino33.aca,2019,04-23-31,2026-05-01,04:23:31,2026-05-01T04:23:31,572.5500000000003,0.248,4.6835,483.1764805712264,439.82991486514334
IFE/rhino33.aca,2020,04-24-20,2026-05-01,04:24:20,2026-05-01T04:24:20,572.5500000000003,0.291,3.9929,397.22119777352634,400.21449555659126
IFE/rhino33.aca,2021,04-25-09,2026-05-01,04:25:09,2026-05-01T04:25:09,573.8300000000004,0.076,56.111000000000004,2244.4144085784646,1048.9110649847253
IFE/rhino33.aca,2022,04-25-57,2026-05-01,04:25:57,2026-05-01T04:25:57,573.8300000000004,0.119,13.1148,1208.2702441574045,732.0869694338086
IFE/rhino33.aca,2023,04-26-46,2026-05-01,04:26:46,2026-05-01T04:26:46,573.8300000000004,0.16199999999999998,7.848800000000001,818.6165869813201,583.4534431258885
IFE/rhino33.aca,2024,04-27-34,2026-05-01,04:27:34,2026-05-01T04:27:34,573.8300000000004,0.20500000000000002,5.7872,611.8423482983569,497.1734937081919
IFE/rhino33.aca,2025,04-28-23,2026-05-01,04:28:23,2026-05-01T04:28:23,573.8300000000004,0.248,4.6835,484.25667600414744,440.81320416918277
IFE/rhino33.aca,2026,04-29-11,2026-05-01,04:29:11,2026-05-01T04:29:11,573.8300000000004,0.291,3.9929,398.10923049236044,401.10922012966387
IFE/rhino33.aca,2027,04-30-00,2026-05-01,04:30:00,2026-05-01T04:30:00,575.1100000000004,0.076,56.111000000000004,2249.4208572535367,1051.250793063043
IFE/rhino33.aca,2028,04-30-48,2026-05-01,04:30:48,2026-05-01T04:30:48,575.1100000000004,0.119,13.1148,1210.9654429313318,733.7199815120821
IFE/rhino33.aca,2029,04-31-37,2026-05-01,04:31:37,2026-05-01T04:31:37,575.1100000000004,0.16199999999999998,7.848800000000001,820.4426142564771,584.7549094263634
IFE/rhino33.aca,2030,04-32-26,2026-05-01,04:32:26,2026-05-01T04:32:26,575.1100000000004,0.20500000000000002,5.7872,613.2071396228566,498.28250172789603
IFE/rhino33.aca,2031,04-33-15,2026-05-01,04:33:15,2026-05-01T04:33:15,575.1100000000004,0.248,4.6835,485.33687143704884,441.796493473222
IFE/rhino33.aca,2032,04-34-04,2026-05-01,04:34:04,2026-05-01T04:34:04,575.1100000000004,0.291,3.9929,398.99726321113667,402.0039447027365
IFE/rhino33.aca,2033,04-34-52,2026-05-01,04:34:52,2026-05-01T04:34:52,576.3900000000003,0.076,56.111000000000004,2254.4273059278758,1053.5905211413608
IFE/rhino33.aca,2034,04-35-41,2026-05-01,04:35:41,2026-05-01T04:35:41,576.3900000000003,0.119,13.1148,1213.6606417055912,735.3529935903557
IFE/rhino33.aca,2035,04-36-30,2026-05-01,04:36:30,2026-05-01T04:36:30,576.3900000000003,0.16199999999999998,7.848800000000001,822.2686415317869,586.0563757268383
IFE/rhino33.aca,2036,04-37-19,2026-05-01,04:37:19,2026-05-01T04:37:19,576.3900000000003,0.20500000000000002,5.7872,614.5719309476269,499.39150974760025
IFE/rhino33.aca,2037,04-38-07,2026-05-01,04:38:07,2026-05-01T04:38:07,576.3900000000003,0.248,4.6835,486.41706686994587,442.7797827772612
IFE/rhino33.aca,2038,04-38-56,2026-05-01,04:38:56,2026-05-01T04:38:56,576.3900000000003,0.291,3.9929,399.8852959298823,402.8986692758091
IFE/rhino33.aca,2039,04-39-45,2026-05-01,04:39:45,2026-05-01T04:39:45,577.6700000000003,0.076,56.111000000000004,2259.4337546027077,1055.9302492196787
IFE/rhino33.aca,2040,04-40-35,2026-05-01,04:40:35,2026-05-01T04:40:35,577.6700000000003,0.119,13.1148,1216.3558404797936,736.9860056686292
IFE/rhino33.aca,2041,04-41-23,2026-05-01,04:41:23,2026-05-01T04:41:23,577.6700000000003,0.16199999999999998,7.848800000000001,824.0946688070726,587.3578420273132
IFE/rhino33.aca,2042,04-42-13,2026-05-01,04:42:13,2026-05-01T04:42:13,577.6700000000003,0.20500000000000002,5.7872,615.9367222721725,500.50051776730425
IFE/rhino33.aca,2043,04-43-02,2026-05-01,04:43:02,2026-05-01T04:43:02,577.6700000000003,0.248,4.6835,487.49726230298694,443.7630720813005
IFE/rhino33.aca,2044,04-43-52,2026-05-01,04:43:52,2026-05-01T04:43:52,577.6700000000003,0.291,3.9929,400.77332864876007,403.7933938488817
IFE/rhino33.aca,2045,04-44-41,2026-05-01,04:44:41,2026-05-01T04:44:41,578.9500000000004,0.076,56.111000000000004,2264.4402032773432,1058.2699772979965
IFE/rhino33.aca,2046,04-45-30,2026-05-01,04:45:30,2026-05-01T04:45:30,578.9500000000004,0.119,13.1148,1219.0510392536423,738.6190177469027
IFE/rhino33.aca,2047,04-46-18,2026-05-01,04:46:18,2026-05-01T04:46:18,578.9500000000004,0.16199999999999998,7.848800000000001,825.9206960822579,588.6593083277884
IFE/rhino33.aca,2048,04-47-08,2026-05-01,04:47:08,2026-05-01T04:47:08,578.9500000000004,0.20500000000000002,5.7872,617.3015135969014,501.60952578700835
IFE/rhino33.aca,2049,04-47-57,2026-05-01,04:47:57,2026-05-01T04:47:57,578.9500000000004,0.248,4.6835,488.5774577359167,444.7463613853398
IFE/rhino33.aca,2050,04-48-46,2026-05-01,04:48:46,2026-05-01T04:48:46,578.9500000000004,0.291,3.9929,401.66136136758433,404.6881184219543
IFE/rhino33.aca,2051,04-49-37,2026-05-01,04:49:37,2026-05-01T04:49:37,580.2300000000004,0.076,56.111000000000004,2269.446651952088,1060.6097053763144
IFE/rhino33.aca,2052,04-50-26,2026-05-01,04:50:26,2026-05-01T04:50:26,580.2300000000004,0.119,13.1148,1221.746238027609,740.2520298251761
IFE/rhino33.aca,2053,04-51-14,2026-05-01,04:51:14,2026-05-01T04:51:14,580.2300000000004,0.16199999999999998,7.848800000000001,827.7467233573822,589.9607746282634
IFE/rhino33.aca,2054,04-52-03,2026-05-01,04:52:03,2026-05-01T04:52:03,580.2300000000004,0.20500000000000002,5.7872,618.6663049214425,502.71853380671257
IFE/rhino33.aca,2055,04-52-51,2026-05-01,04:52:51,2026-05-01T04:52:51,580.2300000000004,0.248,4.6835,489.65765316880714,445.72965068937907
IFE/rhino33.aca,2056,04-53-41,2026-05-01,04:53:41,2026-05-01T04:53:41,580.2300000000004,0.291,3.9929,402.54939408634965,405.582842995027
IFE/rhino33.aca,2057,04-54-29,2026-05-01,04:54:29,2026-05-01T04:54:29,581.5100000000003,0.076,56.111000000000004,2274.4531006264224,1062.9494334546323
IFE/rhino33.aca,2058,04-55-18,2026-05-01,04:55:18,2026-05-01T04:55:18,581.5100000000003,0.119,13.1148,1224.4414368018552,741.8850419034497
IFE/rhino33.aca,2059,04-56-07,2026-05-01,04:56:07,2026-05-01T04:56:07,581.5100000000003,0.16199999999999998,7.848800000000001,829.5727506326199,591.2622409287383
IFE/rhino33.aca,2060,04-56-56,2026-05-01,04:56:56,2026-05-01T04:56:56,581.5100000000003,0.20500000000000002,5.7872,620.0310962462063,503.8275418264167
IFE/rhino33.aca,2061,04-57-46,2026-05-01,04:57:46,2026-05-01T04:57:46,581.5100000000003,0.248,4.6835,490.73784860167797,446.71293999341833
IFE/rhino33.aca,2062,04-58-35,2026-05-01,04:58:35,2026-05-01T04:58:35,581.5100000000003,0.291,3.9929,403.437426805211,406.47756756809963
IFE/rhino33.aca,2063,04-59-24,2026-05-01,04:59:24,2026-05-01T04:59:24,582.7900000000003,0.076,56.111000000000004,2279.4595493012675,1065.2891615329497
IFE/rhino33.aca,2064,05-00-14,2026-05-01,05:00:14,2026-05-01T05:00:14,582.7900000000003,0.119,13.1148,1227.1366355759135,743.518053981721
IFE/rhino33.aca,2065,05-01-03,2026-05-01,05:01:03,2026-05-01T05:01:03,582.7900000000003,0.16199999999999998,7.848800000000001,831.3987779078728,592.5637072292133
IFE/rhino33.aca,2066,05-01-54,2026-05-01,05:01:54,2026-05-01T05:01:54,582.7900000000003,0.20500000000000002,5.7872,621.3958875708347,504.9365498461207
IFE/rhino33.aca,2067,05-02-43,2026-05-01,05:02:43,2026-05-01T05:02:43,582.7900000000003,0.248,4.6835,491.81804403474086,447.6962292974574
IFE/rhino33.aca,2068,05-03-34,2026-05-01,05:03:34,2026-05-01T05:03:34,582.7900000000003,0.291,3.9929,404.325459523937,407.3722921411721
IFE/rhino33.aca,2069,05-04-23,2026-05-01,05:04:23,2026-05-01T05:04:23,584.0700000000004,0.076,56.111000000000004,2284.465997975886,1067.628889611268
IFE/rhino33.aca,2070,05-05-13,2026-05-01,05:05:13,2026-05-01T05:05:13,584.0700000000004,0.119,13.1148,1229.8318343501464,745.1510660599947
IFE/rhino33.aca,2071,05-06-02,2026-05-01,05:06:02,2026-05-01T05:06:02,584.0700000000004,0.16199999999999998,7.848800000000001,833.2248051829905,593.8651735296885
IFE/rhino33.aca,2072,05-06-51,2026-05-01,05:06:51,2026-05-01T05:06:51,584.0700000000004,0.20500000000000002,5.7872,622.7606788954588,506.045557865825
IFE/rhino33.aca,2073,05-07-40,2026-05-01,05:07:40,2026-05-01T05:07:40,584.0700000000004,0.248,4.6835,492.8982394676597,448.6795186014971
IFE/rhino33.aca,2074,05-08-30,2026-05-01,05:08:30,2026-05-01T05:08:30,584.0700000000004,0.291,3.9929,405.21349224269795,408.26701671424496
IFE/rhino33.aca,2075,05-09-19,2026-05-01,05:09:19,2026-05-01T05:09:19,585.3500000000004,0.076,56.111000000000004,2289.472446650622,1069.9686176895857
IFE/rhino33.aca,2076,05-10-09,2026-05-01,05:10:09,2026-05-01T05:10:09,585.3500000000004,0.119,13.1148,1232.527033124004,746.7840781382681
IFE/rhino33.aca,2077,05-10-57,2026-05-01,05:10:57,2026-05-01T05:10:57,585.3500000000004,0.16199999999999998,7.848800000000001,835.0508324582981,595.1666398301634
IFE/rhino33.aca,2078,05-11-47,2026-05-01,05:11:47,2026-05-01T05:11:47,585.3500000000004,0.20500000000000002,5.7872,624.1254702202444,507.154565885529
IFE/rhino33.aca,2079,05-12-36,2026-05-01,05:12:36,2026-05-01T05:12:36,585.3500000000004,0.248,4.6835,493.9784349006157,449.66280790553606
IFE/rhino33.aca,2080,05-13-31,2026-05-01,05:13:31,2026-05-01T05:13:31,585.3500000000004,0.291,3.9929,406.1015249615746,409.1617412873175
IFE/rhino34.aca,2081,05-14-24,2026-05-01,05:14:24,2026-05-01T05:14:24,586.6300000000003,0.076,56.111000000000004,2294.478895325467,1072.3083457679031
IFE/rhino34.aca,2082,05-15-13,2026-05-01,05:15:13,2026-05-01T05:15:13,586.6300000000003,0.119,13.1148,1235.2222318979184,748.4170902165416
IFE/rhino34.aca,2083,05-16-02,2026-05-01,05:16:02,2026-05-01T05:16:02,586.6300000000003,0.16199999999999998,7.848800000000001,836.8768597335904,596.4681061306383
IFE/rhino34.aca,2084,05-16-51,2026-05-01,05:16:51,2026-05-01T05:16:51,586.6300000000003,0.20500000000000002,5.7872,625.4902615448206,508.2635739052331
IFE/rhino34.aca,2085,05-17-40,2026-05-01,05:17:40,2026-05-01T05:17:40,586.6300000000003,0.248,4.6835,495.0586303336022,450.64609720957526
IFE/rhino34.aca,2086,05-18-29,2026-05-01,05:18:29,2026-05-01T05:18:29,586.6300000000003,0.291,3.9929,406.98955768032465,410.05646586039
IFE/rhino34.aca,2087,05-19-19,2026-05-01,05:19:19,2026-05-01T05:19:19,587.9100000000003,0.076,56.111000000000004,2299.4853439998055,1074.6480738462215
IFE/rhino34.aca,2088,05-20-08,2026-05-01,05:20:08,2026-05-01T05:20:08,587.9100000000003,0.119,13.1148,1237.9174306722562,750.0501022948154
IFE/rhino34.aca,2089,05-20-57,2026-05-01,05:20:57,2026-05-01T05:20:57,587.9100000000003,0.16199999999999998,7.848800000000001,838.7028870086448,597.7695724311134
IFE/rhino34.aca,2090,05-21-47,2026-05-01,05:21:47,2026-05-01T05:21:47,587.9100000000003,0.20500000000000002,5.7872,626.8550528695123,509.3725819249374
IFE/rhino34.aca,2091,05-22-36,2026-05-01,05:22:36,2026-05-01T05:22:36,587.9100000000003,0.248,4.6835,496.1388257664097,451.6293865136148
IFE/rhino34.aca,2092,05-23-25,2026-05-01,05:23:25,2026-05-01T05:23:25,587.9100000000003,0.291,3.9929,407.87759039911833,410.9511904334629
IFE/rhino34.aca,2093,05-24-14,2026-05-01,05:24:14,2026-05-01T05:24:14,589.1900000000004,0.076,56.111000000000004,2304.491792674153,1076.9878019245393
IFE/rhino34.aca,2094,05-25-02,2026-05-01,05:25:02,2026-05-01T05:25:02,589.1900000000004,0.119,13.1148,1240.612629446153,751.683114373089
IFE/rhino34.aca,2095,05-25-52,2026-05-01,05:25:52,2026-05-01T05:25:52,589.1900000000004,0.16199999999999998,7.848800000000001,840.5289142839108,599.0710387315883
IFE/rhino34.aca,2096,05-26-42,2026-05-01,05:26:42,2026-05-01T05:26:42,589.1900000000004,0.20500000000000002,5.7872,628.2198441940687,510.48158994464154
IFE/rhino34.aca,2097,05-27-31,2026-05-01,05:27:31,2026-05-01T05:27:31,589.1900000000004,0.248,4.6835,497.21902119943553,452.6126758176541
IFE/rhino34.aca,2098,05-28-21,2026-05-01,05:28:21,2026-05-01T05:28:21,589.1900000000004,0.291,3.9929,408.76562311793384,411.8459150065356
IFE/rhino34.aca,2099,05-29-10,2026-05-01,05:29:10,2026-05-01T05:29:10,590.4700000000004,0.076,56.111000000000004,2309.498241348946,1079.3275300028572
IFE/rhino34.aca,2100,05-30-00,2026-05-01,05:30:00,2026-05-01T05:30:00,590.4700000000004,0.119,13.1148,1243.3078282201022,753.3161264513626
IFE/rhino34.aca,2101,05-30-49,2026-05-01,05:30:49,2026-05-01T05:30:49,590.4700000000004,0.16199999999999998,7.848800000000001,842.3549415589848,600.3725050320633
IFE/rhino34.aca,2102,05-31-39,2026-05-01,05:31:39,2026-05-01T05:31:39,590.4700000000004,0.20500000000000002,5.7872,629.5846355186164,511.59059796434576
IFE/rhino34.aca,2103,05-32-28,2026-05-01,05:32:28,2026-05-01T05:32:28,590.4700000000004,0.248,4.6835,498.29921663223433,453.59596512169355
IFE/rhino34.aca,2104,05-33-17,2026-05-01,05:33:17,2026-05-01T05:33:17,590.4700000000004,0.291,3.9929,409.65365583669484,412.7406395796082
IFE/rhino34.aca,2105,05-34-06,2026-05-01,05:34:06,2026-05-01T05:34:06,591.7500000000003,0.076,56.111000000000004,2314.5046900239263,1081.6672580811746
IFE/rhino34.aca,2106,05-34-56,2026-05-01,05:34:56,2026-05-01T05:34:56,591.7500000000003,0.119,13.1148,1246.0030269942522,754.949138529636
IFE/rhino34.aca,2107,05-35-45,2026-05-01,05:35:45,2026-05-01T05:35:45,591.7500000000003,0.16199999999999998,7.848800000000001,844.1809688342946,601.6739713325383
IFE/rhino34.aca,2108,05-36-35,2026-05-01,05:36:35,2026-05-01T05:36:35,591.7500000000003,0.20500000000000002,5.7872,630.9494268433912,512.6996059839787
IFE/rhino34.aca,2109,05-37-24,2026-05-01,05:37:24,2026-05-01T05:37:24,591.7500000000003,0.248,4.6835,499.37941206530814,454.57925442573264
IFE/rhino34.aca,2110,05-38-13,2026-05-01,05:38:13,2026-05-01T05:38:13,591.7500000000003,0.291,3.9929,410.5416885555125,413.6353641526807
IFE/rhino34.aca,2111,05-39-03,2026-05-01,05:39:03,2026-05-01T05:39:03,593.0300000000003,0.076,56.111000000000004,2319.511138698405,1084.0069861594925
IFE/rhino34.aca,2112,05-39-53,2026-05-01,05:39:53,2026-05-01T05:39:53,593.0300000000003,0.119,13.1148,1248.6982257686163,756.5821506079094
IFE/rhino34.aca,2113,05-40-42,2026-05-01,05:40:42,2026-05-01T05:40:42,593.0300000000003,0.16199999999999998,7.848800000000001,846.0069961094298,602.9754376330133
IFE/rhino34.aca,2114,05-41-31,2026-05-01,05:41:31,2026-05-01T05:41:31,593.0300000000003,0.20500000000000002,5.7872,632.314218168013,513.8086140036828
IFE/rhino34.aca,2115,05-42-21,2026-05-01,05:42:21,2026-05-01T05:42:21,593.0300000000003,0.248,4.6835,500.45960749824224,455.56254372977196
IFE/rhino34.aca,2116,05-43-10,2026-05-01,05:43:10,2026-05-01T05:43:10,593.0300000000003,0.291,3.9929,411.4297212742953,414.53008872575333
IFE/rhino34.aca,2117,05-44-00,2026-05-01,05:44:00,2026-05-01T05:44:00,594.3100000000004,0.076,56.111000000000004,2324.5175873734333,1086.3467142378108
IFE/rhino34.aca,2118,05-44-50,2026-05-01,05:44:50,2026-05-01T05:44:50,594.3100000000004,0.119,13.1148,1251.3934245425698,758.215162686183
IFE/rhino34.aca,2119,05-45-40,2026-05-01,05:45:40,2026-05-01T05:45:40,594.3100000000004,0.16199999999999998,7.848800000000001,847.8330233846675,604.2769039334883
IFE/rhino34.aca,2120,05-46-30,2026-05-01,05:46:30,2026-05-01T05:46:30,594.3100000000004,0.20500000000000002,5.7872,633.6790094925454,514.9176220233869
IFE/rhino34.aca,2121,05-47-19,2026-05-01,05:47:19,2026-05-01T05:47:19,594.3100000000004,0.248,4.6835,501.5398029311676,456.54583303381116
IFE/rhino34.aca,2122,05-48-09,2026-05-01,05:48:09,2026-05-01T05:48:09,594.3100000000004,0.291,3.9929,412.3177539931894,415.42481329882605
IFE/rhino34.aca,2123,05-48-59,2026-05-01,05:48:59,2026-05-01T05:48:59,595.5900000000004,0.076,56.111000000000004,2329.524036048069,1088.6864423161287
IFE/rhino34.aca,2124,05-49-49,2026-05-01,05:49:49,2026-05-01T05:49:49,595.5900000000004,0.119,13.1148,1254.0886233166195,759.8481747644568
IFE/rhino34.aca,2125,05-50-39,2026-05-01,05:50:39,2026-05-01T05:50:39,595.5900000000004,0.16199999999999998,7.848800000000001,849.6590506598222,605.5783702339634
IFE/rhino34.aca,2126,05-51-28,2026-05-01,05:51:28,2026-05-01T05:51:28,595.5900000000004,0.20500000000000002,5.7872,635.0438008172939,516.0266300430912
IFE/rhino34.aca,2127,05-52-17,2026-05-01,05:52:17,2026-05-01T05:52:17,595.5900000000004,0.248,4.6835,502.61999836403413,457.5291223378507
IFE/rhino34.aca,2128,05-53-08,2026-05-01,05:53:08,2026-05-01T05:53:08,595.5900000000004,0.291,3.9929,413.20578671196347,416.3195378718989
IFE/rhino34.aca,2129,05-53-58,2026-05-01,05:53:58,2026-05-01T05:53:58,596.8700000000003,0.076,56.111000000000004,2334.5304847220236,1091.0261703944461
IFE/rhino34.aca,2130,05-54-48,2026-05-01,05:54:48,2026-05-01T05:54:48,596.8700000000003,0.119,13.1148,1256.7838220907215,761.4811868427305
IFE/rhino34.aca,2131,05-55-38,2026-05-01,05:55:38,2026-05-01T05:55:38,596.8700000000003,0.16199999999999998,7.848800000000001,851.4850779351451,606.8798365344383
IFE/rhino34.aca,2132,05-56-28,2026-05-01,05:56:28,2026-05-01T05:56:28,596.8700000000003,0.20500000000000002,5.7872,636.4085921419726,517.1356380627951
IFE/rhino34.aca,2133,05-57-18,2026-05-01,05:57:18,2026-05-01T05:57:18,596.8700000000003,0.248,4.6835,503.70019379707736,458.5124116418898
IFE/rhino34.aca,2134,05-58-07,2026-05-01,05:58:07,2026-05-01T05:58:07,596.8700000000003,0.291,3.9929,414.0938194307637,417.2142624449713
IFE/rhino34.aca,2135,05-58-57,2026-05-01,05:58:57,2026-05-01T05:58:57,598.1500000000003,0.076,56.111000000000004,2339.5369333969647,1093.365898472764
IFE/rhino34.aca,2136,05-59-47,2026-05-01,05:59:47,2026-05-01T05:59:47,598.1500000000003,0.119,13.1148,1259.4790208647275,763.1141989210034
IFE/rhino34.aca,2137,06-00-39,2026-05-01,06:00:39,2026-05-01T06:00:39,598.1500000000003,0.16199999999999998,7.848800000000001,853.3111052103981,608.1813028349131
IFE/rhino34.aca,2138,06-01-30,2026-05-01,06:01:30,2026-05-01T06:01:30,598.1500000000003,0.20500000000000002,5.7872,637.7733834665858,518.2446460824992
IFE/rhino34.aca,2139,06-02-20,2026-05-01,06:02:20,2026-05-01T06:02:20,598.1500000000003,0.248,4.6835,504.7803892300355,459.495700945929
IFE/rhino34.aca,2140,06-03-11,2026-05-01,06:03:11,2026-05-01T06:03:11,598.1500000000003,0.291,3.9929,414.9818521496098,418.1089870180439
IFE/rhino34.aca,2141,06-04-01,2026-05-01,06:04:01,2026-05-01T06:04:01,599.4300000000004,0.076,56.111000000000004,2344.543382071216,1095.7056265510819
IFE/rhino34.aca,2142,06-04-51,2026-05-01,06:04:51,2026-05-01T06:04:51,599.4300000000004,0.119,13.1148,1262.1742196387029,764.7472109992775
IFE/rhino34.aca,2143,06-05-41,2026-05-01,06:05:41,2026-05-01T06:05:41,599.4300000000004,0.16199999999999998,7.848800000000001,855.1371324856489,609.4827691353884
IFE/rhino34.aca,2144,06-06-31,2026-05-01,06:06:31,2026-05-01T06:06:31,599.4300000000004,0.20500000000000002,5.7872,639.1381747912034,519.3536541022036
IFE/rhino34.aca,2145,06-07-20,2026-05-01,06:07:20,2026-05-01T06:07:20,599.4300000000004,0.248,4.6835,505.8605846630024,460.47899024996843
IFE/rhino34.aca,2146,06-08-10,2026-05-01,06:08:10,2026-05-01T06:08:10,599.4300000000004,0.291,3.9929,415.8698848683991,419.0037115911167
IFE/rhino34.aca,2147,06-08-59,2026-05-01,06:08:59,2026-05-01T06:08:59,600.7100000000004,0.076,56.111000000000004,2349.5498307465155,1098.0453546293995
IFE/rhino34.aca,2148,06-09-50,2026-05-01,06:09:50,2026-05-01T06:09:50,600.7100000000004,0.119,13.1148,1264.8694184128617,766.380223077551
IFE/rhino34.aca,2149,06-10-41,2026-05-01,06:10:41,2026-05-01T06:10:41,600.7100000000004,0.16199999999999998,7.848800000000001,856.9631597607906,610.7842354358634
IFE/rhino34.aca,2150,06-11-32,2026-05-01,06:11:32,2026-05-01T06:11:32,600.7100000000004,0.20500000000000002,5.7872,640.5029661158733,520.4626621219077
IFE/rhino34.aca,2151,06-12-24,2026-05-01,06:12:24,2026-05-01T06:12:24,600.7100000000004,0.248,4.6835,506.94078009586667,461.46227955400786
IFE/rhino34.aca,2152,06-13-18,2026-05-01,06:13:18,2026-05-01T06:13:18,600.7100000000004,0.291,3.9929,416.7579175871186,419.8984361641893
IFE/rhino34.aca,2153,06-14-14,2026-05-01,06:14:14,2026-05-01T06:14:14,601.9900000000004,0.076,56.111000000000004,2354.556279421094,1100.385082707717
IFE/rhino34.aca,2154,06-15-02,2026-05-01,06:15:02,2026-05-01T06:15:02,601.9900000000004,0.119,13.1148,1267.5646171870117,768.0132351558244
IFE/rhino34.aca,2155,06-15-52,2026-05-01,06:15:52,2026-05-01T06:15:52,601.9900000000004,0.16199999999999998,7.848800000000001,858.7891870359933,612.0857017363383
IFE/rhino34.aca,2156,06-16-42,2026-05-01,06:16:42,2026-05-01T06:16:42,601.9900000000004,0.20500000000000002,5.7872,641.8677574405498,521.5716701416118
IFE/rhino34.aca,2157,06-17-34,2026-05-01,06:17:34,2026-05-01T06:17:34,601.9900000000004,0.248,4.6835,508.0209755287418,462.44556885804695
IFE/rhino34.aca,2158,06-18-25,2026-05-01,06:18:25,2026-05-01T06:18:25,601.9900000000004,0.291,3.9929,417.6459503060214,420.79316073726204
IFE/rhino34.aca,2159,06-19-16,2026-05-01,06:19:16,2026-05-01T06:19:16,603.2700000000003,0.076,56.111000000000004,2359.5627280956337,1102.724810786035
IFE/rhino34.aca,2160,06-20-06,2026-05-01,06:20:06,2026-05-01T06:20:06,603.2700000000003,0.119,13.1148,1270.259815960843,769.6462472340977
IFE/rhino35.aca,2161,06-20-55,2026-05-01,06:20:55,2026-05-01T06:20:55,603.2700000000003,0.16199999999999998,7.848800000000001,860.6152143112529,613.3871680368133
IFE/rhino35.aca,2162,06-21-50,2026-05-01,06:21:50,2026-05-01T06:21:50,603.2700000000003,0.20500000000000002,5.7872,643.2325487650778,522.6806781613159
IFE/rhino35.aca,2163,06-22-47,2026-05-01,06:22:47,2026-05-01T06:22:47,603.2700000000003,0.248,4.6835,509.10117096170654,463.42885816208627
IFE/rhino35.aca,2164,06-23-37,2026-05-01,06:23:37,2026-05-01T06:23:37,603.2700000000003,0.291,3.9929,418.5339830248282,421.68788531033465
IFE/rhino35.aca,2165,06-24-27,2026-05-01,06:24:27,2026-05-01T06:24:27,604.5500000000004,0.076,56.111000000000004,2364.5691767708936,1105.0645388643532
IFE/rhino35.aca,2166,06-25-17,2026-05-01,06:25:17,2026-05-01T06:25:17,604.5500000000004,0.119,13.1148,1272.955014735063,771.2792593123718
IFE/rhino35.aca,2167,06-26-07,2026-05-01,06:26:07,2026-05-01T06:26:07,604.5500000000004,0.16199999999999998,7.848800000000001,862.4412415865212,614.6886343372885
IFE/rhino35.aca,2168,06-26-57,2026-05-01,06:26:57,2026-05-01T06:26:57,604.5500000000004,0.20500000000000002,5.7872,644.5973400898569,523.7896861810201
IFE/rhino35.aca,2169,06-27-48,2026-05-01,06:27:48,2026-05-01T06:27:48,604.5500000000004,0.248,4.6835,510.1813663947258,464.4121474661257
IFE/rhino35.aca,2170,06-28-37,2026-05-01,06:28:37,2026-05-01T06:28:37,604.5500000000004,0.291,3.9929,419.4220157435062,422.5826098834074
IFE/rhino35.aca,2171,06-29-27,2026-05-01,06:29:27,2026-05-01T06:29:27,605.8300000000004,0.076,56.111000000000004,2369.5756254452585,1107.4042669426708
IFE/rhino35.aca,2172,06-30-17,2026-05-01,06:30:17,2026-05-01T06:30:17,605.8300000000004,0.119,13.1148,1275.6502135092785,772.912271390645
IFE/rhino35.aca,2173,06-31-08,2026-05-01,06:31:08,2026-05-01T06:31:08,605.8300000000004,0.16199999999999998,7.848800000000001,864.2672688616279,615.9901006377632
IFE/rhino35.aca,2174,06-31-58,2026-05-01,06:31:58,2026-05-01T06:31:58,605.8300000000004,0.20500000000000002,5.7872,645.9621314144155,524.8986942007241
IFE/rhino35.aca,2175,06-32-48,2026-05-01,06:32:48,2026-05-01T06:32:48,605.8300000000004,0.248,4.6835,511.26156182769046,465.3954367701648
IFE/rhino35.aca,2176,06-33-38,2026-05-01,06:33:38,2026-05-01T06:33:38,605.8300000000004,0.291,3.9929,420.31004846225625,423.4773344564793
IFE/rhino35.aca,2177,06-34-29,2026-05-01,06:34:29,2026-05-01T06:34:29,607.1100000000004,0.076,56.111000000000004,2374.582074119794,1109.7439950209885
IFE/rhino35.aca,2178,06-35-19,2026-05-01,06:35:19,2026-05-01T06:35:19,607.1100000000004,0.119,13.1148,1278.3454122833718,774.5452834689186
IFE/rhino35.aca,2179,06-36-10,2026-05-01,06:36:10,2026-05-01T06:36:10,607.1100000000004,0.16199999999999998,7.848800000000001,866.0932961369224,617.2915669382384
IFE/rhino35.aca,2180,06-37-00,2026-05-01,06:37:00,2026-05-01T06:37:00,607.1100000000004,0.20500000000000002,5.7872,647.326922739116,526.0077022204282
IFE/rhino35.aca,2181,06-37-50,2026-05-01,06:37:50,2026-05-01T06:37:50,607.1100000000004,0.248,4.6835,512.3417572604958,466.378726074203
IFE/rhino35.aca,2182,06-38-40,2026-05-01,06:38:40,2026-05-01T06:38:40,607.1100000000004,0.291,3.9929,421.19808118112417,424.37205902955196
IFE/rhino35.aca,2183,06-39-30,2026-05-01,06:39:30,2026-05-01T06:39:30,608.3900000000003,0.076,56.111000000000004,2379.588522794438,1112.0837230993066
IFE/rhino35.aca,2184,06-40-20,2026-05-01,06:40:20,2026-05-01T06:40:20,608.3900000000003,0.119,13.1148,1281.0406110575307,776.1782955471922
IFE/rhino35.aca,2185,06-41-10,2026-05-01,06:41:10,2026-05-01T06:41:10,608.3900000000003,0.16199999999999998,7.848800000000001,867.9193234120663,618.5930332387134
IFE/rhino35.aca,2186,06-42-01,2026-05-01,06:42:01,2026-05-01T06:42:01,608.3900000000003,0.20500000000000002,5.7872,648.6917140636833,527.1167102401324
IFE/rhino35.aca,2187,06-42-52,2026-05-01,06:42:52,2026-05-01T06:42:52,608.3900000000003,0.248,4.6835,513.4219526935128,467.3620153782423
IFE/rhino35.aca,2188,06-43-41,2026-05-01,06:43:41,2026-05-01T06:43:41,608.3900000000003,0.291,3.9929,422.08611389999425,425.2667836026247
IFE/rhino35.aca,2189,06-44-32,2026-05-01,06:44:32,2026-05-01T06:44:32,609.6700000000004,0.076,56.111000000000004,2384.5949714692483,1114.4234511776242
IFE/rhino35.aca,2190,06-45-22,2026-05-01,06:45:22,2026-05-01T06:45:22,609.6700000000004,0.119,13.1148,1283.735809831279,777.8113076254658
IFE/rhino35.aca,2191,06-46-13,2026-05-01,06:46:13,2026-05-01T06:46:13,609.6700000000004,0.16199999999999998,7.848800000000001,869.745350687352,619.8944995391882
IFE/rhino35.aca,2192,06-47-03,2026-05-01,06:47:03,2026-05-01T06:47:03,609.6700000000004,0.20500000000000002,5.7872,650.0565053883686,528.2257182598364
IFE/rhino35.aca,2193,06-47-54,2026-05-01,06:47:54,2026-05-01T06:47:54,609.6700000000004,0.248,4.6835,514.502148126543,468.3453046822815
IFE/rhino35.aca,2194,06-48-45,2026-05-01,06:48:45,2026-05-01T06:48:45,609.6700000000004,0.291,3.9929,422.97414661860677,426.16150817569724
IFE/rhino35.aca,2195,06-49-35,2026-05-01,06:49:35,2026-05-01T06:49:35,610.9500000000004,0.076,56.111000000000004,2389.60142014429,1116.7631792559423
IFE/rhino35.aca,2196,06-50-26,2026-05-01,06:50:26,2026-05-01T06:50:26,610.9500000000004,0.119,13.1148,1286.4310086055689,779.4443197037394
IFE/rhino35.aca,2197,06-51-16,2026-05-01,06:51:16,2026-05-01T06:51:16,610.9500000000004,0.16199999999999998,7.848800000000001,871.5713779625461,621.1959658396634
IFE/rhino35.aca,2198,06-52-08,2026-05-01,06:52:08,2026-05-01T06:52:08,610.9500000000004,0.20500000000000002,5.7872,651.421296713045,529.3347262795407
IFE/rhino35.aca,2199,06-52-58,2026-05-01,06:52:58,2026-05-01T06:52:58,610.9500000000004,0.248,4.6835,515.5823435594205,469.32859398632104
IFE/rhino35.aca,2200,06-53-48,2026-05-01,06:53:48,2026-05-01T06:53:48,610.9500000000004,0.291,3.9929,423.8621793376231,427.05623274877007
IFE/rhino35.aca,2201,06-54-38,2026-05-01,06:54:38,2026-05-01T06:54:38,612.2300000000004,0.076,56.111000000000004,2394.6078688191787,1119.10290733426
IFE/rhino35.aca,2202,06-55-29,2026-05-01,06:55:29,2026-05-01T06:55:29,612.2300000000004,0.119,13.1148,1289.126207379387,781.0773317820128
IFE/rhino35.aca,2203,06-56-19,2026-05-01,06:56:19,2026-05-01T06:56:19,612.2300000000004,0.16199999999999998,7.848800000000001,873.3974052377969,622.4974321401384
IFE/rhino35.aca,2204,06-57-10,2026-05-01,06:57:10,2026-05-01T06:57:10,612.2300000000004,0.20500000000000002,5.7872,652.7860880377127,530.4437342992447
IFE/rhino35.aca,2205,06-58-00,2026-05-01,06:58:00,2026-05-01T06:58:00,612.2300000000004,0.248,4.6835,516.6625389923523,470.31188329036013
IFE/rhino35.aca,2206,06-58-50,2026-05-01,06:58:50,2026-05-01T06:58:50,612.2300000000004,0.291,3.9929,424.7502120563819,427.95095732184257
IFE/rhino35.aca,2207,06-59-41,2026-05-01,06:59:41,2026-05-01T06:59:41,613.5100000000003,0.076,56.111000000000004,2399.614317493103,1121.4426354125776
IFE/rhino35.aca,2208,07-00-33,2026-05-01,07:00:33,2026-05-01T07:00:33,613.5100000000003,0.119,13.1148,1291.8214061534236,782.7103438602862
IFE/rhino35.aca,2209,07-01-25,2026-05-01,07:01:25,2026-05-01T07:01:25,613.5100000000003,0.16199999999999998,7.848800000000001,875.2234325131437,623.7988984406131
IFE/rhino35.aca,2210,07-02-17,2026-05-01,07:02:17,2026-05-01T07:02:17,613.5100000000003,0.20500000000000002,5.7872,654.1508793624613,531.5527423189487
IFE/rhino35.aca,2211,07-03-08,2026-05-01,07:03:08,2026-05-01T07:03:08,613.5100000000003,0.248,4.6835,517.742734425173,471.29517259439933
IFE/rhino35.aca,2212,07-04-00,2026-05-01,07:04:00,2026-05-01T07:04:00,613.5100000000003,0.291,3.9929,425.63824477520177,428.8456818949152
IFE/rhino35.aca,2213,07-04-51,2026-05-01,07:04:51,2026-05-01T07:04:51,614.7900000000004,0.076,56.111000000000004,2404.6207661681574,1123.782363490896
IFE/rhino35.aca,2214,07-05-42,2026-05-01,07:05:42,2026-05-01T07:05:42,614.7900000000004,0.119,13.1148,1294.516604927626,784.3433559385601
IFE/rhino35.aca,2215,07-06-32,2026-05-01,07:06:32,2026-05-01T07:06:32,614.7900000000004,0.16199999999999998,7.848800000000001,877.0494597882462,625.1003647410885
IFE/rhino35.aca,2216,07-07-23,2026-05-01,07:07:23,2026-05-01T07:07:23,614.7900000000004,0.20500000000000002,5.7872,655.5156706868714,532.6617503386531
IFE/rhino35.aca,2217,07-08-13,2026-05-01,07:08:13,2026-05-01T07:08:13,614.7900000000004,0.248,4.6835,518.8229298582926,472.2784618984389
IFE/rhino35.aca,2218,07-09-04,2026-05-01,07:09:04,2026-05-01T07:09:04,614.7900000000004,0.291,3.9929,426.5262774940391,429.74040646798795
IFE/rhino35.aca,2219,07-09-53,2026-05-01,07:09:53,2026-05-01T07:09:53,616.0700000000004,0.076,56.111000000000004,2409.627214842077,1126.1220915692136
IFE/rhino35.aca,2220,07-10-44,2026-05-01,07:10:44,2026-05-01T07:10:44,616.0700000000004,0.119,13.1148,1297.2118037015753,785.9763680168335
IFE/rhino35.aca,2221,07-11-34,2026-05-01,07:11:34,2026-05-01T07:11:34,616.0700000000004,0.16199999999999998,7.848800000000001,878.8754870634424,626.4018310415634
IFE/rhino35.aca,2222,07-12-26,2026-05-01,07:12:26,2026-05-01T07:12:26,616.0700000000004,0.20500000000000002,5.7872,656.8804620115894,533.7707583583574
IFE/rhino35.aca,2223,07-13-20,2026-05-01,07:13:20,2026-05-01T07:13:20,616.0700000000004,0.248,4.6835,519.9031252911242,473.2617512024781
IFE/rhino35.aca,2224,07-14-16,2026-05-01,07:14:16,2026-05-01T07:14:16,616.0700000000004,0.291,3.9929,427.41431021276514,430.6351310410605
IFE/rhino35.aca,2225,07-15-06,2026-05-01,07:15:06,2026-05-01T07:15:06,617.3500000000004,0.076,56.111000000000004,2414.633663516739,1128.4618196475315
IFE/rhino35.aca,2226,07-15-57,2026-05-01,07:15:57,2026-05-01T07:15:57,617.3500000000004,0.119,13.1148,1299.9070024755813,787.6093800951071
IFE/rhino35.aca,2227,07-16-47,2026-05-01,07:16:47,2026-05-01T07:16:47,617.3500000000004,0.16199999999999998,7.848800000000001,880.7015143386976,627.7032973420384
IFE/rhino35.aca,2228,07-17-38,2026-05-01,07:17:38,2026-05-01T07:17:38,617.3500000000004,0.20500000000000002,5.7872,658.2452533361436,534.8797663780613
IFE/rhino35.aca,2229,07-18-28,2026-05-01,07:18:28,2026-05-01T07:18:28,617.3500000000004,0.248,4.6835,520.9833207241958,474.2450405065174
IFE/rhino35.aca,2230,07-19-19,2026-05-01,07:19:19,2026-05-01T07:19:19,617.3500000000004,0.291,3.9929,428.30234293158503,431.52985561413317
IFE/rhino35.aca,2231,07-20-10,2026-05-01,07:20:10,2026-05-01T07:20:10,618.6300000000003,0.076,56.111000000000004,2419.640112191401,1130.801547725849
IFE/rhino35.aca,2232,07-21-02,2026-05-01,07:21:02,2026-05-01T07:21:02,618.6300000000003,0.119,13.1148,1302.6022012499366,789.2423921733807
IFE/rhino35.aca,2233,07-21-53,2026-05-01,07:21:53,2026-05-01T07:21:53,618.6300000000003,0.16199999999999998,7.848800000000001,882.5275416137607,629.0047636425132
IFE/rhino35.aca,2234,07-22-44,2026-05-01,07:22:44,2026-05-01T07:22:44,618.6300000000003,0.20500000000000002,5.7872,659.6100446609292,535.9887743977655
IFE/rhino35.aca,2235,07-23-35,2026-05-01,07:23:35,2026-05-01T07:23:35,618.6300000000003,0.248,4.6835,522.0635161570732,475.2283298105565
IFE/rhino35.aca,2236,07-24-26,2026-05-01,07:24:26,2026-05-01T07:24:26,618.6300000000003,0.291,3.9929,429.19037565041583,432.42458018720583
IFE/rhino35.aca,2237,07-25-17,2026-05-01,07:25:17,2026-05-01T07:25:17,619.9100000000004,0.076,56.111000000000004,2424.6465608666213,1133.1412758041672
IFE/rhino35.aca,2238,07-26-07,2026-05-01,07:26:07,2026-05-01T07:26:07,619.9100000000004,0.119,13.1148,1305.297400023947,790.8754042516543
IFE/rhino35.aca,2239,07-26-58,2026-05-01,07:26:58,2026-05-01T07:26:58,619.9100000000004,0.16199999999999998,7.848800000000001,884.3535688890727,630.3062299429884
IFE/rhino35.aca,2240,07-27-49,2026-05-01,07:27:49,2026-05-01T07:27:49,619.9100000000004,0.20500000000000002,5.7872,660.9748359856123,537.0977824174696
IFE/rhino36.aca,2241,07-28-40,2026-05-01,07:28:40,2026-05-01T07:28:40,619.9100000000004,0.248,4.6835,523.1437115899593,476.21161911459603
IFE/rhino36.aca,2242,07-29-31,2026-05-01,07:29:31,2026-05-01T07:29:31,619.9100000000004,0.291,3.9929,430.0784083691615,433.31930476027856
IFE/rhino36.aca,2243,07-30-22,2026-05-01,07:30:22,2026-05-01T07:30:22,621.1900000000004,0.076,56.111000000000004,2429.653009540768,1135.4810038824849
IFE/rhino36.aca,2244,07-31-14,2026-05-01,07:31:14,2026-05-01T07:31:14,621.1900000000004,0.119,13.1148,1307.9925987974027,792.5084163299277
IFE/rhino36.aca,2245,07-32-04,2026-05-01,07:32:04,2026-05-01T07:32:04,621.1900000000004,0.16199999999999998,7.848800000000001,886.1795961642667,631.6076962434632
IFE/rhino36.aca,2246,07-32-54,2026-05-01,07:32:54,2026-05-01T07:32:54,621.1900000000004,0.20500000000000002,5.7872,662.3396273102604,538.2067904371736
IFE/rhino36.aca,2247,07-33-45,2026-05-01,07:33:45,2026-05-01T07:33:45,621.1900000000004,0.248,4.6835,524.2239070229786,477.1949084186351
IFE/rhino36.aca,2248,07-34-36,2026-05-01,07:34:36,2026-05-01T07:34:36,621.1900000000004,0.291,3.9929,430.9664410880512,434.21402933335116
IFE/rhino36.aca,2249,07-35-26,2026-05-01,07:35:26,2026-05-01T07:35:26,622.4700000000004,0.076,56.111000000000004,2434.6594582158577,1137.8207319608027
IFE/rhino36.aca,2250,07-36-17,2026-05-01,07:36:17,2026-05-01T07:36:17,622.4700000000004,0.119,13.1148,1310.6877975722514,794.1414284082011
IFE/rhino36.aca,2251,07-37-08,2026-05-01,07:37:08,2026-05-01T07:37:08,622.4700000000004,0.16199999999999998,7.848800000000001,888.0056234394585,632.9091625439382
IFE/rhino36.aca,2252,07-37-59,2026-05-01,07:37:59,2026-05-01T07:37:59,622.4700000000004,0.20500000000000002,5.7872,663.7044186347885,539.3157984568778
IFE/rhino36.aca,2253,07-38-49,2026-05-01,07:38:49,2026-05-01T07:38:49,622.4700000000004,0.248,4.6835,525.3041024559673,478.1781977226744
IFE/rhino36.aca,2254,07-39-41,2026-05-01,07:39:41,2026-05-01T07:39:41,622.4700000000004,0.291,3.9929,431.8544738068449,435.10875390642366
IFE/rhino36.aca,2255,07-40-31,2026-05-01,07:40:31,2026-05-01T07:40:31,623.7500000000003,0.076,56.111000000000004,2439.6659068909125,1140.1604600391202
IFE/rhino36.aca,2256,07-41-21,2026-05-01,07:41:21,2026-05-01T07:41:21,623.7500000000003,0.119,13.1148,1313.3829963458818,795.774440486475
IFE/rhino36.aca,2257,07-42-12,2026-05-01,07:42:12,2026-05-01T07:42:12,623.7500000000003,0.16199999999999998,7.848800000000001,889.8316507146701,634.2106288444131
IFE/rhino36.aca,2258,07-43-04,2026-05-01,07:43:04,2026-05-01T07:43:04,623.7500000000003,0.20500000000000002,5.7872,665.0692099594671,540.424806476582
IFE/rhino36.aca,2259,07-43-54,2026-05-01,07:43:54,2026-05-01T07:43:54,623.7500000000003,0.248,4.6835,526.3842978888991,479.16148702671387
IFE/rhino36.aca,2260,07-44-45,2026-05-01,07:44:45,2026-05-01T07:44:45,623.7500000000003,0.291,3.9929,432.7425065255753,436.0034784794965
IFE/rhino36.aca,2261,07-45-36,2026-05-01,07:45:36,2026-05-01T07:45:36,625.0300000000004,0.076,56.111000000000004,2444.672355565059,1142.5001881174385
IFE/rhino36.aca,2262,07-46-27,2026-05-01,07:46:27,2026-05-01T07:46:27,625.0300000000004,0.119,13.1148,1316.0781951201104,797.4074525647484
IFE/rhino36.aca,2263,07-47-22,2026-05-01,07:47:22,2026-05-01T07:47:22,625.0300000000004,0.16199999999999998,7.848800000000001,891.6576779898794,635.5120951448885
IFE/rhino36.aca,2264,07-48-20,2026-05-01,07:48:20,2026-05-01T07:48:20,625.0300000000004,0.20500000000000002,5.7872,666.4340012840541,541.533814496286
IFE/rhino36.aca,2265,07-49-17,2026-05-01,07:49:17,2026-05-01T07:49:17,625.0300000000004,0.248,4.6835,527.4644933218311,480.1447763307532
IFE/rhino36.aca,2266,07-50-14,2026-05-01,07:50:14,2026-05-01T07:50:14,625.0300000000004,0.291,3.9929,433.6305392444061,436.8982030525691
IFE/rhino36.aca,2267,07-51-13,2026-05-01,07:51:13,2026-05-01T07:51:13,626.3100000000004,0.076,56.111000000000004,2449.6788042395287,1144.839916195756
IFE/rhino36.aca,2268,07-52-10,2026-05-01,07:52:10,2026-05-01T07:52:10,626.3100000000004,0.119,13.1148,1318.7733938939461,799.0404646430218
IFE/rhino36.aca,2269,07-53-00,2026-05-01,07:53:00,2026-05-01T07:53:00,626.3100000000004,0.16199999999999998,7.848800000000001,893.4837052650976,636.8135614453631
IFE/rhino36.aca,2270,07-53-50,2026-05-01,07:53:50,2026-05-01T07:53:50,626.3100000000004,0.20500000000000002,5.7872,667.798792608855,542.64282251599
IFE/rhino36.aca,2271,07-54-40,2026-05-01,07:54:40,2026-05-01T07:54:40,626.3100000000004,0.248,4.6835,528.5446887547107,481.1280656347923
IFE/rhino36.aca,2272,07-55-31,2026-05-01,07:55:31,2026-05-01T07:55:31,626.3100000000004,0.291,3.9929,434.518571963143,437.7929276256416
IFE/rhino36.aca,2273,07-56-23,2026-05-01,07:56:23,2026-05-01T07:56:23,627.5900000000004,0.076,56.111000000000004,2454.6852529146972,1147.179644274074
IFE/rhino36.aca,2274,07-57-15,2026-05-01,07:57:15,2026-05-01T07:57:15,627.5900000000004,0.119,13.1148,1321.4685926681923,800.6734767212956
IFE/rhino36.aca,2275,07-58-06,2026-05-01,07:58:06,2026-05-01T07:58:06,627.5900000000004,0.16199999999999998,7.848800000000001,895.3097325402938,638.1150277458385
IFE/rhino36.aca,2276,07-58-57,2026-05-01,07:58:57,2026-05-01T07:58:57,627.5900000000004,0.20500000000000002,5.7872,669.1635839333896,543.7518305356944
IFE/rhino36.aca,2277,07-59-48,2026-05-01,07:59:48,2026-05-01T07:59:48,627.5900000000004,0.248,4.6835,529.6248841876622,482.1113549388318
IFE/rhino36.aca,2278,08-00-41,2026-05-01,08:00:41,2026-05-01T08:00:41,627.5900000000004,0.291,3.9929,435.406604681928,438.68765219871443
IFE/rhino36.aca,2279,08-01-34,2026-05-01,08:01:34,2026-05-01T08:01:34,628.8700000000003,0.076,56.111000000000004,2459.6917015889485,1149.5193723523917
IFE/rhino36.aca,2280,08-02-26,2026-05-01,08:02:26,2026-05-01T08:02:26,628.8700000000003,0.119,13.1148,1324.1637914422595,802.306488799569
IFE/rhino36.aca,2281,08-03-18,2026-05-01,08:03:18,2026-05-01T08:03:18,628.8700000000003,0.16199999999999998,7.848800000000001,897.1357598155904,639.4164940463133
IFE/rhino36.aca,2282,08-04-10,2026-05-01,08:04:10,2026-05-01T08:04:10,628.8700000000003,0.20500000000000002,5.7872,670.528375258125,544.8608385553985
IFE/rhino36.aca,2283,08-05-01,2026-05-01,08:05:01,2026-05-01T08:05:01,628.8700000000003,0.248,4.6835,530.7050796205876,483.0946442428708
IFE/rhino36.aca,2284,08-05-52,2026-05-01,08:05:52,2026-05-01T08:05:52,628.8700000000003,0.291,3.9929,436.29463740086794,439.5823767717868
IFE/rhino36.aca,2285,08-06-44,2026-05-01,08:06:44,2026-05-01T08:06:44,630.1500000000004,0.076,56.111000000000004,2464.6981502641866,1151.85910043071
IFE/rhino36.aca,2286,08-07-35,2026-05-01,08:07:35,2026-05-01T08:07:35,630.1500000000004,0.119,13.1148,1326.8589902160734,803.9395008778426
IFE/rhino36.aca,2287,08-08-26,2026-05-01,08:08:26,2026-05-01T08:08:26,630.1500000000004,0.16199999999999998,7.848800000000001,898.9617870907365,640.7179603467883
IFE/rhino36.aca,2288,08-09-18,2026-05-01,08:09:18,2026-05-01T08:09:18,630.1500000000004,0.20500000000000002,5.7872,671.8931665828125,545.9698465750986
IFE/rhino36.aca,2289,08-10-10,2026-05-01,08:10:10,2026-05-01T08:10:10,630.1500000000004,0.248,4.6835,531.7852750536265,484.07793354691034
IFE/rhino36.aca,2290,08-11-00,2026-05-01,08:11:00,2026-05-01T08:11:00,630.1500000000004,0.291,3.9929,437.1826701195481,440.47710134485976
IFE/rhino36.aca,2291,08-11-51,2026-05-01,08:11:51,2026-05-01T08:11:51,631.4300000000004,0.076,56.111000000000004,2469.7045989382373,1154.1988285090274
IFE/rhino36.aca,2292,08-12-43,2026-05-01,08:12:43,2026-05-01T08:12:43,631.4300000000004,0.119,13.1148,1329.5541889903193,805.5725129561163
IFE/rhino36.aca,2293,08-13-41,2026-05-01,08:13:41,2026-05-01T08:13:41,631.4300000000004,0.16199999999999998,7.848800000000001,900.7878143660331,642.0194266472633
IFE/rhino36.aca,2294,08-14-34,2026-05-01,08:14:34,2026-05-01T08:14:34,631.4300000000004,0.20500000000000002,5.7872,673.2579579074147,547.0788545948027
IFE/rhino36.aca,2295,08-15-25,2026-05-01,08:15:25,2026-05-01T08:15:25,631.4300000000004,0.248,4.6835,532.8654704864733,485.06122285094955
IFE/rhino36.aca,2296,08-16-16,2026-05-01,08:16:16,2026-05-01T08:16:16,631.4300000000004,0.291,3.9929,438.07070283833525,441.37182591793226
IFE/rhino36.aca,2297,08-17-07,2026-05-01,08:17:07,2026-05-01T08:17:07,632.7100000000004,0.076,56.111000000000004,2474.7110476125235,1156.5385565873432
IFE/rhino36.aca,2298,08-17-59,2026-05-01,08:17:59,2026-05-01T08:17:59,632.7100000000004,0.119,13.1148,1332.2493877644695,807.2055250343897
IFE/rhino36.aca,2299,08-18-50,2026-05-01,08:18:50,2026-05-01T08:18:50,632.7100000000004,0.16199999999999998,7.848800000000001,902.6138416412163,643.3208929477382
IFE/rhino36.aca,2300,08-19-42,2026-05-01,08:19:42,2026-05-01T08:19:42,632.7100000000004,0.20500000000000002,5.7872,674.6227492320934,548.1878626145069
IFE/rhino36.aca,2301,08-20-33,2026-05-01,08:20:33,2026-05-01T08:20:33,632.7100000000004,0.248,4.6835,533.9456659194315,486.04451215498887
IFE/rhino36.aca,2302,08-21-25,2026-05-01,08:21:25,2026-05-01T08:21:25,632.7100000000004,0.291,3.9929,438.958735557332,442.26655049100503
IFE/rhino36.aca,2303,08-22-17,2026-05-01,08:22:17,2026-05-01T08:22:17,633.9900000000004,0.076,56.111000000000004,2479.717496287849,1158.8782846656609
IFE/rhino36.aca,2304,08-23-07,2026-05-01,08:23:07,2026-05-01T08:23:07,633.9900000000004,0.119,13.1148,1334.9445865383095,808.8385371126631
IFE/rhino36.aca,2305,08-23-58,2026-05-01,08:23:58,2026-05-01T08:23:58,633.9900000000004,0.16199999999999998,7.848800000000001,904.439868916323,644.622359248213
IFE/rhino36.aca,2306,08-24-50,2026-05-01,08:24:50,2026-05-01T08:24:50,633.9900000000004,0.20500000000000002,5.7872,675.9875405566978,549.2968706342108
IFE/rhino36.aca,2307,08-25-41,2026-05-01,08:25:41,2026-05-01T08:25:41,633.9900000000004,0.248,4.6835,535.0258613523263,487.02780145902796
IFE/rhino36.aca,2308,08-26-33,2026-05-01,08:26:33,2026-05-01T08:26:33,633.9900000000004,0.291,3.9929,439.8467682760362,443.1612750640775
IFE/rhino36.aca,2309,08-27-24,2026-05-01,08:27:24,2026-05-01T08:27:24,635.2700000000004,0.076,56.111000000000004,2484.7239449628337,1161.2180127439788
IFE/rhino36.aca,2310,08-28-16,2026-05-01,08:28:16,2026-05-01T08:28:16,635.2700000000004,0.119,13.1148,1337.6397853124552,810.4715491909369
IFE/rhino36.aca,2311,08-29-08,2026-05-01,08:29:08,2026-05-01T08:29:08,635.2700000000004,0.16199999999999998,7.848800000000001,906.2658961916416,645.9238255486885
IFE/rhino36.aca,2312,08-29-59,2026-05-01,08:29:59,2026-05-01T08:29:59,635.2700000000004,0.20500000000000002,5.7872,677.3523318813525,550.4058786539151
IFE/rhino36.aca,2313,08-30-51,2026-05-01,08:30:51,2026-05-01T08:30:51,635.2700000000004,0.248,4.6835,536.1060567853347,488.0110907630675
IFE/rhino36.aca,2314,08-31-42,2026-05-01,08:31:42,2026-05-01T08:31:42,635.2700000000004,0.291,3.9929,440.73480099468145,444.0559996371503
IFE/rhino36.aca,2315,08-32-34,2026-05-01,08:32:34,2026-05-01T08:32:34,636.5500000000004,0.076,56.111000000000004,2489.7303936373296,1163.5577408222966
IFE/rhino36.aca,2316,08-33-26,2026-05-01,08:33:26,2026-05-01T08:33:26,636.5500000000004,0.119,13.1148,1340.3349840866663,812.1045612692105
IFE/rhino36.aca,2317,08-34-21,2026-05-01,08:34:21,2026-05-01T08:34:21,636.5500000000004,0.16199999999999998,7.848800000000001,908.091923466936,647.2252918491633
IFE/rhino36.aca,2318,08-35-21,2026-05-01,08:35:21,2026-05-01T08:35:21,636.5500000000004,0.20500000000000002,5.7872,678.7171232059482,551.5148866736192
IFE/rhino36.aca,2319,08-36-19,2026-05-01,08:36:19,2026-05-01T08:36:19,636.5500000000004,0.248,4.6835,537.1862522182862,488.9943800671067
IFE/rhino36.aca,2320,08-37-16,2026-05-01,08:37:16,2026-05-01T08:37:16,636.5500000000004,0.291,3.9929,441.6228337135602,444.95072421022303
IFE/rhino37.aca,2321,08-38-14,2026-05-01,08:38:14,2026-05-01T08:38:14,637.8300000000004,0.076,56.111000000000004,2494.7368423111534,1165.8974689006145
IFE/rhino37.aca,2322,08-39-28,2026-05-01,08:39:28,2026-05-01T08:39:28,637.8300000000004,0.119,13.1148,1343.0301828606594,813.737573347484
IFE/rhino37.aca,2323,08-40-35,2026-05-01,08:40:35,2026-05-01T08:40:35,637.8300000000004,0.16199999999999998,7.848800000000001,909.9179507421322,648.526758149638
IFE/rhino37.aca,2324,08-41-29,2026-05-01,08:41:29,2026-05-01T08:41:29,637.8300000000004,0.20500000000000002,5.7872,680.0819145306225,552.6238946933232
IFE/rhino37.aca,2325,08-42-19,2026-05-01,08:42:19,2026-05-01T08:42:19,637.8300000000004,0.248,4.6835,538.2664476512269,489.9776693711459
IFE/rhino37.aca,2326,08-43-09,2026-05-01,08:43:09,2026-05-01T08:43:09,637.8300000000004,0.291,3.9929,442.5108664323845,445.8454487832955
IFE/rhino37.aca,2327,08-44-00,2026-05-01,08:44:00,2026-05-01T08:44:00,639.1100000000004,0.076,56.111000000000004,2499.743290986924,1168.237196978932
IFE/rhino37.aca,2328,08-44-50,2026-05-01,08:44:50,2026-05-01T08:44:50,639.1100000000004,0.119,13.1148,1345.7253816347481,815.3705854257576
IFE/rhino37.aca,2329,08-45-43,2026-05-01,08:45:43,2026-05-01T08:45:43,639.1100000000004,0.16199999999999998,7.848800000000001,911.7439780172302,649.8282244501131
IFE/rhino37.aca,2330,08-46-34,2026-05-01,08:46:34,2026-05-01T08:46:34,639.1100000000004,0.20500000000000002,5.7872,681.4467058552488,553.7329027130274
IFE/rhino37.aca,2331,08-47-25,2026-05-01,08:47:25,2026-05-01T08:47:25,639.1100000000004,0.248,4.6835,539.3466430841196,490.96095867518534
IFE/rhino37.aca,2332,08-48-16,2026-05-01,08:48:16,2026-05-01T08:48:16,639.1100000000004,0.291,3.9929,443.39889915118255,446.74017335636825
IFE/rhino37.aca,2333,08-49-08,2026-05-01,08:49:08,2026-05-01T08:49:08,640.3900000000004,0.076,56.111000000000004,2504.7497396606864,1170.5769250572503
IFE/rhino37.aca,2334,08-49-59,2026-05-01,08:49:59,2026-05-01T08:49:59,640.3900000000004,0.119,13.1148,1348.4205804088938,817.0035975040312
IFE/rhino37.aca,2335,08-50-50,2026-05-01,08:50:50,2026-05-01T08:50:50,640.3900000000004,0.16199999999999998,7.848800000000001,913.5700052923588,651.1296907505882
IFE/rhino37.aca,2336,08-51-41,2026-05-01,08:51:41,2026-05-01T08:51:41,640.3900000000004,0.20500000000000002,5.7872,682.8114971799253,554.8419107327318
IFE/rhino37.aca,2337,08-52-33,2026-05-01,08:52:33,2026-05-01T08:52:33,640.3900000000004,0.248,4.6835,540.426838517082,491.94424797922477
IFE/rhino37.aca,2338,08-53-24,2026-05-01,08:53:24,2026-05-01T08:53:24,640.3900000000004,0.291,3.9929,444.28693187001335,447.63489792944097
IFE/rhino37.aca,2339,08-54-16,2026-05-01,08:54:16,2026-05-01T08:54:16,641.6700000000004,0.076,56.111000000000004,2509.756188335933,1172.9166531355681
IFE/rhino37.aca,2340,08-55-07,2026-05-01,08:55:07,2026-05-01T08:55:07,641.6700000000004,0.119,13.1148,1351.1157791829523,818.6366095823046
IFE/rhino37.aca,2341,08-55-58,2026-05-01,08:55:58,2026-05-01T08:55:58,641.6700000000004,0.16199999999999998,7.848800000000001,915.396032567555,652.4311570510631
IFE/rhino37.aca,2342,08-56-49,2026-05-01,08:56:49,2026-05-01T08:56:49,641.6700000000004,0.20500000000000002,5.7872,684.1762885045079,555.9509187524357
IFE/rhino37.aca,2343,08-57-40,2026-05-01,08:57:40,2026-05-01T08:57:40,641.6700000000004,0.248,4.6835,541.5070339500359,492.9275372832639
IFE/rhino37.aca,2344,08-58-36,2026-05-01,08:58:36,2026-05-01T08:58:36,641.6700000000004,0.291,3.9929,445.1749645889293,448.5296225025136
IFE/rhino37.aca,2345,08-59-33,2026-05-01,08:59:33,2026-05-01T08:59:33,642.9500000000004,0.076,56.111000000000004,2514.7626370097482,1175.256381213886
IFE/rhino37.aca,2346,09-00-30,2026-05-01,09:00:30,2026-05-01T09:00:30,642.9500000000004,0.119,13.1148,1353.810977956884,820.2696216605782
IFE/rhino37.aca,2347,09-01-27,2026-05-01,09:01:27,2026-05-01T09:01:27,642.9500000000004,0.16199999999999998,7.848800000000001,917.2220598429303,653.7326233515379
IFE/rhino37.aca,2348,09-02-26,2026-05-01,09:02:26,2026-05-01T09:02:26,642.9500000000004,0.20500000000000002,5.7872,685.5410798292585,557.0599267721398
IFE/rhino37.aca,2349,09-03-24,2026-05-01,09:03:24,2026-05-01T09:03:24,642.9500000000004,0.248,4.6835,542.5872293829874,493.91082658730306
IFE/rhino37.aca,2350,09-04-18,2026-05-01,09:04:18,2026-05-01T09:04:18,642.9500000000004,0.291,3.9929,446.062997307544,449.42434707558607
IFE/rhino37.aca,2351,09-05-09,2026-05-01,09:05:09,2026-05-01T09:05:09,644.2300000000004,0.076,56.111000000000004,2519.7690856843665,1177.5961092922034
IFE/rhino37.aca,2352,09-05-59,2026-05-01,09:05:59,2026-05-01T09:05:59,644.2300000000004,0.119,13.1148,1356.5061767307852,821.9026337388516
IFE/rhino37.aca,2353,09-06-50,2026-05-01,09:06:50,2026-05-01T09:06:50,644.2300000000004,0.16199999999999998,7.848800000000001,919.0480871181419,655.0340896520129
IFE/rhino37.aca,2354,09-07-40,2026-05-01,09:07:40,2026-05-01T09:07:40,644.2300000000004,0.20500000000000002,5.7872,686.905871153959,558.168934791844
IFE/rhino37.aca,2355,09-08-31,2026-05-01,09:08:31,2026-05-01T09:08:31,644.2300000000004,0.248,4.6835,543.6674248159412,494.8941158913424
IFE/rhino37.aca,2356,09-09-22,2026-05-01,09:09:22,2026-05-01T09:09:22,644.2300000000004,0.291,3.9929,446.95103002640315,450.3190716486588
IFE/rhino37.aca,2357,09-10-13,2026-05-01,09:10:13,2026-05-01T09:10:13,645.5100000000004,0.076,56.111000000000004,2524.775534359491,1179.9358373705213
IFE/rhino37.aca,2358,09-11-04,2026-05-01,09:11:04,2026-05-01T09:11:04,645.5100000000004,0.119,13.1148,1359.2013755050925,823.5356458171254
IFE/rhino37.aca,2359,09-11-56,2026-05-01,09:11:56,2026-05-01T09:11:56,645.5100000000004,0.16199999999999998,7.848800000000001,920.8741143933075,656.3355559524878
IFE/rhino37.aca,2360,09-12-48,2026-05-01,09:12:48,2026-05-01T09:12:48,645.5100000000004,0.20500000000000002,5.7872,688.2706624785285,559.277942811548
IFE/rhino37.aca,2361,09-13-49,2026-05-01,09:13:49,2026-05-01T09:13:49,645.5100000000004,0.248,4.6835,544.7476202488208,495.87740519538164
IFE/rhino37.aca,2362,09-14-41,2026-05-01,09:14:41,2026-05-01T09:14:41,645.5100000000004,0.291,3.9929,447.83906274526237,451.2137962217314
IFE/rhino37.aca,2363,09-15-31,2026-05-01,09:15:31,2026-05-01T09:15:31,646.7900000000004,0.076,56.111000000000004,2529.781983034799,1182.2755654488392
IFE/rhino37.aca,2364,09-16-23,2026-05-01,09:16:23,2026-05-01T09:16:23,646.7900000000004,0.119,13.1148,1361.8965742790547,825.1686578953986
IFE/rhino37.aca,2365,09-17-14,2026-05-01,09:17:14,2026-05-01T09:17:14,646.7900000000004,0.16199999999999998,7.848800000000001,922.700141668327,657.6370222529631
IFE/rhino37.aca,2366,09-18-06,2026-05-01,09:18:06,2026-05-01T09:18:06,646.7900000000004,0.20500000000000002,5.7872,689.6354538031221,560.3869508312522
IFE/rhino37.aca,2367,09-18-57,2026-05-01,09:18:57,2026-05-01T09:18:57,646.7900000000004,0.248,4.6835,545.8278156817571,496.860694499421
IFE/rhino37.aca,2368,09-19-48,2026-05-01,09:19:48,2026-05-01T09:19:48,646.7900000000004,0.291,3.9929,448.7270954640975,452.108520794804
IFE/rhino37.aca,2369,09-20-40,2026-05-01,09:20:40,2026-05-01T09:20:40,648.0700000000004,0.076,56.111000000000004,2534.788431709129,1184.615293527157
IFE/rhino37.aca,2370,09-21-32,2026-05-01,09:21:32,2026-05-01T09:21:32,648.0700000000004,0.119,13.1148,1364.5917730532528,826.8016699736722
IFE/rhino37.aca,2371,09-22-23,2026-05-01,09:22:23,2026-05-01T09:22:23,648.0700000000004,0.16199999999999998,7.848800000000001,924.5261689437044,658.938488553438
IFE/rhino37.aca,2372,09-23-15,2026-05-01,09:23:15,2026-05-01T09:23:15,648.0700000000004,0.20500000000000002,5.7872,691.0002451278094,561.4959588509562
IFE/rhino37.aca,2373,09-24-06,2026-05-01,09:24:06,2026-05-01T09:24:06,648.0700000000004,0.248,4.6835,546.9080111147872,497.8439838034602
IFE/rhino37.aca,2374,09-24-58,2026-05-01,09:24:58,2026-05-01T09:24:58,648.0700000000004,0.291,3.9929,449.6151281828061,453.00324536787673
IFE/rhino4.aca,2455,16-33-39,2026-04-29,16:33:39,2026-04-29T16:33:39,56.71,0.291,3.9929,39.34401209630014,39.64049260853341
IFE/rhino4.aca,2456,16-34-10,2026-04-29,16:34:10,2026-04-29T16:34:10,57.99,0.076,56.111000000000004,226.8155926903146,106.00064942312665
IFE/rhino4.aca,2457,16-34-41,2026-04-29,16:34:41,2026-04-29T16:34:41,57.99,0.119,13.1148,122.10513820937895,73.98310188987561
IFE/rhino4.aca,2458,16-35-13,2026-04-29,16:35:13,2026-04-29T16:35:13,57.99,0.16199999999999998,7.848800000000001,82.72759507005375,58.96252403477703
IFE/rhino4.aca,2459,16-35-45,2026-04-29,16:35:45,2026-04-29T16:35:45,57.99,0.20500000000000002,5.7872,61.83144446581555,50.2432617676682
IFE/rhino4.aca,2460,16-36-18,2026-04-29,16:36:18,2026-04-29T16:36:18,57.99,0.248,4.6835,48.937916528370714,44.547614641571286
IFE/rhino4.aca,2461,16-36-50,2026-04-29,16:36:50,2026-04-29T16:36:50,57.99,0.291,3.9929,40.2320448150997,40.53521718160604
IFE/rhino4.aca,2462,16-37-22,2026-04-29,16:37:22,2026-04-29T16:37:22,59.27,0.076,56.111000000000004,231.82204136495676,108.34037750144347
IFE/rhino4.aca,2463,16-37-53,2026-04-29,16:37:53,2026-04-29T16:37:53,59.27,0.119,13.1148,124.80033698346242,75.61611396814914
IFE/rhino4.aca,2464,16-38-26,2026-04-29,16:38:26,2026-04-29T16:38:26,59.27,0.16199999999999998,7.848800000000001,84.55362234524755,60.26399033525204
IFE/rhino4.aca,2465,16-38-58,2026-04-29,16:38:58,2026-04-29T16:38:58,59.27,0.20500000000000002,5.7872,63.196235790466105,51.35226978737207
IFE/rhino4.aca,2466,16-39-30,2026-04-29,16:39:30,2026-04-29T16:39:30,59.27,0.248,4.6835,50.018111961321345,45.530903945610575
IFE/rhino4.aca,2467,16-40-03,2026-04-29,16:40:03,2026-04-29T16:40:03,59.27,0.291,3.9929,41.12007753390608,41.429941754678694
IFE/rhino4.aca,2468,16-40-39,2026-04-29,16:40:39,2026-04-29T16:40:39,60.550000000000004,0.076,56.111000000000004,236.82849003960217,110.68010557976132
IFE/rhino4.aca,2469,16-41-17,2026-04-29,16:41:17,2026-04-29T16:41:17,60.550000000000004,0.119,0.0,127.49553575750579,77.2491260464227
IFE/rhino4.aca,2470,16-41-53,2026-04-29,16:41:53,2026-04-29T16:41:53,60.550000000000004,0.16199999999999998,7.848800000000001,86.3796496204869,61.565456635727045
IFE/rhino4.aca,2471,16-42-29,2026-04-29,16:42:29,2026-04-29T16:42:29,60.550000000000004,0.20500000000000002,5.7872,64.5610271151063,52.46127780707622
IFE/rhino4.aca,2472,16-43-04,2026-04-29,16:43:04,2026-04-29T16:43:04,60.550000000000004,0.248,4.6835,51.098307394259294,46.51419324964987
IFE/rhino4.aca,2473,16-43-40,2026-04-29,16:43:40,2026-04-29T16:43:40,60.550000000000004,0.291,3.9929,42.008110252701684,42.324666327751345
IFE/rhino4.aca,2474,16-44-15,2026-04-29,16:44:15,2026-04-29T16:44:15,61.830000000000005,0.076,56.111000000000004,241.83493871423724,113.0198336580703
IFE/rhino4.aca,2475,16-44-49,2026-04-29,16:44:49,2026-04-29T16:44:49,61.830000000000005,0.119,13.1148,130.19073453156088,78.88213812468737
IFE/rhino4.aca,2476,16-45-25,2026-04-29,16:45:25,2026-04-29T16:45:25,61.830000000000005,0.16199999999999998,7.848800000000001,88.20567689569789,62.86692293619316
IFE/rhino4.aca,2477,16-45-59,2026-04-29,16:45:59,2026-04-29T16:45:59,61.830000000000005,0.20500000000000002,5.7872,65.92581843975931,53.57028582677145
IFE/rhino4.aca,2478,16-46-33,2026-04-29,16:46:33,2026-04-29T16:46:33,61.830000000000005,0.248,4.6835,52.178502827191096,47.497482553680264
IFE/rhino4.aca,2479,16-47-07,2026-04-29,16:47:07,2026-04-29T16:47:07,61.830000000000005,0.291,3.9929,42.896142971510656,43.21939090081512
IFE/rhino4.aca,2480,16-47-41,2026-04-29,16:47:41,2026-04-29T16:47:41,63.11000000000001,0.076,56.111000000000004,246.84138738897218,115.35956173638812
IFE/rhino4.aca,2481,16-48-12,2026-04-29,16:48:12,2026-04-29T16:48:12,63.11000000000001,0.119,13.1148,132.88593330564763,80.5151502029608
IFE/rhino4.aca,2482,16-48-44,2026-04-29,16:48:44,2026-04-29T16:48:44,63.11000000000001,0.16199999999999998,7.848800000000001,90.03170417090806,64.16838923665878
IFE/rhino4.aca,2483,16-49-16,2026-04-29,16:49:16,2026-04-29T16:49:16,63.11000000000001,0.20500000000000002,5.7872,67.29060976439268,54.67929384647546
IFE/rhino4.aca,2484,16-49-48,2026-04-29,16:49:48,2026-04-29T16:49:48,63.11000000000001,0.248,4.6835,53.2586982601375,48.480771857719546
IFE/rhino4.aca,2485,16-50-20,2026-04-29,16:50:20,2026-04-29T16:50:20,63.11000000000001,0.291,3.9929,43.78417569030503,44.11411547388777
IFE/rhino4.aca,2486,16-50-52,2026-04-29,16:50:52,2026-04-29T16:50:52,64.39000000000001,0.076,56.111000000000004,251.84783606359468,117.69928981470599
IFE/rhino4.aca,2487,16-51-25,2026-04-29,16:51:25,2026-04-29T16:51:25,64.39000000000001,0.119,13.1148,135.58113207972892,82.14816228123435
IFE/rhino4.aca,2488,16-51-56,2026-04-29,16:51:56,2026-04-29T16:51:56,64.39000000000001,0.16199999999999998,7.848800000000001,91.85773144612531,65.46985553713378
IFE/rhino4.aca,2489,16-52-26,2026-04-29,16:52:26,2026-04-29T16:52:26,64.39000000000001,0.20500000000000002,5.7872,68.65540108904243,55.78830186617958
IFE/rhino4.aca,2490,16-52-58,2026-04-29,16:52:58,2026-04-29T16:52:58,64.39000000000001,0.248,4.6835,54.33889369307135,49.464061161758835
IFE/rhino4.aca,2491,16-53-30,2026-04-29,16:53:30,2026-04-29T16:53:30,64.39000000000001,0.291,3.9929,44.67220840910663,45.008840046960415
IFE/rhino4.aca,2492,16-54-02,2026-04-29,16:54:02,2026-04-29T16:54:02,65.67000000000002,0.076,56.111000000000004,256.85428473826687,120.03901789302381
IFE/rhino4.aca,2493,16-54-35,2026-04-29,16:54:35,2026-04-29T16:54:35,65.67000000000002,0.119,13.1148,138.27633085374526,83.78117435950787
IFE/rhino4.aca,2494,16-55-07,2026-04-29,16:55:07,2026-04-29T16:55:07,65.67000000000002,0.16199999999999998,7.848800000000001,93.68375872133493,66.77132183760878
IFE/rhino4.aca,2495,16-55-39,2026-04-29,16:55:39,2026-04-29T16:55:39,65.67000000000002,0.20500000000000002,5.7872,70.02019241369926,56.8973098858837
IFE/rhino4.aca,2496,16-56-12,2026-04-29,16:56:12,2026-04-29T16:56:12,65.67000000000002,0.248,4.6835,55.41908912602921,50.44735046579806
IFE/rhino4.aca,2497,16-56-45,2026-04-29,16:56:45,2026-04-29T16:56:45,65.67000000000002,0.291,3.9929,45.56024112791165,45.903564620033066
IFE/rhino4.aca,2498,16-57-16,2026-04-29,16:57:16,2026-04-29T16:57:16,66.95000000000002,0.076,56.111000000000004,261.8607334128872,122.37874597134169
IFE/rhino4.aca,2499,16-57-48,2026-04-29,16:57:48,2026-04-29T16:57:48,66.95000000000002,0.119,13.1148,140.97152962784403,85.41418643778145
IFE/rhino4.aca,2500,16-58-19,2026-04-29,16:58:19,2026-04-29T16:58:19,66.95000000000002,0.16199999999999998,7.848800000000001,95.50978599654782,68.07278813808378
IFE/rhino4.aca,2501,16-58-50,2026-04-29,16:58:50,2026-04-29T16:58:50,66.95000000000002,0.20500000000000002,5.7872,71.38498373833673,58.00631790558785
IFE/rhino4.aca,2502,16-59-22,2026-04-29,16:59:22,2026-04-29T16:59:22,66.95000000000002,0.248,4.6835,56.49928455897316,51.43063976983735
IFE/rhino4.aca,2503,16-59-53,2026-04-29,16:59:53,2026-04-29T16:59:53,66.95000000000002,0.291,3.9929,46.44827384672171,46.79828919310571
IFE/rhino4.aca,2504,17-00-27,2026-04-29,17:00:27,2026-04-29T17:00:27,68.23000000000002,0.076,56.111000000000004,266.8671820875708,124.7184740496595
IFE/rhino4.aca,2505,17-01-00,2026-04-29,17:01:00,2026-04-29T17:01:00,68.23000000000002,0.119,13.1148,143.66672840191768,87.0471985160545
IFE/rhino4.aca,2506,17-01-33,2026-04-29,17:01:33,2026-04-29T17:01:33,68.23000000000002,0.16199999999999998,7.848800000000001,97.33581327175553,69.37425443855876
IFE/rhino4.aca,2507,17-02-05,2026-04-29,17:02:05,2026-04-29T17:02:05,68.23000000000002,0.20500000000000002,5.7872,72.74977506299547,59.115325925291955
IFE/rhino4.aca,2508,17-02-37,2026-04-29,17:02:37,2026-04-29T17:02:37,68.23000000000002,0.248,4.6835,57.579479991909736,52.41392907387662
IFE/rhino4.aca,2509,17-03-10,2026-04-29,17:03:10,2026-04-29T17:03:10,68.23000000000002,0.291,3.9929,47.33630656551895,47.69301376617835
IFE/rhino4.aca,2510,17-03-43,2026-04-29,17:03:43,2026-04-29T17:03:43,69.51000000000002,0.076,56.111000000000004,271.873630762285,127.05820212797732
IFE/rhino4.aca,2511,17-04-16,2026-04-29,17:04:16,2026-04-29T17:04:16,69.51000000000002,0.119,13.1148,146.3619271760077,88.68021059432803
IFE/rhino4.aca,2512,17-04-50,2026-04-29,17:04:50,2026-04-29T17:04:50,69.51000000000002,0.16199999999999998,7.848800000000001,99.16184054699461,70.67572073903378
IFE/rhino4.aca,2513,17-05-23,2026-04-29,17:05:23,2026-04-29T17:05:23,69.51000000000002,0.20500000000000002,5.7872,74.11456638762611,60.22433394499608
IFE/rhino4.aca,2514,17-05-54,2026-04-29,17:05:54,2026-04-29T17:05:54,69.51000000000002,0.248,4.6835,58.659675424861874,53.397218377915905
IFE/rhino4.aca,2515,17-06-26,2026-04-29,17:06:26,2026-04-29T17:06:26,69.51000000000002,0.291,3.9929,48.22433928431879,48.58773833925099
IFE/rhino4.aca,2516,17-06-59,2026-04-29,17:06:59,2026-04-29T17:06:59,70.79000000000002,0.076,56.111000000000004,276.88007943690263,129.39793020627744
IFE/rhino4.aca,2517,17-07-32,2026-04-29,17:07:32,2026-04-29T17:07:32,70.79000000000002,0.119,13.1148,149.05712595002024,90.3132226726016
IFE/rhino4.aca,2518,17-08-08,2026-04-29,17:08:08,2026-04-29T17:08:08,70.79000000000002,0.16199999999999998,7.848800000000001,100.9878678221955,71.97718703950876
IFE/rhino4.aca,2519,17-08-43,2026-04-29,17:08:43,2026-04-29T17:08:43,70.79000000000002,0.20500000000000002,5.7872,75.47935771226958,61.33334196469798
IFE/rhino4.aca,2520,17-09-19,2026-04-29,17:09:19,2026-04-29T17:09:19,70.79000000000002,0.248,4.6835,59.739870857804455,54.3805076819552
IFE/rhino4.aca,2521,17-09-54,2026-04-29,17:09:54,2026-04-29T17:09:54,70.79000000000002,0.291,3.9929,49.11237200312489,49.48246291232363
IFE/rhino4.aca,2522,17-10-28,2026-04-29,17:10:28,2026-04-29T17:10:28,72.07000000000002,0.076,56.111000000000004,281.88652811156663,131.73765828459528
IFE/rhino4.aca,2523,17-11-01,2026-04-29,17:11:01,2026-04-29T17:11:01,72.07000000000002,0.119,13.1148,151.75232472411136,91.9462347508751
IFE/rhino4.aca,2524,17-11-34,2026-04-29,17:11:34,2026-04-29T17:11:34,72.07000000000002,0.16199999999999998,7.848800000000001,102.81389509740757,73.27865333998376
IFE/rhino4.aca,2525,17-12-08,2026-04-29,17:12:08,2026-04-29T17:12:08,72.07000000000002,0.20500000000000002,5.7872,76.8441490369316,62.44234998440211
IFE/rhino4.aca,2526,17-12-40,2026-04-29,17:12:40,2026-04-29T17:12:40,72.07000000000002,0.248,4.6835,60.82006629074649,55.36379698599421
IFE/rhino4.aca,2527,17-13-16,2026-04-29,17:13:16,2026-04-29T17:13:16,72.07000000000002,0.291,3.9929,50.000404721918585,50.37718748539626
IFE/rhino4.aca,2528,17-13-52,2026-04-29,17:13:52,2026-04-29T17:13:52,73.35000000000002,0.076,56.111000000000004,286.8929767862197,134.0773863629131
IFE/rhino4.aca,2529,17-14-27,2026-04-29,17:14:27,2026-04-29T17:14:27,73.35000000000002,0.119,13.1148,154.44752349812933,93.57924682914842
IFE/rhino4.aca,2530,17-14-58,2026-04-29,17:14:58,2026-04-29T17:14:58,73.35000000000002,0.16199999999999998,7.848800000000001,104.63992237262946,74.58011964045875
IFE/rhino4.aca,2531,17-15-30,2026-04-29,17:15:30,2026-04-29T17:15:30,73.35000000000002,0.20500000000000002,5.7872,78.20894036156442,63.551358004106255
IFE/rhino4.aca,2532,17-16-03,2026-04-29,17:16:03,2026-04-29T17:16:03,73.35000000000002,0.248,4.6835,61.9002617236727,56.34708629003353
IFE/rhino4.aca,2533,17-16-36,2026-04-29,17:16:36,2026-04-29T17:16:36,73.35000000000002,0.291,3.9929,50.88843744071473,51.271912058468914
IFE/rhino4.aca,2534,17-17-10,2026-04-29,17:17:10,2026-04-29T17:17:10,74.63000000000002,0.076,56.111000000000004,291.89942546086024,136.41711444123098
IFE/rhino5.aca,2535,17-17-43,2026-04-29,17:17:43,2026-04-29T17:17:43,74.63000000000002,0.119,13.1148,157.14272227224666,95.21225890742195
IFE/rhino5.aca,2536,17-18-15,2026-04-29,17:18:15,2026-04-29T17:18:15,74.63000000000002,0.16199999999999998,7.848800000000001,106.46594964782817,75.88158594093375
IFE/rhino5.aca,2537,17-18-49,2026-04-29,17:18:49,2026-04-29T17:18:49,74.63000000000002,0.20500000000000002,5.7872,79.57373168622044,64.66036602380149
IFE/rhino5.aca,2538,17-19-21,2026-04-29,17:19:21,2026-04-29T17:19:21,74.63000000000002,0.248,4.6835,62.980457156613646,57.330375594072805
IFE/rhino5.aca,2539,17-19-54,2026-04-29,17:19:54,2026-04-29T17:19:54,74.63000000000002,0.291,3.9929,51.776470159516336,52.166636631541564
IFE/rhino5.aca,2540,17-20-27,2026-04-29,17:20:27,2026-04-29T17:20:27,75.91000000000003,0.076,56.111000000000004,296.9058741355499,138.75684251954874
IFE/rhino5.aca,2541,17-20-59,2026-04-29,17:20:59,2026-04-29T17:20:59,75.91000000000003,0.119,13.1148,159.837921046269,96.84527098569552
IFE/rhino5.aca,2542,17-21-32,2026-04-29,17:21:32,2026-04-29T17:21:32,75.91000000000003,0.16199999999999998,7.848800000000001,108.29197692304624,77.18305224140877
IFE/rhino5.aca,2543,17-22-04,2026-04-29,17:22:04,2026-04-29T17:22:04,75.91000000000003,0.20500000000000002,5.7872,80.93852301085136,65.76937404350564
IFE/rhino5.aca,2544,17-22-36,2026-04-29,17:22:36,2026-04-29T17:22:36,75.91000000000003,0.248,4.6835,64.06065258956797,58.313664898111966
IFE/rhino5.aca,2545,17-23-10,2026-04-29,17:23:10,2026-04-29T17:23:10,75.91000000000003,0.291,3.9929,52.664502878333224,53.06136120461416
IFE/rhino5.aca,2546,17-23-43,2026-04-29,17:23:43,2026-04-29T17:23:43,77.19000000000003,0.076,56.111000000000004,301.9123228102035,141.09657059786653
IFE/rhino5.aca,2547,17-24-17,2026-04-29,17:24:17,2026-04-29T17:24:17,77.19000000000003,0.119,13.1148,162.53311982035794,98.47828306396903
IFE/rhino5.aca,2548,17-24-50,2026-04-29,17:24:50,2026-04-29T17:24:50,77.19000000000003,0.16199999999999998,7.848800000000001,110.11800419827004,78.48451854188372
IFE/rhino5.aca,2549,17-25-24,2026-04-29,17:25:24,2026-04-29T17:25:24,77.19000000000003,0.20500000000000002,5.7872,82.30331433549891,66.87838206320976
IFE/rhino5.aca,2550,17-25-56,2026-04-29,17:25:56,2026-04-29T17:25:56,77.19000000000003,0.248,4.6835,65.14084802251382,59.29695420215124
IFE/rhino5.aca,2551,17-26-29,2026-04-29,17:26:29,2026-04-29T17:26:29,77.19000000000003,0.291,3.9929,53.55253559711982,53.95608577768676
IFE/rhino5.aca,2552,17-27-02,2026-04-29,17:27:02,2026-04-29T17:27:02,78.47000000000003,0.076,56.111000000000004,306.91877148476925,143.43629867618438
IFE/rhino5.aca,2553,17-27-35,2026-04-29,17:27:35,2026-04-29T17:27:35,78.47000000000003,0.119,13.1148,165.22831859441195,100.11129514224262
IFE/rhino5.aca,2554,17-28-07,2026-04-29,17:28:07,2026-04-29T17:28:07,78.47000000000003,0.16199999999999998,7.848800000000001,111.9440314734633,79.78598484235874
IFE/rhino5.aca,2555,17-28-41,2026-04-29,17:28:41,2026-04-29T17:28:41,78.47000000000003,0.20500000000000002,5.7872,83.66810566016174,67.98739008291389
IFE/rhino5.aca,2556,17-29-14,2026-04-29,17:29:14,2026-04-29T17:29:14,78.47000000000003,0.248,4.6835,66.22104345545122,60.28024350619053
IFE/rhino5.aca,2557,17-29-49,2026-04-29,17:29:49,2026-04-29T17:29:49,78.47000000000003,0.291,3.9929,54.44056831593343,54.85081035075943
IFE/rhino5.aca,2558,17-30-22,2026-04-29,17:30:22,2026-04-29T17:30:22,79.75000000000003,0.076,56.111000000000004,311.925220159574,145.77602675450203
IFE/rhino5.aca,2559,17-30-55,2026-04-29,17:30:55,2026-04-29T17:30:55,79.75000000000003,0.119,13.1148,167.9235173684834,101.74430722051619
IFE/rhino5.aca,2560,17-31-30,2026-04-29,17:31:30,2026-04-29T17:31:30,79.75000000000003,0.16199999999999998,7.848800000000001,113.770058748683,81.08745114283371
IFE/rhino5.aca,2561,17-32-03,2026-04-29,17:32:03,2026-04-29T17:32:03,79.75000000000003,0.20500000000000002,5.7872,85.0328969848033,69.09639810261751
IFE/rhino5.aca,2562,17-32-37,2026-04-29,17:32:37,2026-04-29T17:32:37,79.75000000000003,0.248,4.6835,67.30123888838371,61.26353281022982
IFE/rhino5.aca,2563,17-33-11,2026-04-29,17:33:11,2026-04-29T17:33:11,79.75000000000003,0.291,3.9929,55.32860103472085,55.745534923832096
IFE/rhino5.aca,2564,17-33-44,2026-04-29,17:33:44,2026-04-29T17:33:44,81.03000000000003,0.076,56.111000000000004,316.93166883416814,148.1157548328198
IFE/rhino5.aca,2565,17-34-18,2026-04-29,17:34:18,2026-04-29T17:34:18,81.03000000000003,0.119,13.1148,170.61871614255816,103.3773192987897
IFE/rhino5.aca,2566,17-34-53,2026-04-29,17:34:53,2026-04-29T17:34:53,81.03000000000003,0.16199999999999998,7.848800000000001,115.59608602389399,82.3889174433087
IFE/rhino5.aca,2567,17-35-28,2026-04-29,17:35:28,2026-04-29T17:35:28,81.03000000000003,0.20500000000000002,5.7872,86.39768830944622,70.20540612232165
IFE/rhino5.aca,2568,17-36-02,2026-04-29,17:36:02,2026-04-29T17:36:02,81.03000000000003,0.248,4.6835,68.38143432133066,62.24682211426911
IFE/rhino5.aca,2569,17-36-37,2026-04-29,17:36:37,2026-04-29T17:36:37,81.03000000000003,0.291,3.9929,56.21663375353937,56.64025949690473
IFE/rhino5.aca,2570,17-37-11,2026-04-29,17:37:11,2026-04-29T17:37:11,82.31000000000003,0.076,56.111000000000004,321.93811750880707,150.45548291113764
IFE/rhino5.aca,2571,17-37-45,2026-04-29,17:37:45,2026-04-29T17:37:45,82.31000000000003,0.119,13.1148,173.31391491659087,105.01033137705886
IFE/rhino5.aca,2572,17-38-19,2026-04-29,17:38:19,2026-04-29T17:38:19,82.31000000000003,0.16199999999999998,7.848800000000001,117.42211329915244,83.69038374378368
IFE/rhino5.aca,2573,17-38-52,2026-04-29,17:38:52,2026-04-29T17:38:52,82.31000000000003,0.20500000000000002,5.7872,87.76247963410142,71.31441414202575
IFE/rhino5.aca,2574,17-39-25,2026-04-29,17:39:25,2026-04-29T17:39:25,82.31000000000003,0.248,4.6835,69.46162975427924,63.23011141830838
IFE/rhino5.aca,2575,17-39-59,2026-04-29,17:39:59,2026-04-29T17:39:59,82.31000000000003,0.291,3.9929,57.10466647234862,57.534984069977355
IFE/rhino5.aca,2576,17-40-33,2026-04-29,17:40:33,2026-04-29T17:40:33,83.59000000000003,0.076,56.111000000000004,326.94456618352234,152.79521098945554
IFE/rhino5.aca,2577,17-41-07,2026-04-29,17:41:07,2026-04-29T17:41:07,83.59000000000003,0.119,13.1148,176.0091136906989,106.6433434553324
IFE/rhino5.aca,2578,17-41-41,2026-04-29,17:41:41,2026-04-29T17:41:41,83.59000000000003,0.16199999999999998,7.848800000000001,119.24814057433123,84.9918500442587
IFE/rhino5.aca,2579,17-42-15,2026-04-29,17:42:15,2026-04-29T17:42:15,83.59000000000003,0.20500000000000002,5.7872,89.12727095873643,72.42342216172992
IFE/rhino5.aca,2580,17-42-50,2026-04-29,17:42:50,2026-04-29T17:42:50,83.59000000000003,0.248,4.6835,70.54182518723192,64.2134007223388
IFE/rhino5.aca,2581,17-43-25,2026-04-29,17:43:25,2026-04-29T17:43:25,83.59000000000003,0.291,3.9929,57.992699191139856,58.42970864304978
IFE/rhino5.aca,2582,17-43-59,2026-04-29,17:43:59,2026-04-29T17:43:59,84.87000000000003,0.076,56.111000000000004,331.95101485816997,155.1349390677733
IFE/rhino5.aca,2583,17-44-33,2026-04-29,17:44:33,2026-04-29T17:44:33,84.87000000000003,0.119,13.1148,178.70431246469016,108.27635553360591
IFE/rhino5.aca,2584,17-45-06,2026-04-29,17:45:06,2026-04-29T17:45:06,84.87000000000003,0.16199999999999998,7.848800000000001,121.07416784954712,86.29331634473354
IFE/rhino5.aca,2585,17-45-39,2026-04-29,17:45:39,2026-04-29T17:45:39,84.87000000000003,0.20500000000000002,5.7872,90.49206228337553,73.532430181434
IFE/rhino5.aca,2586,17-46-13,2026-04-29,17:46:13,2026-04-29T17:46:13,84.87000000000003,0.248,4.6835,71.62202062016112,65.19669002637588
IFE/rhino5.aca,2587,17-46-48,2026-04-29,17:46:48,2026-04-29T17:46:48,84.87000000000003,0.291,3.9929,58.8807319099551,59.32443321612239
IFE/rhino5.aca,2588,17-47-22,2026-04-29,17:47:22,2026-04-29T17:47:22,86.15000000000003,0.076,56.111000000000004,336.95746353285574,157.47466714609118
IFE/rhino5.aca,2589,17-47-55,2026-04-29,17:47:55,2026-04-29T17:47:55,86.15000000000003,0.119,13.1148,181.3995112388031,109.90936761187947
IFE/rhino5.aca,2590,17-48-29,2026-04-29,17:48:29,2026-04-29T17:48:29,86.15000000000003,0.16199999999999998,7.848800000000001,122.9001951247341,87.59478264520855
IFE/rhino5.aca,2591,17-49-01,2026-04-29,17:49:01,2026-04-29T17:49:01,86.15000000000003,0.20500000000000002,5.7872,91.85685360804055,74.64143820113816
IFE/rhino5.aca,2592,17-49-37,2026-04-29,17:49:37,2026-04-29T17:49:37,86.15000000000003,0.248,4.6835,72.70221605310863,66.17997933041516
IFE/rhino5.aca,2593,17-50-09,2026-04-29,17:50:09,2026-04-29T17:50:09,86.15000000000003,0.291,3.9929,59.768764628743064,60.21915778919505
IFE/rhino5.aca,2594,17-50-44,2026-04-29,17:50:44,2026-04-29T17:50:44,87.43000000000004,0.076,56.111000000000004,341.96391220750445,159.81439522440797
IFE/rhino5.aca,2595,17-51-17,2026-04-29,17:51:17,2026-04-29T17:51:17,87.43000000000004,0.119,13.1148,184.09471001287346,111.54237969015304
IFE/rhino5.aca,2596,17-51-51,2026-04-29,17:51:51,2026-04-29T17:51:51,87.43000000000004,0.16199999999999998,7.848800000000001,124.72622239997945,88.89624894568355
IFE/rhino5.aca,2597,17-52-24,2026-04-29,17:52:24,2026-04-29T17:52:24,87.43000000000004,0.20500000000000002,5.7872,93.22164493267664,75.75044622084228
IFE/rhino5.aca,2598,17-52-57,2026-04-29,17:52:57,2026-04-29T17:52:57,87.43000000000004,0.248,4.6835,73.78241148605503,67.16326863445444
IFE/rhino5.aca,2599,17-53-30,2026-04-29,17:53:30,2026-04-29T17:53:30,87.43000000000004,0.291,3.9929,60.656797347550125,61.11388236226769
IFE/rhino5.aca,2600,17-54-04,2026-04-29,17:54:04,2026-04-29T17:54:04,88.71000000000004,0.076,56.111000000000004,346.9703608821052,162.15412330272585
IFE/rhino5.aca,2601,17-54-37,2026-04-29,17:54:37,2026-04-29T17:54:37,88.71000000000004,0.119,13.1148,186.78990878692693,113.17539176842664
IFE/rhino5.aca,2602,17-55-10,2026-04-29,17:55:10,2026-04-29T17:55:10,88.71000000000004,0.16199999999999998,7.848800000000001,126.5522496751626,90.19771524615857
IFE/rhino5.aca,2603,17-55-42,2026-04-29,17:55:42,2026-04-29T17:55:42,88.71000000000004,0.20500000000000002,5.7872,94.58643625733949,76.85945424054643
IFE/rhino5.aca,2604,17-56-15,2026-04-29,17:56:15,2026-04-29T17:56:15,88.71000000000004,0.248,4.6835,74.8626069189946,68.14655793849376
IFE/rhino5.aca,2605,17-56-49,2026-04-29,17:56:49,2026-04-29T17:56:49,88.71000000000004,0.291,3.9929,61.54483006634382,62.00860693534035
IFE/rhino5.aca,2606,17-57-23,2026-04-29,17:57:23,2026-04-29T17:57:23,89.99000000000004,0.076,56.111000000000004,351.97680955690123,164.49385138104373
IFE/rhino5.aca,2607,17-57-56,2026-04-29,17:57:56,2026-04-29T17:57:56,89.99000000000004,0.119,13.1148,189.48510756100114,114.80840384670014
IFE/rhino5.aca,2608,17-58-29,2026-04-29,17:58:29,2026-04-29T17:58:29,89.99000000000004,0.16199999999999998,7.848800000000001,128.37827695038504,91.49918154663357
IFE/rhino5.aca,2609,17-59-03,2026-04-29,17:59:03,2026-04-29T17:59:03,89.99000000000004,0.20500000000000002,5.7872,95.95122758198485,77.96846226025053
IFE/rhino5.aca,2610,17-59-35,2026-04-29,17:59:35,2026-04-29T17:59:35,89.99000000000004,0.248,4.6835,75.94280235191836,69.12984724253302
IFE/rhino5.aca,2611,18-00-09,2026-04-29,18:00:09,2026-04-29T18:00:09,89.99000000000004,0.291,3.9929,62.43286278515389,62.903331508412855
IFE/rhino5.aca,2612,18-00-43,2026-04-29,18:00:43,2026-04-29T18:00:43,91.27000000000004,0.076,56.111000000000004,356.98325823150844,166.8335794593615
IFE/rhino5.aca,2613,18-01-17,2026-04-29,18:01:17,2026-04-29T18:01:17,91.27000000000004,0.119,13.1148,192.18030633509716,116.44141592497374
IFE/rhino5.aca,2614,18-01-51,2026-04-29,18:01:51,2026-04-29T18:01:51,91.27000000000004,0.16199999999999998,7.848800000000001,130.20430422560366,92.80064784710859
IFE/rhino6.aca,2615,18-02-25,2026-04-29,18:02:25,2026-04-29T18:02:25,91.27000000000004,0.20500000000000002,5.7872,97.31601890661496,79.07747027995471
IFE/rhino6.aca,2616,18-03-00,2026-04-29,18:03:00,2026-04-29T18:03:00,91.27000000000004,0.248,4.6835,77.02299778487895,70.11313654657233
IFE/rhino6.aca,2617,18-03-35,2026-04-29,18:03:35,2026-04-29T18:03:35,91.27000000000004,0.291,3.9929,63.32089550395385,63.798056081485534
IFE/rhino6.aca,2618,18-04-09,2026-04-29,18:04:09,2026-04-29T18:04:09,92.55000000000004,0.076,56.111000000000004,361.98970690618114,169.17330753767936
IFE/rhino6.aca,2619,18-04-44,2026-04-29,18:04:44,2026-04-29T18:04:44,92.55000000000004,0.119,13.1148,194.87550510912934,118.07442800324627
IFE/rhino6.aca,2620,18-05-19,2026-04-29,18:05:19,2026-04-29T18:05:19,92.55000000000004,0.16199999999999998,7.848800000000001,132.03033150082993,94.10211414758353
IFE/rhino6.aca,2621,18-05-53,2026-04-29,18:05:53,2026-04-29T18:05:53,92.55000000000004,0.20500000000000002,5.7872,98.6808102312688,80.18647829965882
IFE/rhino6.aca,2622,18-06-27,2026-04-29,18:06:27,2026-04-29T18:06:27,92.55000000000004,0.248,4.6835,78.10319321781853,71.0964258506116
IFE/rhino6.aca,2623,18-07-01,2026-04-29,18:07:01,2026-04-29T18:07:01,92.55000000000004,0.291,3.9929,64.20892822275763,64.69278065454927
IFE/rhino6.aca,2624,18-07-35,2026-04-29,18:07:35,2026-04-29T18:07:35,93.83000000000004,0.076,56.111000000000004,366.9961555808015,171.5130356159966
IFE/rhino6.aca,2625,18-08-09,2026-04-29,18:08:09,2026-04-29T18:08:09,93.83000000000004,0.119,13.1148,197.57070388319806,119.70744008151982
IFE/rhino6.aca,2626,18-08-43,2026-04-29,18:08:43,2026-04-29T18:08:43,93.83000000000004,0.16199999999999998,7.848800000000001,133.85635877605947,95.40358044805805
IFE/rhino6.aca,2627,18-09-18,2026-04-29,18:09:18,2026-04-29T18:09:18,93.83000000000004,0.20500000000000002,5.7872,100.04560155592208,81.29548631936294
IFE/rhino6.aca,2628,18-09-51,2026-04-29,18:09:51,2026-04-29T18:09:51,93.83000000000004,0.248,4.6835,79.18338865076575,72.0797151546509
IFE/rhino6.aca,2629,18-10-25,2026-04-29,18:10:25,2026-04-29T18:10:25,93.83000000000004,0.291,3.9929,65.0969609415467,65.58750522762193
IFE/rhino6.aca,2630,18-10-59,2026-04-29,18:10:59,2026-04-29T18:10:59,95.11000000000004,0.076,56.111000000000004,372.002604255472,173.8527636943145
IFE/rhino6.aca,2631,18-11-36,2026-04-29,18:11:36,2026-04-29T18:11:36,95.11000000000004,0.119,13.1148,200.2659026572679,121.34045215979333
IFE/rhino6.aca,2632,18-12-11,2026-04-29,18:12:11,2026-04-29T18:12:11,95.11000000000004,0.16199999999999998,7.848800000000001,135.6823860512628,96.70504674853302
IFE/rhino6.aca,2633,18-12-44,2026-04-29,18:12:44,2026-04-29T18:12:44,95.11000000000004,0.20500000000000002,5.7872,101.41039288055462,82.40449433906706
IFE/rhino6.aca,2634,18-13-23,2026-04-29,18:13:23,2026-04-29T18:13:23,95.11000000000004,0.248,4.6835,80.26358408370479,73.06300445869017
IFE/rhino6.aca,2635,18-13-59,2026-04-29,18:13:59,2026-04-29T18:13:59,95.11000000000004,0.291,3.9929,65.98499366036685,66.48222980069457
IFE/rhino6.aca,2636,18-14-32,2026-04-29,18:14:32,2026-04-29T18:14:32,96.39000000000004,0.076,56.111000000000004,377.00905293014364,176.19249177263237
IFE/rhino6.aca,2637,18-15-08,2026-04-29,18:15:08,2026-04-29T18:15:08,96.39000000000004,0.119,13.1148,202.9611014313099,122.9734642380669
IFE/rhino6.aca,2638,18-15-43,2026-04-29,18:15:43,2026-04-29T18:15:43,96.39000000000004,0.16199999999999998,7.848800000000001,137.50841332646996,98.00651304900802
IFE/rhino6.aca,2639,18-16-17,2026-04-29,18:16:17,2026-04-29T18:16:17,96.39000000000004,0.20500000000000002,5.7872,102.77518420521419,83.5135023587712
IFE/rhino6.aca,2640,18-16-51,2026-04-29,18:16:51,2026-04-29T18:16:51,96.39000000000004,0.248,4.6835,81.34377951663755,74.04629376272894
IFE/rhino6.aca,2641,18-17-26,2026-04-29,18:17:26,2026-04-29T18:17:26,96.39000000000004,0.291,3.9929,66.87302637916382,67.37695437376722
IFE/rhino6.aca,2642,18-18-02,2026-04-29,18:18:02,2026-04-29T18:18:02,97.67000000000004,0.076,56.111000000000004,382.01550160476836,178.53221985095
IFE/rhino6.aca,2643,18-18-36,2026-04-29,18:18:36,2026-04-29T18:18:36,97.67000000000004,0.119,13.1148,205.6563002054092,124.60647631634032
IFE/rhino6.aca,2644,18-19-12,2026-04-29,18:19:12,2026-04-29T18:19:12,97.67000000000004,0.16199999999999998,7.848800000000001,139.33444060167767,99.30797934948288
IFE/rhino6.aca,2645,18-19-48,2026-04-29,18:19:48,2026-04-29T18:19:48,97.67000000000004,0.20500000000000002,5.7872,104.13997552985192,84.62251037847517
IFE/rhino6.aca,2646,18-20-24,2026-04-29,18:20:24,2026-04-29T18:20:24,97.67000000000004,0.248,4.6835,82.42397494958232,75.02958306676808
IFE/rhino6.aca,2647,18-20-59,2026-04-29,18:20:59,2026-04-29T18:20:59,97.67000000000004,0.291,3.9929,67.76105909796487,68.27167894683973
IFE/rhino6.aca,2648,18-21-35,2026-04-29,18:21:35,2026-04-29T18:21:35,98.95000000000005,0.076,56.111000000000004,387.02195027944106,180.87194792926783
IFE/rhino6.aca,2649,18-22-10,2026-04-29,18:22:10,2026-04-29T18:22:10,98.95000000000005,0.119,13.1148,208.35149897946593,126.23948839461389
IFE/rhino6.aca,2650,18-22-44,2026-04-29,18:22:44,2026-04-29T18:22:44,98.95000000000005,0.16199999999999998,7.848800000000001,141.1604678769192,100.60944564995793
IFE/rhino6.aca,2651,18-23-19,2026-04-29,18:23:19,2026-04-29T18:23:19,98.95000000000005,0.20500000000000002,5.7872,105.5047668545033,85.73151839817932
IFE/rhino6.aca,2652,18-23-52,2026-04-29,18:23:52,2026-04-29T18:23:52,98.95000000000005,0.248,4.6835,83.50417038253063,76.0128723708074
IFE/rhino6.aca,2653,18-24-26,2026-04-29,18:24:26,2026-04-29T18:24:26,98.95000000000005,0.291,3.9929,68.64909181676076,69.1664035199124
IFE/rhino6.aca,2654,18-25-01,2026-04-29,18:25:01,2026-04-29T18:25:01,100.23000000000005,0.076,56.111000000000004,392.02839895415855,183.2116760075857
IFE/rhino6.aca,2655,18-25-36,2026-04-29,18:25:36,2026-04-29T18:25:36,100.23000000000005,0.119,13.1148,211.0466977535014,127.87250047288747
IFE/rhino6.aca,2656,18-26-10,2026-04-29,18:26:10,2026-04-29T18:26:10,100.23000000000005,0.16199999999999998,7.848800000000001,142.98649515211218,101.91091195043262
IFE/rhino6.aca,2657,18-26-44,2026-04-29,18:26:44,2026-04-29T18:26:44,100.23000000000005,0.20500000000000002,5.7872,106.86955817913558,86.84052641788345
IFE/rhino6.aca,2658,18-27-17,2026-04-29,18:27:17,2026-04-29T18:27:17,100.23000000000005,0.248,4.6835,84.58436581546775,76.99616167484669
IFE/rhino6.aca,2659,18-27-51,2026-04-29,18:27:51,2026-04-29T18:27:51,100.23000000000005,0.291,3.9929,69.53712453556454,70.0611280929828
IFE/rhino6.aca,2660,18-28-25,2026-04-29,18:28:25,2026-04-29T18:28:25,101.51000000000005,0.076,56.111000000000004,397.0348476286872,185.55140408590358
IFE/rhino6.aca,2661,18-29-00,2026-04-29,18:29:00,2026-04-29T18:29:00,101.51000000000005,0.119,13.1148,213.74189652757997,129.50551255114328
IFE/rhino6.aca,2662,18-29-35,2026-04-29,18:29:35,2026-04-29T18:29:35,101.51000000000005,0.16199999999999998,7.848800000000001,144.81252242736463,103.21237825090762
IFE/rhino6.aca,2663,18-30-09,2026-04-29,18:30:09,2026-04-29T18:30:09,101.51000000000005,0.20500000000000002,5.7872,108.23434950379405,87.94953443758756
IFE/rhino6.aca,2664,18-30-44,2026-04-29,18:30:44,2026-04-29T18:30:44,101.51000000000005,0.248,4.6835,85.66456124841633,77.97945097888598
IFE/rhino6.aca,2665,18-31-18,2026-04-29,18:31:18,2026-04-29T18:31:18,101.51000000000005,0.291,3.9929,70.42515725436752,70.95585266605548
IFE/rhino6.aca,2666,18-31-52,2026-04-29,18:31:52,2026-04-29T18:31:52,102.79000000000005,0.076,56.111000000000004,402.04129630329555,187.8911321642214
IFE/rhino6.aca,2667,18-32-27,2026-04-29,18:32:27,2026-04-29T18:32:27,102.79000000000005,0.119,13.1148,216.43709530163997,131.1385246294168
IFE/rhino6.aca,2668,18-33-01,2026-04-29,18:33:01,2026-04-29T18:33:01,102.79000000000005,0.16199999999999998,7.848800000000001,146.63854970254835,104.51384455138262
IFE/rhino6.aca,2669,18-33-34,2026-04-29,18:33:34,2026-04-29T18:33:34,102.79000000000005,0.20500000000000002,5.7872,109.59914082844134,89.05854245729168
IFE/rhino6.aca,2670,18-34-09,2026-04-29,18:34:09,2026-04-29T18:34:09,102.79000000000005,0.248,4.6835,86.74475668135729,78.96274028292527
IFE/rhino6.aca,2671,18-34-44,2026-04-29,18:34:44,2026-04-29T18:34:44,102.79000000000005,0.291,3.9929,71.31318997316994,71.85057723912811
IFE/rhino6.aca,2672,18-35-18,2026-04-29,18:35:18,2026-04-29T18:35:18,104.07000000000005,0.076,56.111000000000004,407.0477449780152,190.23086024253928
IFE/rhino6.aca,2673,18-35-52,2026-04-29,18:35:52,2026-04-29T18:35:52,104.07000000000005,0.119,13.1148,219.13229407569833,132.77153670769033
IFE/rhino6.aca,2674,18-36-26,2026-04-29,18:36:26,2026-04-29T18:36:26,104.07000000000005,0.16199999999999998,7.848800000000001,148.46457697777842,105.81531085185765
IFE/rhino6.aca,2675,18-37-02,2026-04-29,18:37:02,2026-04-29T18:37:02,104.07000000000005,0.20500000000000002,5.7872,110.9639321530769,90.1675504769958
IFE/rhino6.aca,2676,18-37-36,2026-04-29,18:37:36,2026-04-29T18:37:36,104.07000000000005,0.248,4.6835,87.82495211429413,79.94602958696456
IFE/rhino6.aca,2677,18-38-10,2026-04-29,18:38:10,2026-04-29T18:38:10,104.07000000000005,0.291,3.9929,72.20122269196963,72.74530181220076
IFE/rhino6.aca,2678,18-38-45,2026-04-29,18:38:45,2026-04-29T18:38:45,105.35000000000005,0.076,56.111000000000004,412.05419365278175,192.57058832084823
IFE/rhino6.aca,2679,18-39-20,2026-04-29,18:39:20,2026-04-29T18:39:20,105.35000000000005,0.119,13.1148,221.82749284978073,134.4045487859639
IFE/rhino6.aca,2680,18-39-56,2026-04-29,18:39:56,2026-04-29T18:39:56,105.35000000000005,0.16199999999999998,7.848800000000001,150.29060425295285,107.1167771523326
IFE/rhino6.aca,2681,18-40-30,2026-04-29,18:40:30,2026-04-29T18:40:30,105.35000000000005,0.20500000000000002,5.7872,112.32872347771408,91.27655849669993
IFE/rhino6.aca,2682,18-41-05,2026-04-29,18:41:05,2026-04-29T18:41:05,105.35000000000005,0.248,4.6835,88.90514754723645,80.92931889100382
IFE/rhino6.aca,2683,18-41-41,2026-04-29,18:41:41,2026-04-29T18:41:41,105.35000000000005,0.291,3.9929,73.08925541078216,73.6400263852734
IFE/rhino6.aca,2684,18-42-14,2026-04-29,18:42:14,2026-04-29T18:42:14,106.63000000000005,0.076,56.111000000000004,417.06064232739226,194.91031639916605
IFE/rhino6.aca,2685,18-42-49,2026-04-29,18:42:49,2026-04-29T18:42:49,106.63000000000005,0.119,13.1148,224.52269162380745,136.03756086423743
IFE/rhino6.aca,2686,18-43-23,2026-04-29,18:43:23,2026-04-29T18:43:23,106.63000000000005,0.16199999999999998,7.848800000000001,152.1166315281709,108.41824345280762
IFE/rhino6.aca,2687,18-43-57,2026-04-29,18:43:57,2026-04-29T18:43:57,106.63000000000005,0.20500000000000002,5.7872,113.69351480237637,92.38556651640393
IFE/rhino6.aca,2688,18-44-32,2026-04-29,18:44:32,2026-04-29T18:44:32,106.63000000000005,0.248,4.6835,89.98534298018585,81.91260819504313
IFE/rhino6.aca,2689,18-45-07,2026-04-29,18:45:07,2026-04-29T18:45:07,106.63000000000005,0.291,3.9929,73.9772881295974,74.53475095834605
IFE/rhino6.aca,2690,18-45-41,2026-04-29,18:45:41,2026-04-29T18:45:41,107.91000000000005,0.076,56.111000000000004,422.06709100216324,197.25004447748387
IFE/rhino6.aca,2691,18-46-16,2026-04-29,18:46:16,2026-04-29T18:46:16,107.91000000000005,0.119,13.1148,227.2178903979062,137.67057294251103
IFE/rhino6.aca,2692,18-46-51,2026-04-29,18:46:51,2026-04-29T18:46:51,107.91000000000005,0.16199999999999998,7.848800000000001,153.94265880341408,109.71970975328261
IFE/rhino6.aca,2693,18-47-25,2026-04-29,18:47:25,2026-04-29T18:47:25,107.91000000000005,0.20500000000000002,5.7872,115.0583061270343,93.49457453610805
IFE/rhino6.aca,2694,18-48-00,2026-04-29,18:48:00,2026-04-29T18:48:00,107.91000000000005,0.248,4.6835,91.06553841311616,82.8958974990824
IFE/rhino7.aca,2695,18-48-36,2026-04-29,18:48:36,2026-04-29T18:48:36,107.91000000000005,0.291,3.9929,74.8653208483739,75.42947553141866
IFE/rhino7.aca,2696,18-49-09,2026-04-29,18:49:09,2026-04-29T18:49:09,109.19000000000005,0.076,56.111000000000004,427.07353967673987,199.5897725558018
IFE/rhino7.aca,2697,18-49-43,2026-04-29,18:49:43,2026-04-29T18:49:43,109.19000000000005,0.119,13.1148,229.91308917195585,139.30358502078457
IFE/rhino7.aca,2698,18-50-18,2026-04-29,18:50:18,2026-04-29T18:50:18,109.19000000000005,0.16199999999999998,7.848800000000001,155.76868607863761,111.02117605375761
IFE/rhino7.aca,2699,18-50-52,2026-04-29,18:50:52,2026-04-29T18:50:52,109.19000000000005,0.20500000000000002,5.7872,116.42309745166058,94.6035825558122
IFE/rhino7.aca,2700,18-51-27,2026-04-29,18:51:27,2026-04-29T18:51:27,109.19000000000005,0.248,4.6835,92.14573384605902,83.87918680312171
IFE/rhino7.aca,2701,18-52-02,2026-04-29,18:52:02,2026-04-29T18:52:02,109.19000000000005,0.291,3.9929,75.75335356717005,76.32420010449135
IFE/rhino7.aca,2702,18-52-37,2026-04-29,18:52:37,2026-04-29T18:52:37,110.47000000000006,0.076,56.111000000000004,432.07998835137334,201.92950063411962
IFE/rhino7.aca,2703,18-53-12,2026-04-29,18:53:12,2026-04-29T18:53:12,110.47000000000006,0.119,13.1148,232.60828794600167,140.93659709905813
IFE/rhino7.aca,2704,18-53-46,2026-04-29,18:53:46,2026-04-29T18:53:46,110.47000000000006,0.16199999999999998,7.848800000000001,157.59471335385678,112.32264235423261
IFE/rhino7.aca,2705,18-54-19,2026-04-29,18:54:19,2026-04-29T18:54:19,110.47000000000006,0.20500000000000002,5.7872,117.7878887763076,95.7125905755163
IFE/rhino7.aca,2706,18-54-55,2026-04-29,18:54:55,2026-04-29T18:54:55,110.47000000000006,0.248,4.6835,93.22592927900351,84.86247610716097
IFE/rhino7.aca,2707,18-55-29,2026-04-29,18:55:29,2026-04-29T18:55:29,110.47000000000006,0.291,3.9929,76.64138628596893,77.21892467756399
IFE/rhino7.aca,2708,18-56-03,2026-04-29,18:56:03,2026-04-29T18:56:03,111.75000000000006,0.076,56.111000000000004,437.086437026129,204.2692287124375
IFE/rhino7.aca,2709,18-56-37,2026-04-29,18:56:37,2026-04-29T18:56:37,111.75000000000006,0.119,13.1148,235.3034867201004,142.56960917733167
IFE/rhino7.aca,2710,18-57-11,2026-04-29,18:57:11,2026-04-29T18:57:11,111.75000000000006,0.16199999999999998,7.848800000000001,159.42074062904868,113.62410865470318
IFE/rhino7.aca,2711,18-57-47,2026-04-29,18:57:47,2026-04-29T18:57:47,111.75000000000006,0.20500000000000002,5.7872,119.1526801009617,96.82159859522042
IFE/rhino7.aca,2712,18-58-22,2026-04-29,18:58:22,2026-04-29T18:58:22,111.75000000000006,0.248,4.6835,94.30612471195127,85.84576541120026
IFE/rhino7.aca,2713,18-58-56,2026-04-29,18:58:56,2026-04-29T18:58:56,111.75000000000006,0.291,3.9929,77.52941900478909,78.11364925063661
IFE/rhino7.aca,2714,18-59-32,2026-04-29,18:59:32,2026-04-29T18:59:32,113.03000000000006,0.076,56.111000000000004,442.09288570070896,206.60895679075531
IFE/rhino7.aca,2715,19-00-08,2026-04-29,19:00:08,2026-04-29T19:00:08,113.03000000000006,0.119,13.1148,237.99868549418716,144.2026212556052
IFE/rhino7.aca,2716,19-00-43,2026-04-29,19:00:43,2026-04-29T19:00:43,113.03000000000006,0.16199999999999998,7.848800000000001,161.24676790431312,114.92557495517818
IFE/rhino7.aca,2717,19-01-19,2026-04-29,19:01:19,2026-04-29T19:01:19,113.03000000000006,0.20500000000000002,5.7872,120.51747142560762,97.93060661492459
IFE/rhino7.aca,2718,19-01-55,2026-04-29,19:01:55,2026-04-29T19:01:55,113.03000000000006,0.248,4.6835,95.38632014489986,86.82905471523958
IFE/rhino7.aca,2719,19-02-30,2026-04-29,19:02:30,2026-04-29T19:02:30,113.03000000000006,0.291,3.9929,78.41745172358688,79.00837382370878
IFE/rhino7.aca,2720,19-03-06,2026-04-29,19:03:06,2026-04-29T19:03:06,114.31000000000006,0.076,56.111000000000004,447.0993343754384,208.94868486907313
IFE/rhino7.aca,2721,19-03-42,2026-04-29,19:03:42,2026-04-29T19:03:42,114.31000000000006,0.119,13.1148,240.69388426822425,145.8356333338788
IFE/rhino7.aca,2722,19-04-18,2026-04-29,19:04:18,2026-04-29T19:04:18,114.31000000000006,0.16199999999999998,7.848800000000001,163.07279517947882,116.2270412556532
IFE/rhino7.aca,2723,19-04-52,2026-04-29,19:04:52,2026-04-29T19:04:52,114.31000000000006,0.20500000000000002,5.7872,121.8822627502852,99.03961463462873
IFE/rhino7.aca,2724,19-05-27,2026-04-29,19:05:27,2026-04-29T19:05:27,114.31000000000006,0.248,4.6835,96.46651557783098,87.81234401927887
IFE/rhino7.aca,2725,19-06-01,2026-04-29,19:06:01,2026-04-29T19:06:01,114.31000000000006,0.291,3.9929,79.3054844423721,79.90309839678144
IFE/rhino7.aca,2726,19-06-37,2026-04-29,19:06:37,2026-04-29T19:06:37,115.59000000000006,0.076,56.111000000000004,452.1057830499409,211.28841294739095
IFE/rhino7.aca,2727,19-07-12,2026-04-29,19:07:12,2026-04-29T19:07:12,115.59000000000006,0.119,13.1148,243.38908304226243,147.4686454121523
IFE/rhino7.aca,2728,19-07-46,2026-04-29,19:07:46,2026-04-29T19:07:46,115.59000000000006,0.16199999999999998,7.848800000000001,164.89882245470943,117.52850755612815
IFE/rhino7.aca,2729,19-08-21,2026-04-29,19:08:21,2026-04-29T19:08:21,115.59000000000006,0.20500000000000002,5.7872,123.24705407491201,100.14862265433285
IFE/rhino7.aca,2730,19-08-57,2026-04-29,19:08:57,2026-04-29T19:08:57,115.59000000000006,0.248,4.6835,97.5467110107771,88.79563332331816
IFE/rhino7.aca,2731,19-09-34,2026-04-29,19:09:34,2026-04-29T19:09:34,115.59000000000006,0.291,3.9929,80.19351716118899,80.79782296985405
IFE/rhino7.aca,2732,19-10-09,2026-04-29,19:10:09,2026-04-29T19:10:09,116.87000000000006,0.076,56.111000000000004,457.1122317247282,213.62814102570678
IFE/rhino7.aca,2733,19-10-45,2026-04-29,19:10:45,2026-04-29T19:10:45,116.87000000000006,0.119,13.1148,246.084281816341,149.1016574904259
IFE/rhino7.aca,2734,19-11-20,2026-04-29,19:11:20,2026-04-29T19:11:20,116.87000000000006,0.16199999999999998,7.848800000000001,166.72484972993024,118.82997385660317
IFE/rhino7.aca,2735,19-11-55,2026-04-29,19:11:55,2026-04-29T19:11:55,116.87000000000006,0.20500000000000002,5.7872,124.61184539955794,101.25763067403699
IFE/rhino7.aca,2736,19-12-30,2026-04-29,19:12:30,2026-04-29T19:12:30,116.87000000000006,0.248,4.6835,98.62690644372542,89.77892262735745
IFE/rhino7.aca,2737,19-13-09,2026-04-29,19:13:09,2026-04-29T19:13:09,116.87000000000006,0.291,3.9929,81.08154987998951,81.69254754292675
IFE/rhino7.aca,2738,19-13-48,2026-04-29,19:13:48,2026-04-29T19:13:48,118.15000000000006,0.076,56.111000000000004,462.11868039934524,215.96786910402454
IFE/rhino7.aca,2739,19-14-24,2026-04-29,19:14:24,2026-04-29T19:14:24,118.15000000000006,0.119,13.1148,248.77948059047685,150.73466956869936
IFE/rhino7.aca,2740,19-14-58,2026-04-29,19:14:58,2026-04-29T19:14:58,118.15000000000006,0.16199999999999998,7.848800000000001,168.55087700509483,120.13144015707815
IFE/rhino7.aca,2741,19-15-32,2026-04-29,19:15:32,2026-04-29T19:15:32,118.15000000000006,0.20500000000000002,5.7872,125.9766367241995,102.36663869374055
IFE/rhino7.aca,2742,19-16-08,2026-04-29,19:16:08,2026-04-29T19:16:08,118.15000000000006,0.248,4.6835,99.70710187665546,90.7622119313967
IFE/rhino7.aca,2743,19-16-43,2026-04-29,19:16:43,2026-04-29T19:16:43,118.15000000000006,0.291,3.9929,81.96958259879929,82.58727211599935
IFE/rhino7.aca,2744,19-17-18,2026-04-29,19:17:18,2026-04-29T19:17:18,119.43000000000006,0.076,56.111000000000004,467.1251290740627,218.30759718234248
IFE/rhino7.aca,2745,19-17-54,2026-04-29,19:17:54,2026-04-29T19:17:54,119.43000000000006,0.119,13.1148,251.47467936441353,152.36768164697293
IFE/rhino7.aca,2746,19-18-30,2026-04-29,19:18:30,2026-04-29T19:18:30,119.43000000000006,0.16199999999999998,7.848800000000001,170.3769042803151,121.43290645755317
IFE/rhino7.aca,2747,19-19-05,2026-04-29,19:19:05,2026-04-29T19:19:05,119.43000000000006,0.20500000000000002,5.7872,127.34142804885305,103.47564671344475
IFE/rhino7.aca,2748,19-19-41,2026-04-29,19:19:41,2026-04-29T19:19:41,119.43000000000006,0.248,4.6835,100.78729730959503,91.74550123543602
IFE/rhino7.aca,2749,19-20-15,2026-04-29,19:20:15,2026-04-29T19:20:15,119.43000000000006,0.291,3.9929,82.8576153175949,83.48199668907199
IFE/rhino7.aca,2750,19-20-50,2026-04-29,19:20:50,2026-04-29T19:20:50,120.71000000000006,0.076,56.111000000000004,472.1315777487256,220.64732526066024
IFE/rhino7.aca,2751,19-21-25,2026-04-29,19:21:25,2026-04-29T19:21:25,120.71000000000006,0.119,13.1148,254.16987813860504,154.0006937252465
IFE/rhino7.aca,2752,19-22-00,2026-04-29,19:22:00,2026-04-29T19:22:00,120.71000000000006,0.16199999999999998,7.848800000000001,172.20293155554356,122.73437275802817
IFE/rhino7.aca,2753,19-22-36,2026-04-29,19:22:36,2026-04-29T19:22:36,120.71000000000006,0.20500000000000002,5.7872,128.70621937348042,104.58465473314885
IFE/rhino7.aca,2754,19-23-10,2026-04-29,19:23:10,2026-04-29T19:23:10,120.71000000000006,0.248,4.6835,101.86749274255098,92.7287905394753
IFE/rhino7.aca,2755,19-23-45,2026-04-29,19:23:45,2026-04-29T19:23:45,120.71000000000006,0.291,3.9929,83.74564803638995,84.37672126214466
IFE/rhino7.aca,2756,19-24-20,2026-04-29,19:24:20,2026-04-29T19:24:20,121.99000000000007,0.076,56.111000000000004,477.13802642330666,222.98705333896038
IFE/rhino7.aca,2757,19-24-56,2026-04-29,19:24:56,2026-04-29T19:24:56,121.99000000000007,0.119,13.1148,256.86507691265143,155.63370580350232
IFE/rhino7.aca,2758,19-25-32,2026-04-29,19:25:32,2026-04-29T19:25:32,121.99000000000007,0.16199999999999998,7.848800000000001,174.0289588307327,124.03583905848544
IFE/rhino7.aca,2759,19-26-08,2026-04-29,19:26:08,2026-04-29T19:26:08,121.99000000000007,0.20500000000000002,5.7872,130.0710106981378,105.69366275283525
IFE/rhino7.aca,2760,19-26-43,2026-04-29,19:26:43,2026-04-29T19:26:43,121.99000000000007,0.248,4.6835,102.94768817548592,93.7120798434969
IFE/rhino7.aca,2761,19-27-18,2026-04-29,19:27:18,2026-04-29T19:27:18,121.99000000000007,0.291,3.9929,84.63368075520002,85.27144583519959
IFE/rhino7.aca,2762,19-27-53,2026-04-29,19:27:53,2026-04-29T19:27:53,123.27000000000007,0.076,56.111000000000004,482.14447509800885,225.3267814172782
IFE/rhino7.aca,2763,19-28-29,2026-04-29,19:28:29,2026-04-29T19:28:29,123.27000000000007,0.119,13.1148,259.5602756866836,157.26671788177578
IFE/rhino7.aca,2764,19-29-03,2026-04-29,19:29:03,2026-04-29T19:29:03,123.27000000000007,0.16199999999999998,7.848800000000001,175.8549861059868,125.33730535896039
IFE/rhino7.aca,2765,19-29-39,2026-04-29,19:29:39,2026-04-29T19:29:39,123.27000000000007,0.20500000000000002,5.7872,131.43580202279355,106.80267077253936
IFE/rhino7.aca,2766,19-30-14,2026-04-29,19:30:14,2026-04-29T19:30:14,123.27000000000007,0.248,4.6835,104.02788360840422,94.6953691475361
IFE/rhino7.aca,2767,19-30-48,2026-04-29,19:30:48,2026-04-29T19:30:48,123.27000000000007,0.291,3.9929,85.52171347399317,86.1661704082722
IFE/rhino7.aca,2768,19-31-25,2026-04-29,19:31:25,2026-04-29T19:31:25,124.55000000000007,0.076,56.111000000000004,487.1509237727132,227.66650949559605
IFE/rhino7.aca,2769,19-31-59,2026-04-29,19:31:59,2026-04-29T19:31:59,124.55000000000007,0.119,13.1148,262.2554744607387,158.89972996004906
IFE/rhino7.aca,2770,19-32-33,2026-04-29,19:32:33,2026-04-29T19:32:33,124.55000000000007,0.16199999999999998,7.848800000000001,177.68101338118032,126.63877165943438
IFE/rhino7.aca,2771,19-33-09,2026-04-29,19:33:09,2026-04-29T19:33:09,124.55000000000007,0.20500000000000002,5.7872,132.80059334743675,107.91167879224349
IFE/rhino7.aca,2772,19-33-44,2026-04-29,19:33:44,2026-04-29T19:33:44,124.55000000000007,0.248,4.6835,105.108079041376,95.67865845157539
IFE/rhino7.aca,2773,19-34-20,2026-04-29,19:34:20,2026-04-29T19:34:20,124.55000000000007,0.291,3.9929,86.40974619280897,87.06089498134486
IFE/rhino7.aca,2774,19-34-55,2026-04-29,19:34:55,2026-04-29T19:34:55,125.83000000000007,0.076,56.111000000000004,492.1573724474241,230.0062375739139
IFE/rhino8.aca,2775,19-35-30,2026-04-29,19:35:30,2026-04-29T19:35:30,125.83000000000007,0.119,13.1148,264.9506732347305,160.53274203832265
IFE/rhino8.aca,2776,19-36-05,2026-04-29,19:36:05,2026-04-29T19:36:05,125.83000000000007,0.16199999999999998,7.848800000000001,179.507040656382,127.94023795990935
IFE/rhino8.aca,2777,19-36-42,2026-04-29,19:36:42,2026-04-29T19:36:42,125.83000000000007,0.20500000000000002,0.0,134.16538467206738,109.02068681194731
IFE/rhino8.aca,2778,19-37-18,2026-04-29,19:37:18,2026-04-29T19:37:18,125.83000000000007,0.248,4.6835,106.18827447427793,96.66194775561466
IFE/rhino8.aca,2779,19-37-53,2026-04-29,19:37:53,2026-04-29T19:37:53,125.83000000000007,0.291,3.9929,87.2977789116092,87.9556195544175
IFE/rhino8.aca,2780,19-38-29,2026-04-29,19:38:29,2026-04-29T19:38:29,127.11000000000007,0.076,56.111000000000004,497.1638211219997,232.34596565223174
IFE/rhino8.aca,2781,19-39-05,2026-04-29,19:39:05,2026-04-29T19:39:05,127.11000000000007,0.119,13.1148,267.6458720088576,162.1657541165962
IFE/rhino8.aca,2782,19-39-44,2026-04-29,19:39:44,2026-04-29T19:39:44,127.11000000000007,0.16199999999999998,7.848800000000001,181.33306793161537,129.24170426036665
IFE/rhino8.aca,2783,19-40-24,2026-04-29,19:40:24,2026-04-29T19:40:24,127.11000000000007,0.20500000000000002,5.7872,135.53017599671657,110.12969483165148
IFE/rhino8.aca,2784,19-40-59,2026-04-29,19:40:59,2026-04-29T19:40:59,127.11000000000007,0.248,4.6835,107.2684699072328,97.64523705965398
IFE/rhino8.aca,2785,19-41-34,2026-04-29,19:41:34,2026-04-29T19:41:34,127.11000000000007,0.291,3.9929,88.1858116304059,88.85034412749016
IFE/rhino8.aca,2786,19-42-10,2026-04-29,19:42:10,2026-04-29T19:42:10,128.39000000000007,0.076,56.111000000000004,502.17026979664627,234.6856937305496
IFE/rhino8.aca,2787,19-42-46,2026-04-29,19:42:46,2026-04-29T19:42:46,128.39000000000007,0.119,13.1148,270.3410707829531,163.7987661948698
IFE/rhino8.aca,2788,19-43-20,2026-04-29,19:43:20,2026-04-29T19:43:20,128.39000000000007,0.16199999999999998,7.848800000000001,183.15909520681106,130.54317056084165
IFE/rhino8.aca,2789,19-43-56,2026-04-29,19:43:56,2026-04-29T19:43:56,128.39000000000007,0.20500000000000002,5.7872,136.89496732136686,111.23870285135561
IFE/rhino8.aca,2790,19-44-31,2026-04-29,19:44:31,2026-04-29T19:44:31,128.39000000000007,0.248,4.6835,108.34866534018602,98.62852636369325
IFE/rhino8.aca,2791,19-45-07,2026-04-29,19:45:07,2026-04-29T19:45:07,128.39000000000007,0.291,3.9929,89.07384434920777,89.7450687005628
IFE/rhino8.aca,2792,19-45-43,2026-04-29,19:45:43,2026-04-29T19:45:43,129.67000000000007,0.076,56.111000000000004,507.17671847134517,237.0254218088674
IFE/rhino8.aca,2793,19-46-20,2026-04-29,19:46:20,2026-04-29T19:46:20,129.67000000000007,0.119,13.1148,273.03626955696564,165.4317782731433
IFE/rhino8.aca,2794,19-46-55,2026-04-29,19:46:55,2026-04-29T19:46:55,129.67000000000007,0.16199999999999998,7.848800000000001,184.98512248203514,131.84463686131664
IFE/rhino8.aca,2795,19-47-30,2026-04-29,19:47:30,2026-04-29T19:47:30,129.67000000000007,0.20500000000000002,5.7872,138.2597586460144,112.34771087105972
IFE/rhino8.aca,2796,19-48-04,2026-04-29,19:48:04,2026-04-29T19:48:04,129.67000000000007,0.248,4.6835,109.4288607731387,99.6118156677324
IFE/rhino8.aca,2797,19-48-40,2026-04-29,19:48:40,2026-04-29T19:48:40,129.67000000000007,0.291,3.9929,89.96187706801075,90.63979327363543
IFE/rhino8.aca,2798,19-49-15,2026-04-29,19:49:15,2026-04-29T19:49:15,130.95000000000007,0.076,56.111000000000004,512.1831671460604,239.36514988718528
IFE/rhino8.aca,2799,19-49-51,2026-04-29,19:49:51,2026-04-29T19:49:51,130.95000000000007,0.119,13.1148,275.7314683310371,167.06479035141683
IFE/rhino8.aca,2800,19-50-26,2026-04-29,19:50:26,2026-04-29T19:50:26,130.95000000000007,0.16199999999999998,7.848800000000001,186.8111497572696,133.14610316179164
IFE/rhino8.aca,2801,19-51-00,2026-04-29,19:51:00,2026-04-29T19:51:00,130.95000000000007,0.20500000000000002,5.7872,139.62454997065652,113.45671889076387
IFE/rhino8.aca,2802,19-51-35,2026-04-29,19:51:35,2026-04-29T19:51:35,130.95000000000007,0.248,4.6835,110.50905620608319,100.59510497177169
IFE/rhino8.aca,2803,19-52-10,2026-04-29,19:52:10,2026-04-29T19:52:10,130.95000000000007,0.291,3.9929,90.84990978680989,91.5345178467081
IFE/rhino8.aca,2804,19-52-45,2026-04-29,19:52:45,2026-04-29T19:52:45,132.23000000000008,0.076,56.111000000000004,517.1896158207212,241.70487796550316
IFE/rhino8.aca,2805,19-53-19,2026-04-29,19:53:19,2026-04-29T19:53:19,132.23000000000008,0.119,13.1148,278.4266671051566,168.69780242969046
IFE/rhino8.aca,2806,19-53-55,2026-04-29,19:53:55,2026-04-29T19:53:55,132.23000000000008,0.16199999999999998,7.848800000000001,188.63717703248932,134.44756946226667
IFE/rhino8.aca,2807,19-54-29,2026-04-29,19:54:29,2026-04-29T19:54:29,132.23000000000008,0.20500000000000002,5.7872,140.98934129529425,114.56572691046799
IFE/rhino8.aca,2808,19-55-04,2026-04-29,19:55:04,2026-04-29T19:55:04,132.23000000000008,0.248,4.6835,111.58925163903477,101.57839427581098
IFE/rhino8.aca,2809,19-55-38,2026-04-29,19:55:38,2026-04-29T19:55:38,132.23000000000008,0.291,3.9929,91.73794250561996,92.42924241978076
IFE/rhino8.aca,2810,19-56-14,2026-04-29,19:56:14,2026-04-29T19:56:14,133.51000000000008,0.076,56.111000000000004,522.1960644954004,244.04460604382098
IFE/rhino8.aca,2811,19-56-49,2026-04-29,19:56:49,2026-04-29T19:56:49,133.51000000000008,0.119,13.1148,281.12186587920075,170.33081450796396
IFE/rhino8.aca,2812,19-57-23,2026-04-29,19:57:23,2026-04-29T19:57:23,133.51000000000008,0.16199999999999998,7.848800000000001,190.4632043076812,135.74903576274164
IFE/rhino8.aca,2813,19-57-59,2026-04-29,19:57:59,2026-04-29T19:57:59,133.51000000000008,0.20500000000000002,5.7872,142.3541326199598,115.67473493017215
IFE/rhino8.aca,2814,19-58-33,2026-04-29,19:58:33,2026-04-29T19:58:33,133.51000000000008,0.248,4.6835,112.66944707194652,102.56168357985027
IFE/rhino8.aca,2815,19-59-07,2026-04-29,19:59:07,2026-04-29T19:59:07,133.51000000000008,0.291,3.9929,92.62597522441311,93.3239669928534
IFE/rhino8.aca,2816,19-59-43,2026-04-29,19:59:43,2026-04-29T19:59:43,134.79000000000008,0.076,56.111000000000004,527.2025131699083,246.3843341221388
IFE/rhino8.aca,2817,20-00-19,2026-04-29,20:00:19,2026-04-29T20:00:19,134.79000000000008,0.119,13.1148,283.81706465320786,171.96382658623762
IFE/rhino8.aca,2818,20-00-54,2026-04-29,20:00:54,2026-04-29T20:00:54,134.79000000000008,0.16199999999999998,7.848800000000001,192.28923158290254,137.05050206321667
IFE/rhino8.aca,2819,20-01-30,2026-04-29,20:01:30,2026-04-29T20:01:30,134.79000000000008,0.20500000000000002,5.7872,143.71892394460846,116.78374294987626
IFE/rhino8.aca,2820,20-02-06,2026-04-29,20:02:06,2026-04-29T20:02:06,134.79000000000008,0.248,4.6835,113.74964250490575,103.54497288388956
IFE/rhino8.aca,2821,20-02-41,2026-04-29,20:02:41,2026-04-29T20:02:41,134.79000000000008,0.291,3.9929,93.514007943239,94.21869156592604
IFE/rhino8.aca,2822,20-03-15,2026-04-29,20:03:15,2026-04-29T20:03:15,136.07000000000008,0.076,56.111000000000004,532.2089618445767,248.72406220045667
IFE/rhino8.aca,2823,20-03-49,2026-04-29,20:03:49,2026-04-29T20:03:49,136.07000000000008,0.119,13.1148,286.512263427335,173.59683866451007
IFE/rhino8.aca,2824,20-04-23,2026-04-29,20:04:23,2026-04-29T20:04:23,136.07000000000008,0.16199999999999998,7.848800000000001,194.11525885809988,138.3519683636916
IFE/rhino8.aca,2825,20-04-59,2026-04-29,20:04:59,2026-04-29T20:04:59,136.07000000000008,0.20500000000000002,5.7872,145.08371526925004,117.89275096958036
IFE/rhino8.aca,2826,20-05-34,2026-04-29,20:05:34,2026-04-29T20:05:34,136.07000000000008,0.248,4.6835,114.82983793785733,104.52826218792883
IFE/rhino8.aca,2827,20-06-10,2026-04-29,20:06:10,2026-04-29T20:06:10,136.07000000000008,0.291,3.9929,94.4020406620125,95.11341613899866
IFE/rhino8.aca,2828,20-06-45,2026-04-29,20:06:45,2026-04-29T20:06:45,137.35000000000008,0.076,56.111000000000004,537.2154105192822,251.0637902787745
IFE/rhino8.aca,2829,20-07-21,2026-04-29,20:07:21,2026-04-29T20:07:21,137.35000000000008,0.119,13.1148,289.2074622013955,175.22985074278358
IFE/rhino8.aca,2830,20-07-57,2026-04-29,20:07:57,2026-04-29T20:07:57,137.35000000000008,0.16199999999999998,7.848800000000001,195.94128613333487,139.65343466416658
IFE/rhino8.aca,2831,20-08-33,2026-04-29,20:08:33,2026-04-29T20:08:33,137.35000000000008,0.20500000000000002,5.7872,146.4485065938692,119.00175898928447
IFE/rhino8.aca,2832,20-09-13,2026-04-29,20:09:13,2026-04-29T20:09:13,137.35000000000008,0.248,4.6835,115.91003337078874,105.51155149196812
IFE/rhino8.aca,2833,20-09-54,2026-04-29,20:09:54,2026-04-29T20:09:54,137.35000000000008,0.291,3.9929,95.29007338081601,96.00814071207131
IFE/rhino8.aca,2834,20-10-29,2026-04-29,20:10:29,2026-04-29T20:10:29,138.63000000000008,0.076,56.111000000000004,542.2218591939767,253.40351835709228
IFE/rhino8.aca,2835,20-11-03,2026-04-29,20:11:03,2026-04-29T20:11:03,138.63000000000008,0.119,13.1148,291.90266097550193,176.86286282105712
IFE/rhino8.aca,2836,20-11-38,2026-04-29,20:11:38,2026-04-29T20:11:38,138.63000000000008,0.16199999999999998,7.848800000000001,197.76731340855514,140.95490096464155
IFE/rhino8.aca,2837,20-12-12,2026-04-29,20:12:12,2026-04-29T20:12:12,138.63000000000008,0.20500000000000002,5.7872,147.81329791851732,120.11076700898857
IFE/rhino8.aca,2838,20-12-48,2026-04-29,20:12:48,2026-04-29T20:12:48,138.63000000000008,0.248,4.6835,116.99022880376924,106.49484079600735
IFE/rhino8.aca,2839,20-13-27,2026-04-29,20:13:27,2026-04-29T20:13:27,138.63000000000008,0.291,3.9929,96.17810609962444,96.9028652851439
IFE/rhino8.aca,2840,20-14-04,2026-04-29,20:14:04,2026-04-29T20:14:04,139.91000000000008,0.076,56.111000000000004,547.2283078685753,255.74324643541019
IFE/rhino8.aca,2841,20-14-38,2026-04-29,20:14:38,2026-04-29T20:14:38,139.91000000000008,0.119,13.1148,294.5978597494719,178.49587489933066
IFE/rhino8.aca,2842,20-15-13,2026-04-29,20:15:13,2026-04-29T20:15:13,139.91000000000008,0.16199999999999998,7.848800000000001,199.59334068374045,142.25636726511658
IFE/rhino8.aca,2843,20-15-49,2026-04-29,20:15:49,2026-04-29T20:15:49,139.91000000000008,0.20500000000000002,5.7872,149.17808924318177,121.21977502869277
IFE/rhino8.aca,2844,20-16-25,2026-04-29,20:16:25,2026-04-29T20:16:25,139.91000000000008,0.248,4.6835,118.07042423668918,107.47813010004668
IFE/rhino8.aca,2845,20-16-59,2026-04-29,20:16:59,2026-04-29T20:16:59,139.91000000000008,0.291,3.9929,97.06613881842495,97.79758985821661
IFE/rhino8.aca,2846,20-17-35,2026-04-29,20:17:35,2026-04-29T20:17:35,141.19000000000008,0.076,56.111000000000004,552.2347565431792,258.0829745136924
IFE/rhino8.aca,2847,20-18-09,2026-04-29,20:18:09,2026-04-29T20:18:09,141.19000000000008,0.119,13.1148,297.29305852361756,180.12888697760428
IFE/rhino8.aca,2848,20-18-45,2026-04-29,20:18:45,2026-04-29T20:18:45,141.19000000000008,0.16199999999999998,7.848800000000001,201.41936795901037,143.5578335655916
IFE/rhino8.aca,2849,20-19-21,2026-04-29,20:19:21,2026-04-29T20:19:21,141.19000000000008,0.20500000000000002,0.0,150.5428805678239,122.32878304839244
IFE/rhino8.aca,2850,20-19-56,2026-04-29,20:19:56,2026-04-29T20:19:56,141.19000000000008,0.248,4.6835,119.15061966961784,108.46141940408594
IFE/rhino8.aca,2851,20-20-30,2026-04-29,20:20:30,2026-04-29T20:20:30,141.19000000000008,0.291,3.9929,97.95417153722492,98.69231443128922
IFE/rhino8.aca,2852,20-21-06,2026-04-29,20:21:06,2026-04-29T20:21:06,142.47000000000008,0.076,56.111000000000004,557.241205217901,260.4227025920103
IFE/rhino8.aca,2853,20-21-42,2026-04-29,20:21:42,2026-04-29T20:21:42,142.47000000000008,0.119,13.1148,299.98825729768794,181.7618990558778
IFE/rhino8.aca,2854,20-22-17,2026-04-29,20:22:17,2026-04-29T20:22:17,142.47000000000008,0.16199999999999998,7.848800000000001,203.24539523417715,144.85929986606655
IFE/rhino9.aca,2855,20-22-54,2026-04-29,20:22:54,2026-04-29T20:22:54,142.47000000000008,0.20500000000000002,5.7872,151.90767189248837,123.43779106809652
IFE/rhino9.aca,2856,20-23-29,2026-04-29,20:23:29,2026-04-29T20:23:29,142.47000000000008,0.248,4.6835,120.23081510257816,109.44470870812472
IFE/rhino9.aca,2857,20-24-04,2026-04-29,20:24:04,2026-04-29T20:24:04,142.47000000000008,0.291,3.9929,98.84220425604099,99.58703900436186
IFE/rhino9.aca,2858,20-24-39,2026-04-29,20:24:39,2026-04-29T20:24:39,143.75000000000009,0.076,56.111000000000004,562.2476538925869,262.76243067032806
IFE/rhino9.aca,2859,20-25-15,2026-04-29,20:25:15,2026-04-29T20:25:15,143.75000000000009,0.119,13.1148,302.68345607177145,183.39491113415136
IFE/rhino9.aca,2860,20-25-50,2026-04-29,20:25:50,2026-04-29T20:25:50,143.75000000000009,0.16199999999999998,7.848800000000001,205.07142250941052,146.16076616654152
IFE/rhino9.aca,2861,20-26-26,2026-04-29,20:26:26,2026-04-29T20:26:26,143.75000000000009,0.20500000000000002,5.7872,153.27246321711792,124.54679908780065
IFE/rhino9.aca,2862,20-27-03,2026-04-29,20:27:03,2026-04-29T20:27:03,143.75000000000009,0.248,4.6835,121.3110105355041,110.42799801216397
IFE/rhino9.aca,2863,20-27-42,2026-04-29,20:27:42,2026-04-29T20:27:42,143.75000000000009,0.291,3.9929,99.73023697483168,100.48176357743444
IFE/rhino9.aca,2864,20-28-21,2026-04-29,20:28:21,2026-04-29T20:28:21,145.0300000000001,0.076,56.111000000000004,567.2541025672301,265.102158748646
IFE/rhino9.aca,2865,20-29-00,2026-04-29,20:29:00,2026-04-29T20:29:00,145.0300000000001,0.119,13.1148,305.37865484575667,185.02792321242498
IFE/rhino9.aca,2866,20-29-35,2026-04-29,20:29:35,2026-04-29T20:29:35,145.0300000000001,0.16199999999999998,7.848800000000001,206.8974497846324,147.46223246701658
IFE/rhino9.aca,2867,20-30-10,2026-04-29,20:30:10,2026-04-29T20:30:10,145.0300000000001,0.20500000000000002,0.0,154.63725454178183,125.65580710750481
IFE/rhino9.aca,2868,20-30-45,2026-04-29,20:30:45,2026-04-29T20:30:45,145.0300000000001,0.248,4.6835,122.39120596844914,111.41128731620333
IFE/rhino9.aca,2869,20-31-21,2026-04-29,20:31:21,2026-04-29T20:31:21,145.0300000000001,0.291,3.9929,100.61826969363028,101.37648815050714
IFE/rhino9.aca,2870,20-31-55,2026-04-29,20:31:55,2026-04-29T20:31:55,146.3100000000001,0.076,56.111000000000004,572.2605512418559,267.4418868269638
IFE/rhino9.aca,2871,20-32-29,2026-04-29,20:32:29,2026-04-29T20:32:29,146.3100000000001,0.119,13.1148,308.073853619886,186.66093529069786
IFE/rhino9.aca,2872,20-33-06,2026-04-29,20:33:06,2026-04-29T20:33:06,146.3100000000001,0.16199999999999998,7.848800000000001,208.723477059797,148.76369876749155
IFE/rhino9.aca,2873,20-33-42,2026-04-29,20:33:42,2026-04-29T20:33:42,146.3100000000001,0.20500000000000002,5.7872,156.00204586640922,126.76481512720892
IFE/rhino9.aca,2874,20-34-17,2026-04-29,20:34:17,2026-04-29T20:34:17,146.3100000000001,0.248,4.6835,123.47140140139473,112.39457662024259
IFE/rhino9.aca,2875,20-34-53,2026-04-29,20:34:53,2026-04-29T20:34:53,146.3100000000001,0.291,3.9929,101.50630241242342,102.2712127235798
IFE/rhino9.aca,2876,20-35-27,2026-04-29,20:35:27,2026-04-29T20:35:27,147.5900000000001,0.076,56.111000000000004,577.2669999166159,269.78161490528163
IFE/rhino9.aca,2877,20-36-02,2026-04-29,20:36:02,2026-04-29T20:36:02,147.5900000000001,0.119,13.1148,310.7690523939127,188.29394736897146
IFE/rhino9.aca,2878,20-36-37,2026-04-29,20:36:37,2026-04-29T20:36:37,147.5900000000001,0.16199999999999998,7.848800000000001,210.54950433503691,150.06516506796657
IFE/rhino9.aca,2879,20-37-13,2026-04-29,20:37:13,2026-04-29T20:37:13,147.5900000000001,0.20500000000000002,5.7872,157.36683719105295,127.87382314691305
IFE/rhino9.aca,2880,20-37-47,2026-04-29,20:37:47,2026-04-29T20:37:47,147.5900000000001,0.248,4.6835,124.55159683430483,113.37786592428188
IFE/rhino9.aca,2881,20-38-22,2026-04-29,20:38:22,2026-04-29T20:38:22,147.5900000000001,0.291,3.9929,102.3943351312444,103.16593729665243
IFE/rhino9.aca,2882,20-38-58,2026-04-29,20:38:58,2026-04-29T20:38:58,148.8700000000001,0.076,56.111000000000004,582.2734485911903,272.12134298359956
IFE/rhino9.aca,2883,20-39-34,2026-04-29,20:39:34,2026-04-29T20:39:34,148.8700000000001,0.119,13.1148,313.4642511679558,189.926959447245
IFE/rhino9.aca,2884,20-40-10,2026-04-29,20:40:10,2026-04-29T20:40:10,148.8700000000001,0.16199999999999998,7.848800000000001,212.3755316102468,151.3666313684416
IFE/rhino9.aca,2885,20-40-45,2026-04-29,20:40:45,2026-04-29T20:40:45,148.8700000000001,0.20500000000000002,5.7872,158.7316285157147,128.98283116659948
IFE/rhino9.aca,2886,20-41-21,2026-04-29,20:41:21,2026-04-29T20:41:21,148.8700000000001,0.248,4.6835,125.63179226726625,114.3611552283212
IFE/rhino9.aca,2887,20-41-56,2026-04-29,20:41:56,2026-04-29T20:41:56,148.8700000000001,0.291,3.9929,103.28236785004738,104.06066186972511
IFE/rhino9.aca,2888,20-42-31,2026-04-29,20:42:31,2026-04-29T20:42:31,150.1500000000001,0.076,56.111000000000004,587.2798972659014,274.4610710619172
IFE/rhino9.aca,2889,20-43-07,2026-04-29,20:43:07,2026-04-29T20:43:07,150.1500000000001,0.119,13.1148,316.1594499420709,191.55997152551862
IFE/rhino9.aca,2890,20-43-43,2026-04-29,20:43:43,2026-04-29T20:43:43,150.1500000000001,0.16199999999999998,7.848800000000001,214.20155888549,152.66809766891657
IFE/rhino9.aca,2891,20-44-19,2026-04-29,20:44:19,2026-04-29T20:44:19,150.1500000000001,0.20500000000000002,5.7872,160.09641984035952,130.0918391863036
IFE/rhino9.aca,2892,20-44-55,2026-04-29,20:44:55,2026-04-29T20:44:55,150.1500000000001,0.248,4.6835,126.71198770021238,115.34444453236048
IFE/rhino9.aca,2893,20-45-31,2026-04-29,20:45:31,2026-04-29T20:45:31,150.1500000000001,0.291,3.9929,104.17040056884926,104.95538644279775
IFE/rhino9.aca,2894,20-46-07,2026-04-29,20:46:07,2026-04-29T20:46:07,151.4300000000001,0.076,56.111000000000004,592.2863459405555,276.8007991402351
IFE/rhino9.aca,2895,20-46-44,2026-04-29,20:46:44,2026-04-29T20:46:44,151.4300000000001,0.119,13.1148,318.85464871616966,193.19298360379207
IFE/rhino9.aca,2896,20-47-19,2026-04-29,20:47:19,2026-04-29T20:47:19,151.4300000000001,0.16199999999999998,7.848800000000001,216.02758616066984,153.96956396939157
IFE/rhino9.aca,2897,20-47-53,2026-04-29,20:47:53,2026-04-29T20:47:53,151.4300000000001,0.20500000000000002,5.7872,161.4612111650109,131.20084720600767
IFE/rhino9.aca,2898,20-48-28,2026-04-29,20:48:28,2026-04-29T20:48:28,151.4300000000001,0.248,4.6835,127.79218313314213,116.32773383639974
IFE/rhino9.aca,2899,20-49-03,2026-04-29,20:49:03,2026-04-29T20:49:03,151.4300000000001,0.291,3.9929,105.05843328765768,105.85011101587021
IFE/rhino9.aca,2900,20-49-39,2026-04-29,20:49:39,2026-04-29T20:49:39,152.7100000000001,0.076,56.111000000000004,597.2927946153177,279.14052721855285
IFE/rhino9.aca,2901,20-50-14,2026-04-29,20:50:14,2026-04-29T20:50:14,152.7100000000001,0.119,13.1148,321.5498474901451,194.82599568206564
IFE/rhino9.aca,2902,20-50-51,2026-04-29,20:50:51,2026-04-29T20:50:51,152.7100000000001,0.16199999999999998,7.848800000000001,217.85361343591632,155.27103026986657
IFE/rhino9.aca,2903,20-51-26,2026-04-29,20:51:26,2026-04-29T20:51:26,152.7100000000001,0.20500000000000002,5.7872,162.82600248965247,132.30985522571183
IFE/rhino9.aca,2904,20-52-02,2026-04-29,20:52:02,2026-04-29T20:52:02,152.7100000000001,0.248,4.6835,128.87237856608007,117.31102314043878
IFE/rhino9.aca,2905,20-52-38,2026-04-29,20:52:38,2026-04-29T20:52:38,152.7100000000001,0.291,3.9929,105.94646600646175,106.74483558894289
IFE/rhino9.aca,2906,20-53-13,2026-04-29,20:53:13,2026-04-29T20:53:13,153.9900000000001,0.076,56.111000000000004,602.2992432898878,281.48025529687084
IFE/rhino9.aca,2907,20-53-48,2026-04-29,20:53:48,2026-04-29T20:53:48,153.9900000000001,0.119,13.1148,324.24504626423294,196.45900776033926
IFE/rhino9.aca,2908,20-54-23,2026-04-29,20:54:23,2026-04-29T20:54:23,153.9900000000001,0.16199999999999998,7.848800000000001,219.67964071112291,156.57249657034157
IFE/rhino9.aca,2909,20-54-58,2026-04-29,20:54:58,2026-04-29T20:54:58,153.9900000000001,0.20500000000000002,5.7872,164.19079381430439,133.418863245416
IFE/rhino9.aca,2910,20-55-34,2026-04-29,20:55:34,2026-04-29T20:55:34,153.9900000000001,0.248,4.6835,129.95257399905623,118.29431244447807
IFE/rhino9.aca,2911,20-56-10,2026-04-29,20:56:10,2026-04-29T20:56:10,153.9900000000001,0.291,3.9929,106.83449872522814,107.63956016201556
IFE/rhino9.aca,2912,20-56-46,2026-04-29,20:56:46,2026-04-29T20:56:46,155.2700000000001,0.076,56.111000000000004,607.3056919645387,283.8199833751886
IFE/rhino9.aca,2913,20-57-21,2026-04-29,20:57:21,2026-04-29T20:57:21,155.2700000000001,0.119,13.1148,326.9402450382619,198.09201983861277
IFE/rhino9.aca,2914,20-57-57,2026-04-29,20:57:57,2026-04-29T20:57:57,155.2700000000001,0.16199999999999998,7.848800000000001,221.50566798633827,157.87396287081654
IFE/rhino9.aca,2915,20-58-32,2026-04-29,20:58:32,2026-04-29T20:58:32,155.2700000000001,0.20500000000000002,5.7872,165.5555851389132,134.5278712651201
IFE/rhino9.aca,2916,20-59-08,2026-04-29,20:59:08,2026-04-29T20:59:08,155.2700000000001,0.248,4.6835,131.03276943198762,119.27760174851736
IFE/rhino9.aca,2917,20-59-46,2026-04-29,20:59:46,2026-04-29T20:59:46,155.2700000000001,0.291,3.9929,107.72253144404695,108.53428473508816
IFE/rhino9.aca,2918,21-00-24,2026-04-29,21:00:24,2026-04-29T21:00:24,156.5500000000001,0.076,56.111000000000004,612.3121406390259,286.15971145350636
IFE/rhino9.aca,2919,21-01-01,2026-04-29,21:01:01,2026-04-29T21:01:01,156.5500000000001,0.119,13.1148,329.63544381245447,199.72503191688634
IFE/rhino9.aca,2920,21-01-37,2026-04-29,21:01:37,2026-04-29T21:01:37,156.5500000000001,0.16199999999999998,7.848800000000001,223.33169526154052,159.17542917129154
IFE/rhino9.aca,2921,21-02-14,2026-04-29,21:02:14,2026-04-29T21:02:14,156.5500000000001,0.20500000000000002,5.7872,166.92037646356457,135.6368792848242
IFE/rhino9.aca,2922,21-02-50,2026-04-29,21:02:50,2026-04-29T21:02:50,156.5500000000001,0.248,4.6835,132.1129648649141,120.26089105255659
IFE/rhino9.aca,2923,21-03-26,2026-04-29,21:03:26,2026-04-29T21:03:26,156.5500000000001,0.291,3.9929,108.61056416284391,109.42900930816079
IFE/rhino9.aca,2924,21-04-02,2026-04-29,21:04:02,2026-04-29T21:04:02,157.8300000000001,0.076,56.111000000000004,617.3185893137248,288.49943953182435
IFE/rhino9.aca,2925,21-04-38,2026-04-29,21:04:38,2026-04-29T21:04:38,157.8300000000001,0.119,13.1148,332.33064258640917,201.35804399515985
IFE/rhino9.aca,2926,21-05-14,2026-04-29,21:05:14,2026-04-29T21:05:14,157.8300000000001,0.16199999999999998,7.848800000000001,225.1577225367455,160.47689547176657
IFE/rhino9.aca,2927,21-05-49,2026-04-29,21:05:49,2026-04-29T21:05:49,157.8300000000001,0.20500000000000002,5.7872,168.2851677882225,136.74588730452734
IFE/rhino9.aca,2928,21-06-27,2026-04-29,21:06:27,2026-04-29T21:06:27,157.8300000000001,0.248,4.6835,133.19316029785423,121.24418035659595
IFE/rhino9.aca,2929,21-07-03,2026-04-29,21:07:03,2026-04-29T21:07:03,157.8300000000001,0.291,3.9929,109.4985968816447,110.32373388123347
IFE/rhino9.aca,2930,21-07-42,2026-04-29,21:07:42,2026-04-29T21:07:42,159.1100000000001,0.076,56.111000000000004,622.3250379885918,290.83916761014154
IFE/rhino9.aca,2931,21-08-19,2026-04-29,21:08:19,2026-04-29T21:08:19,159.1100000000001,0.119,13.1148,335.0258413604468,202.9910560734334
IFE/rhino9.aca,2932,21-08-56,2026-04-29,21:08:56,2026-04-29T21:08:56,159.1100000000001,0.16199999999999998,7.848800000000001,226.98374981192154,161.77836177224157
IFE/rhino9.aca,2933,21-09-33,2026-04-29,21:09:33,2026-04-29T21:09:33,159.1100000000001,0.20500000000000002,5.7872,169.6499591128717,137.85489532423145
IFE/rhino9.aca,2934,21-10-09,2026-04-29,21:10:09,2026-04-29T21:10:09,159.1100000000001,0.248,4.6835,134.2733557308282,122.2274696606352
